Mono path[0] = 'C:/Program Files (x86)/Steam/steamapps/common/Cities Skylines II/Cities2_Data/Managed'
Mono config path = 'C:/Program Files (x86)/Steam/steamapps/common/Cities Skylines II/MonoBleedingEdge/etc'
Input System module state changed to: Initialized.
[PhysX] Initialized MultithreadedTaskDispatcher with 12 workers.
Initialize engine version: 2022.3.62f2 (7670c08855a9)
[Subsystems] Discovering subsystems at path C:/Program Files (x86)/Steam/steamapps/common/Cities Skylines II/Cities2_Data/UnitySubsystems
GfxDevice: creating device client; threaded=1; jobified=1
Direct3D:
    Version:  Direct3D 11.0 [level 11.1]
    Renderer: AMD Radeon RX 6700 XT (ID=0x73df)
    Vendor:   ATI
    VRAM:     12242 MB
    Driver:   32.0.21033.3005
Begin MonoManager ReloadAssembly
- Loaded All Assemblies, in  0.267 seconds
- Finished resetting the current domain, in  0.001 seconds
D3D11 device created for Microsoft Media Foundation video decoding.
<RI> Initializing input.
Using Windows.Gaming.Input
<RI> Input initialized.
<RI> Initialized touch support.
[PhysX] Initialized MultithreadedTaskDispatcher with 12 workers.
UnloadTime: 0.753100 ms
Logs at C:/Users/bwort/AppData/LocalLow/Colossal Order/Cities Skylines II/Logs
Game version: 1.4.2f1 (1382.37156) [5996.32957]
0x00007ffff922350d (UnityPlayer) UnityMain
0x00007ffff9223288 (UnityPlayer) UnityMain
0x00007ffff9209cd9 (UnityPlayer) UnityMain
0x00007ffff98a9e51 (UnityPlayer) UnityMain
0x00007ffff888b105 (UnityPlayer) 
0x0000023042b80f33 (Mono JIT Code) (wrapper managed-to-native) UnityEngine.DebugLogHandler:Internal_Log (UnityEngine.LogType,UnityEngine.LogOption,string,UnityEngine.Object)
0x0000023042b80e4b (Mono JIT Code) UnityEngine.DebugLogHandler:LogFormat (UnityEngine.LogType,UnityEngine.Object,string,object[])
0x00000230411243d3 (Mono JIT Code) Colossal.Logging.CustomLogHandler:LogFormat (UnityEngine.LogType,UnityEngine.Object,string,object[])
0x0000023042b80a00 (Mono JIT Code) UnityEngine.Logger:Log (UnityEngine.LogType,object)
0x0000023042b80928 (Mono JIT Code) UnityEngine.Debug:Log (object)
0x0000023042b806db (Mono JIT Code) Game.SceneFlow.GameManager:SetNativeStackTrace ()
0x0000023042b1666b (Mono JIT Code) Game.SceneFlow.GameManager/<Awake>d__51:MoveNext ()
0x0000023042b15fb3 (Mono JIT Code) System.Runtime.CompilerServices.AsyncVoidMethodBuilder:Start<Game.SceneFlow.GameManager/<Awake>d__51> (Game.SceneFlow.GameManager/<Awake>d__51&)
0x0000023042b15b13 (Mono JIT Code) Game.SceneFlow.GameManager:Awake ()
0x0000022fce6f81c8 (Mono JIT Code) (wrapper runtime-invoke) object:runtime_invoke_void__this__ (object,intptr,intptr,intptr)
0x00007ff810874b7e (mono-2.0-bdwgc) mono_jit_set_domain
0x00007ff8107ad204 (mono-2.0-bdwgc) mono_object_get_virtual_method
0x00007ff8107ad37c (mono-2.0-bdwgc) mono_runtime_invoke
0x00007ffff8ff9765 (UnityPlayer) 
0x00007ffff8f92b44 (UnityPlayer) 
0x00007ffff8f9300f (UnityPlayer) 
0x00007ffff8f92a81 (UnityPlayer) 
0x00007ffff900dd1f (UnityPlayer) 
0x00007ffff8def7db (UnityPlayer) 
0x00007ffff8def257 (UnityPlayer) 
0x00007ffff8df0791 (UnityPlayer) 
0x00007ffff8df0b95 (UnityPlayer) 
0x00007ffff8dde5d0 (UnityPlayer) 
0x00007ffff8dde6ff (UnityPlayer) 
0x00007ffff9028f76 (UnityPlayer) 
0x00007ffff90293ab (UnityPlayer) UnityMain
0x00007ff7fb0611f6 (Cities2) 
0x00007ff96a6ae8d7 (KERNEL32) BaseThreadInitThunk
0x00007ff96bb4c53c (ntdll) RtlUserThreadStart

Type: Desktop
OS: Windows 11  (10.0.26200) 64bit
System memory: 31.927 GB
Graphics device: AMD Radeon RX 6700 XT (Version: Direct3D 11.0 [level 11.1])
Graphics memory: 11.955 GB
Max texture size: 16384
Shader level: 50
3D textures: True
Shadows: True
Compute: True
CPU: AMD Ryzen 9 3900X 12-Core Processor 
Core count: 12
Platform: WindowsPlayer
Screen resolution: 1920x1080x60
Window resolution: 1920x1080
DPI: 96
Rendering Threading Mode: LegacyJobified
CLR: 4.0.30319.42000
Modding runtime: Builtin
Scripting runtime: Mono 6.13.0 (Visual Studio built mono)
0x00007ffff922350d (UnityPlayer) UnityMain
0x00007ffff9223288 (UnityPlayer) UnityMain
0x00007ffff9209cd9 (UnityPlayer) UnityMain
0x00007ffff98a9e51 (UnityPlayer) UnityMain
0x00007ffff888b105 (UnityPlayer) 
0x0000023042b80f33 (Mono JIT Code) (wrapper managed-to-native) UnityEngine.DebugLogHandler:Internal_Log (UnityEngine.LogType,UnityEngine.LogOption,string,UnityEngine.Object)
0x0000023042b80e4b (Mono JIT Code) UnityEngine.DebugLogHandler:LogFormat (UnityEngine.LogType,UnityEngine.Object,string,object[])
0x00000230411243d3 (Mono JIT Code) Colossal.Logging.CustomLogHandler:LogFormat (UnityEngine.LogType,UnityEngine.Object,string,object[])
0x0000023042b80a00 (Mono JIT Code) UnityEngine.Logger:Log (UnityEngine.LogType,object)
0x0000023042b80928 (Mono JIT Code) UnityEngine.Debug:Log (object)
0x0000023042b806fb (Mono JIT Code) Game.SceneFlow.GameManager:SetNativeStackTrace ()
0x0000023042b1666b (Mono JIT Code) Game.SceneFlow.GameManager/<Awake>d__51:MoveNext ()
0x0000023042b15fb3 (Mono JIT Code) System.Runtime.CompilerServices.AsyncVoidMethodBuilder:Start<Game.SceneFlow.GameManager/<Awake>d__51> (Game.SceneFlow.GameManager/<Awake>d__51&)
0x0000023042b15b13 (Mono JIT Code) Game.SceneFlow.GameManager:Awake ()
0x0000022fce6f81c8 (Mono JIT Code) (wrapper runtime-invoke) object:runtime_invoke_void__this__ (object,intptr,intptr,intptr)
0x00007ff810874b7e (mono-2.0-bdwgc) mono_jit_set_domain
0x00007ff8107ad204 (mono-2.0-bdwgc) mono_object_get_virtual_method
0x00007ff8107ad37c (mono-2.0-bdwgc) mono_runtime_invoke
0x00007ffff8ff9765 (UnityPlayer) 
0x00007ffff8f92b44 (UnityPlayer) 
0x00007ffff8f9300f (UnityPlayer) 
0x00007ffff8f92a81 (UnityPlayer) 
0x00007ffff900dd1f (UnityPlayer) 
0x00007ffff8def7db (UnityPlayer) 
0x00007ffff8def257 (UnityPlayer) 
0x00007ffff8df0791 (UnityPlayer) 
0x00007ffff8df0b95 (UnityPlayer) 
0x00007ffff8dde5d0 (UnityPlayer) 
0x00007ffff8dde6ff (UnityPlayer) 
0x00007ffff9028f76 (UnityPlayer) 
0x00007ffff90293ab (UnityPlayer) UnityMain
0x00007ff7fb0611f6 (Cities2) 
0x00007ff96a6ae8d7 (KERNEL32) BaseThreadInitThunk
0x00007ff96bb4c53c (ntdll) RtlUserThreadStart

[FileSystem] [WARN]  Collision detected with new Asset C:/Users/bwort/AppData/LocalLow/Colossal Order/Cities Skylines II/.cache/Mods/mods_subscribed/90794_14/RailPack.cok:RailPack/AymenTrain/BTramEngine01_LOD1 Mesh/BTramEngine01_LOD1 Mesh.Prefab (c544633a0fcd0c44b230ba9a92c2b983) in data source 'ParadoxModsDataSource' (Last: C:/Users/bwort/AppData/LocalLow/Colossal Order/Cities Skylines II/.cache/Mods/mods_subscribed/90794_14/RailPack.cok:RailPack/AymenTrain/BTramEngine01_LOD1 Mesh/BTramEngine01_LOD1 Mesh.Prefab)
0x00007ffff922350d (UnityPlayer) UnityMain
0x00007ffff9223288 (UnityPlayer) UnityMain
0x00007ffff9209cd9 (UnityPlayer) UnityMain
0x00007ffff98a9e51 (UnityPlayer) UnityMain
0x00007ffff888b105 (UnityPlayer) 
0x0000023042b80f33 (Mono JIT Code) (wrapper managed-to-native) UnityEngine.DebugLogHandler:Internal_Log (UnityEngine.LogType,UnityEngine.LogOption,string,UnityEngine.Object)
0x0000023042b80e4b (Mono JIT Code) UnityEngine.DebugLogHandler:LogFormat (UnityEngine.LogType,UnityEngine.Object,string,object[])
0x0000023041124a6a (Mono JIT Code) Colossal.Logging.CustomLogHandler:PostProcessFormat (UnityEngine.LogType,Colossal.Logging.Level,UnityEngine.Object,string,Colossal.Logging.ILog,System.Exception)
0x00000230411241ab (Mono JIT Code) Colossal.Logging.CustomLogHandler:LogFormat (UnityEngine.LogType,UnityEngine.Object,string,object[])
0x0000023041123e71 (Mono JIT Code) UnityEngine.Logger:LogFormat (UnityEngine.LogType,string,object[])
0x000002304112382d (Mono JIT Code) Colossal.Logging.UnityLogger:Log (Colossal.Logging.Level,string,System.Exception)
0x00000230abd5e193 (Mono JIT Code) Colossal.Logging.UnityLogger:WarnFormat (string,object[])
0x00000230a61e3769 (Mono JIT Code) Colossal.IO.AssetDatabase.FileSystemDataSource:AddEntry (Colossal.IO.AssetDatabase.DataSourceModification,bool,string,System.Type,long,long,bool,Colossal.Hash128,Colossal.Hash128,string,bool,System.Collections.Generic.List`1<System.ValueTuple`2<System.Type, Colossal.IO.AssetDatabase.Identifier>>)
0x00000230a622563b (Mono JIT Code) Colossal.IO.AssetDatabase.FileSystemDataSource:PopulateFromPackage (bool,bool,Colossal.Hash128,long,System.Collections.Generic.List`1<System.ValueTuple`2<System.Type, Colossal.IO.AssetDatabase.Identifier>>)
0x00000230a61e39c3 (Mono JIT Code) Colossal.IO.AssetDatabase.FileSystemDataSource:AddEntry (Colossal.IO.AssetDatabase.DataSourceModification,bool,string,System.Type,long,long,bool,Colossal.Hash128,Colossal.Hash128,string,bool,System.Collections.Generic.List`1<System.ValueTuple`2<System.Type, Colossal.IO.AssetDatabase.Identifier>>)
0x00000230a61e0e7b (Mono JIT Code) Colossal.IO.AssetDatabase.FileSystemDataSource:PopulateFromDirectory (string,bool,System.Threading.CancellationToken,System.Collections.Generic.List`1<System.ValueTuple`2<System.Type, Colossal.IO.AssetDatabase.Identifier>>)
0x00000230abd4b073 (Mono JIT Code) Colossal.IO.AssetDatabase.ParadoxModsDataSource/<OnActivePlaysetChanged>d__24:MoveNext ()
0x0000023042b2f312 (Mono JIT Code) System.Runtime.CompilerServices.AsyncMethodBuilderCore/MoveNextRunner:InvokeMoveNext (object)
0x0000023041222aae (Mono JIT Code) System.Threading.ExecutionContext:RunInternal (System.Threading.ExecutionContext,System.Threading.ContextCallback,object,bool)
0x00000230412223db (Mono JIT Code) System.Threading.ExecutionContext:Run (System.Threading.ExecutionContext,System.Threading.ContextCallback,object,bool)
0x0000023042b2f1cb (Mono JIT Code) System.Runtime.CompilerServices.AsyncMethodBuilderCore/MoveNextRunner:Run ()
0x0000023044ff6cca (Mono JIT Code) System.Threading.Tasks.AwaitTaskContinuation:InvokeAction (object)
0x0000023042b32175 (Mono JIT Code) System.Threading.Tasks.AwaitTaskContinuation:RunCallback (System.Threading.ContextCallback,object,System.Threading.Tasks.Task&)
0x0000023042b31fd3 (Mono JIT Code) System.Threading.Tasks.SynchronizationContextAwaitTaskContinuation:Run (System.Threading.Tasks.Task,bool)
0x0000023042b2ded7 (Mono JIT Code) System.Threading.Tasks.Task:FinishContinuations ()
0x0000023042b2da73 (Mono JIT Code) System.Threading.Tasks.Task:FinishStageThree ()
0x0000023042b2d853 (Mono JIT Code) System.Threading.Tasks.Task`1<System.Threading.Tasks.VoidTaskResult>:TrySetResult (System.Threading.Tasks.VoidTaskResult)
0x0000023042b31083 (Mono JIT Code) System.Runtime.CompilerServices.AsyncTaskMethodBuilder`1<System.Threading.Tasks.VoidTaskResult>:SetResult (System.Threading.Tasks.VoidTaskResult)
0x0000023042b216b3 (Mono JIT Code) System.Runtime.CompilerServices.AsyncTaskMethodBuilder`1<System.Threading.Tasks.VoidTaskResult>:SetResult (System.Threading.Tasks.Task`1<System.Threading.Tasks.VoidTaskResult>)
0x0000023042b2160b (Mono JIT Code) System.Runtime.CompilerServices.AsyncTaskMethodBuilder:SetResult ()
0x00000230abd4cbeb (Mono JIT Code) Game.Threading.UnityTask/<WaitForGPUFrame>d__2:MoveNext ()
0x0000023042b2f312 (Mono JIT Code) System.Runtime.CompilerServices.AsyncMethodBuilderCore/MoveNextRunner:InvokeMoveNext (object)
0x0000023041222aae (Mono JIT Code) System.Threading.ExecutionContext:RunInternal (System.Threading.ExecutionContext,System.Threading.ContextCallback,object,bool)
0x00000230412223db (Mono JIT Code) System.Threading.ExecutionContext:Run (System.Threading.ExecutionContext,System.Threading.ContextCallback,object,bool)
0x0000023042b2f1cb (Mono JIT Code) System.Runtime.CompilerServices.AsyncMethodBuilderCore/MoveNextRunner:Run ()
0x0000023044ff6cca (Mono JIT Code) System.Threading.Tasks.AwaitTaskContinuation:InvokeAction (object)
0x0000023042b32175 (Mono JIT Code) System.Threading.Tasks.AwaitTaskContinuation:RunCallback (System.Threading.ContextCallback,object,System.Threading.Tasks.Task&)
0x0000023042b31fd3 (Mono JIT Code) System.Threading.Tasks.SynchronizationContextAwaitTaskContinuation:Run (System.Threading.Tasks.Task,bool)
0x0000023042b2ded7 (Mono JIT Code) System.Threading.Tasks.Task:FinishContinuations ()
0x0000023042b2da73 (Mono JIT Code) System.Threading.Tasks.Task:FinishStageThree ()
0x0000022fc4b750e3 (Mono JIT Code) System.Threading.Tasks.Task`1<bool>:TrySetResult (bool)
0x0000022fc4b74f93 (Mono JIT Code) System.Threading.Tasks.TaskCompletionSource`1<bool>:TrySetResult (bool)
0x0000022fc4b8c0d3 (Mono JIT Code) System.Threading.Tasks.TaskCompletionSource`1<bool>:SetResult (bool)
0x00000230abd4dbcb (Mono JIT Code) Game.Threading.UnityTask/<>c__DisplayClass2_0:<WaitForGPUFrame>b__0 (UnityEngine.Rendering.AsyncGPUReadbackRequest)
0x0000022fc4b70554 (Mono JIT Code) (wrapper runtime-invoke) <Module>:runtime_invoke_void__this___AsyncGPUReadbackRequest (object,intptr,intptr,intptr)
0x00007ff810874b7e (mono-2.0-bdwgc) mono_jit_set_domain
0x00007ff8107ad204 (mono-2.0-bdwgc) mono_object_get_virtual_method
0x00007ff8107ad37c (mono-2.0-bdwgc) mono_runtime_invoke
0x00007ffff8ce1288 (UnityPlayer) 
0x00007ffff8ce173b (UnityPlayer) 
0x00007ffff8dcf778 (UnityPlayer) 
0x00007ffff8dcf964 (UnityPlayer) 
0x00007ffff8dcfe82 (UnityPlayer) 
0x00007ffff90233db (UnityPlayer) 
0x00007ffff9025dab (UnityPlayer) 
0x00007ffff902910b (UnityPlayer) 
0x00007ffff90293ab (UnityPlayer) UnityMain
0x00007ff7fb0611f6 (Cities2) 
0x00007ff96a6ae8d7 (KERNEL32) BaseThreadInitThunk
0x00007ff96bb4c53c (ntdll) RtlUserThreadStart

[FileSystem] [WARN]  Collision detected with new Asset C:/Users/bwort/AppData/LocalLow/Colossal Order/Cities Skylines II/.cache/Mods/mods_subscribed/90794_14/RailPack.cok:RailPack/AymenTrain/BTramEngine01_LOD2 Mesh/BTramEngine01_LOD2 Mesh.Prefab (31578d5d22969eda0eb48fa6cc88af30) in data source 'ParadoxModsDataSource' (Last: C:/Users/bwort/AppData/LocalLow/Colossal Order/Cities Skylines II/.cache/Mods/mods_subscribed/90794_14/RailPack.cok:RailPack/AymenTrain/BTramEngine01_LOD2 Mesh/BTramEngine01_LOD2 Mesh.Prefab)
0x00007ffff922350d (UnityPlayer) UnityMain
0x00007ffff9223288 (UnityPlayer) UnityMain
0x00007ffff9209cd9 (UnityPlayer) UnityMain
0x00007ffff98a9e51 (UnityPlayer) UnityMain
0x00007ffff888b105 (UnityPlayer) 
0x0000023042b80f33 (Mono JIT Code) (wrapper managed-to-native) UnityEngine.DebugLogHandler:Internal_Log (UnityEngine.LogType,UnityEngine.LogOption,string,UnityEngine.Object)
0x0000023042b80e4b (Mono JIT Code) UnityEngine.DebugLogHandler:LogFormat (UnityEngine.LogType,UnityEngine.Object,string,object[])
0x0000023041124a6a (Mono JIT Code) Colossal.Logging.CustomLogHandler:PostProcessFormat (UnityEngine.LogType,Colossal.Logging.Level,UnityEngine.Object,string,Colossal.Logging.ILog,System.Exception)
0x00000230411241ab (Mono JIT Code) Colossal.Logging.CustomLogHandler:LogFormat (UnityEngine.LogType,UnityEngine.Object,string,object[])
0x0000023041123e71 (Mono JIT Code) UnityEngine.Logger:LogFormat (UnityEngine.LogType,string,object[])
0x000002304112382d (Mono JIT Code) Colossal.Logging.UnityLogger:Log (Colossal.Logging.Level,string,System.Exception)
0x00000230abd5e193 (Mono JIT Code) Colossal.Logging.UnityLogger:WarnFormat (string,object[])
0x00000230a61e3769 (Mono JIT Code) Colossal.IO.AssetDatabase.FileSystemDataSource:AddEntry (Colossal.IO.AssetDatabase.DataSourceModification,bool,string,System.Type,long,long,bool,Colossal.Hash128,Colossal.Hash128,string,bool,System.Collections.Generic.List`1<System.ValueTuple`2<System.Type, Colossal.IO.AssetDatabase.Identifier>>)
0x00000230a622563b (Mono JIT Code) Colossal.IO.AssetDatabase.FileSystemDataSource:PopulateFromPackage (bool,bool,Colossal.Hash128,long,System.Collections.Generic.List`1<System.ValueTuple`2<System.Type, Colossal.IO.AssetDatabase.Identifier>>)
0x00000230a61e39c3 (Mono JIT Code) Colossal.IO.AssetDatabase.FileSystemDataSource:AddEntry (Colossal.IO.AssetDatabase.DataSourceModification,bool,string,System.Type,long,long,bool,Colossal.Hash128,Colossal.Hash128,string,bool,System.Collections.Generic.List`1<System.ValueTuple`2<System.Type, Colossal.IO.AssetDatabase.Identifier>>)
0x00000230a61e0e7b (Mono JIT Code) Colossal.IO.AssetDatabase.FileSystemDataSource:PopulateFromDirectory (string,bool,System.Threading.CancellationToken,System.Collections.Generic.List`1<System.ValueTuple`2<System.Type, Colossal.IO.AssetDatabase.Identifier>>)
0x00000230abd4b073 (Mono JIT Code) Colossal.IO.AssetDatabase.ParadoxModsDataSource/<OnActivePlaysetChanged>d__24:MoveNext ()
0x0000023042b2f312 (Mono JIT Code) System.Runtime.CompilerServices.AsyncMethodBuilderCore/MoveNextRunner:InvokeMoveNext (object)
0x0000023041222aae (Mono JIT Code) System.Threading.ExecutionContext:RunInternal (System.Threading.ExecutionContext,System.Threading.ContextCallback,object,bool)
0x00000230412223db (Mono JIT Code) System.Threading.ExecutionContext:Run (System.Threading.ExecutionContext,System.Threading.ContextCallback,object,bool)
0x0000023042b2f1cb (Mono JIT Code) System.Runtime.CompilerServices.AsyncMethodBuilderCore/MoveNextRunner:Run ()
0x0000023044ff6cca (Mono JIT Code) System.Threading.Tasks.AwaitTaskContinuation:InvokeAction (object)
0x0000023042b32175 (Mono JIT Code) System.Threading.Tasks.AwaitTaskContinuation:RunCallback (System.Threading.ContextCallback,object,System.Threading.Tasks.Task&)
0x0000023042b31fd3 (Mono JIT Code) System.Threading.Tasks.SynchronizationContextAwaitTaskContinuation:Run (System.Threading.Tasks.Task,bool)
0x0000023042b2ded7 (Mono JIT Code) System.Threading.Tasks.Task:FinishContinuations ()
0x0000023042b2da73 (Mono JIT Code) System.Threading.Tasks.Task:FinishStageThree ()
0x0000023042b2d853 (Mono JIT Code) System.Threading.Tasks.Task`1<System.Threading.Tasks.VoidTaskResult>:TrySetResult (System.Threading.Tasks.VoidTaskResult)
0x0000023042b31083 (Mono JIT Code) System.Runtime.CompilerServices.AsyncTaskMethodBuilder`1<System.Threading.Tasks.VoidTaskResult>:SetResult (System.Threading.Tasks.VoidTaskResult)
0x0000023042b216b3 (Mono JIT Code) System.Runtime.CompilerServices.AsyncTaskMethodBuilder`1<System.Threading.Tasks.VoidTaskResult>:SetResult (System.Threading.Tasks.Task`1<System.Threading.Tasks.VoidTaskResult>)
0x0000023042b2160b (Mono JIT Code) System.Runtime.CompilerServices.AsyncTaskMethodBuilder:SetResult ()
0x00000230abd4cbeb (Mono JIT Code) Game.Threading.UnityTask/<WaitForGPUFrame>d__2:MoveNext ()
0x0000023042b2f312 (Mono JIT Code) System.Runtime.CompilerServices.AsyncMethodBuilderCore/MoveNextRunner:InvokeMoveNext (object)
0x0000023041222aae (Mono JIT Code) System.Threading.ExecutionContext:RunInternal (System.Threading.ExecutionContext,System.Threading.ContextCallback,object,bool)
0x00000230412223db (Mono JIT Code) System.Threading.ExecutionContext:Run (System.Threading.ExecutionContext,System.Threading.ContextCallback,object,bool)
0x0000023042b2f1cb (Mono JIT Code) System.Runtime.CompilerServices.AsyncMethodBuilderCore/MoveNextRunner:Run ()
0x0000023044ff6cca (Mono JIT Code) System.Threading.Tasks.AwaitTaskContinuation:InvokeAction (object)
0x0000023042b32175 (Mono JIT Code) System.Threading.Tasks.AwaitTaskContinuation:RunCallback (System.Threading.ContextCallback,object,System.Threading.Tasks.Task&)
0x0000023042b31fd3 (Mono JIT Code) System.Threading.Tasks.SynchronizationContextAwaitTaskContinuation:Run (System.Threading.Tasks.Task,bool)
0x0000023042b2ded7 (Mono JIT Code) System.Threading.Tasks.Task:FinishContinuations ()
0x0000023042b2da73 (Mono JIT Code) System.Threading.Tasks.Task:FinishStageThree ()
0x0000022fc4b750e3 (Mono JIT Code) System.Threading.Tasks.Task`1<bool>:TrySetResult (bool)
0x0000022fc4b74f93 (Mono JIT Code) System.Threading.Tasks.TaskCompletionSource`1<bool>:TrySetResult (bool)
0x0000022fc4b8c0d3 (Mono JIT Code) System.Threading.Tasks.TaskCompletionSource`1<bool>:SetResult (bool)
0x00000230abd4dbcb (Mono JIT Code) Game.Threading.UnityTask/<>c__DisplayClass2_0:<WaitForGPUFrame>b__0 (UnityEngine.Rendering.AsyncGPUReadbackRequest)
0x0000022fc4b70554 (Mono JIT Code) (wrapper runtime-invoke) <Module>:runtime_invoke_void__this___AsyncGPUReadbackRequest (object,intptr,intptr,intptr)
0x00007ff810874b7e (mono-2.0-bdwgc) mono_jit_set_domain
0x00007ff8107ad204 (mono-2.0-bdwgc) mono_object_get_virtual_method
0x00007ff8107ad37c (mono-2.0-bdwgc) mono_runtime_invoke
0x00007ffff8ce1288 (UnityPlayer) 
0x00007ffff8ce173b (UnityPlayer) 
0x00007ffff8dcf778 (UnityPlayer) 
0x00007ffff8dcf964 (UnityPlayer) 
0x00007ffff8dcfe82 (UnityPlayer) 
0x00007ffff90233db (UnityPlayer) 
0x00007ffff9025dab (UnityPlayer) 
0x00007ffff902910b (UnityPlayer) 
0x00007ffff90293ab (UnityPlayer) UnityMain
0x00007ff7fb0611f6 (Cities2) 
0x00007ff96a6ae8d7 (KERNEL32) BaseThreadInitThunk
0x00007ff96bb4c53c (ntdll) RtlUserThreadStart

[FileSystem] [WARN]  Collision detected with new Asset C:/Users/bwort/AppData/LocalLow/Colossal Order/Cities Skylines II/.cache/Mods/mods_subscribed/90794_14/RailPack.cok:RailPack/TO Voyager Class/TO Voyager 2x4/744535f0-9067-4a01-8b36-5e9c5b15b058.png (2309e7f734eb544ab9e97571741c1c90) in data source 'ParadoxModsDataSource' (Last: C:/Users/bwort/AppData/LocalLow/Colossal Order/Cities Skylines II/.cache/Mods/mods_subscribed/90794_14/RailPack.cok:RailPack/TO Voyager Class/TO Voyager 2x4/744535f0-9067-4a01-8b36-5e9c5b15b058.png)
0x00007ffff922350d (UnityPlayer) UnityMain
0x00007ffff9223288 (UnityPlayer) UnityMain
0x00007ffff9209cd9 (UnityPlayer) UnityMain
0x00007ffff98a9e51 (UnityPlayer) UnityMain
0x00007ffff888b105 (UnityPlayer) 
0x0000023042b80f33 (Mono JIT Code) (wrapper managed-to-native) UnityEngine.DebugLogHandler:Internal_Log (UnityEngine.LogType,UnityEngine.LogOption,string,UnityEngine.Object)
0x0000023042b80e4b (Mono JIT Code) UnityEngine.DebugLogHandler:LogFormat (UnityEngine.LogType,UnityEngine.Object,string,object[])
0x0000023041124a6a (Mono JIT Code) Colossal.Logging.CustomLogHandler:PostProcessFormat (UnityEngine.LogType,Colossal.Logging.Level,UnityEngine.Object,string,Colossal.Logging.ILog,System.Exception)
0x00000230411241ab (Mono JIT Code) Colossal.Logging.CustomLogHandler:LogFormat (UnityEngine.LogType,UnityEngine.Object,string,object[])
0x0000023041123e71 (Mono JIT Code) UnityEngine.Logger:LogFormat (UnityEngine.LogType,string,object[])
0x000002304112382d (Mono JIT Code) Colossal.Logging.UnityLogger:Log (Colossal.Logging.Level,string,System.Exception)
0x00000230abd5e193 (Mono JIT Code) Colossal.Logging.UnityLogger:WarnFormat (string,object[])
0x00000230a61e3769 (Mono JIT Code) Colossal.IO.AssetDatabase.FileSystemDataSource:AddEntry (Colossal.IO.AssetDatabase.DataSourceModification,bool,string,System.Type,long,long,bool,Colossal.Hash128,Colossal.Hash128,string,bool,System.Collections.Generic.List`1<System.ValueTuple`2<System.Type, Colossal.IO.AssetDatabase.Identifier>>)
0x00000230a622563b (Mono JIT Code) Colossal.IO.AssetDatabase.FileSystemDataSource:PopulateFromPackage (bool,bool,Colossal.Hash128,long,System.Collections.Generic.List`1<System.ValueTuple`2<System.Type, Colossal.IO.AssetDatabase.Identifier>>)
0x00000230a61e39c3 (Mono JIT Code) Colossal.IO.AssetDatabase.FileSystemDataSource:AddEntry (Colossal.IO.AssetDatabase.DataSourceModification,bool,string,System.Type,long,long,bool,Colossal.Hash128,Colossal.Hash128,string,bool,System.Collections.Generic.List`1<System.ValueTuple`2<System.Type, Colossal.IO.AssetDatabase.Identifier>>)
0x00000230a61e0e7b (Mono JIT Code) Colossal.IO.AssetDatabase.FileSystemDataSource:PopulateFromDirectory (string,bool,System.Threading.CancellationToken,System.Collections.Generic.List`1<System.ValueTuple`2<System.Type, Colossal.IO.AssetDatabase.Identifier>>)
0x00000230abd4b073 (Mono JIT Code) Colossal.IO.AssetDatabase.ParadoxModsDataSource/<OnActivePlaysetChanged>d__24:MoveNext ()
0x0000023042b2f312 (Mono JIT Code) System.Runtime.CompilerServices.AsyncMethodBuilderCore/MoveNextRunner:InvokeMoveNext (object)
0x0000023041222aae (Mono JIT Code) System.Threading.ExecutionContext:RunInternal (System.Threading.ExecutionContext,System.Threading.ContextCallback,object,bool)
0x00000230412223db (Mono JIT Code) System.Threading.ExecutionContext:Run (System.Threading.ExecutionContext,System.Threading.ContextCallback,object,bool)
0x0000023042b2f1cb (Mono JIT Code) System.Runtime.CompilerServices.AsyncMethodBuilderCore/MoveNextRunner:Run ()
0x0000023044ff6cca (Mono JIT Code) System.Threading.Tasks.AwaitTaskContinuation:InvokeAction (object)
0x0000023042b32175 (Mono JIT Code) System.Threading.Tasks.AwaitTaskContinuation:RunCallback (System.Threading.ContextCallback,object,System.Threading.Tasks.Task&)
0x0000023042b31fd3 (Mono JIT Code) System.Threading.Tasks.SynchronizationContextAwaitTaskContinuation:Run (System.Threading.Tasks.Task,bool)
0x0000023042b2ded7 (Mono JIT Code) System.Threading.Tasks.Task:FinishContinuations ()
0x0000023042b2da73 (Mono JIT Code) System.Threading.Tasks.Task:FinishStageThree ()
0x0000023042b2d853 (Mono JIT Code) System.Threading.Tasks.Task`1<System.Threading.Tasks.VoidTaskResult>:TrySetResult (System.Threading.Tasks.VoidTaskResult)
0x0000023042b31083 (Mono JIT Code) System.Runtime.CompilerServices.AsyncTaskMethodBuilder`1<System.Threading.Tasks.VoidTaskResult>:SetResult (System.Threading.Tasks.VoidTaskResult)
0x0000023042b216b3 (Mono JIT Code) System.Runtime.CompilerServices.AsyncTaskMethodBuilder`1<System.Threading.Tasks.VoidTaskResult>:SetResult (System.Threading.Tasks.Task`1<System.Threading.Tasks.VoidTaskResult>)
0x0000023042b2160b (Mono JIT Code) System.Runtime.CompilerServices.AsyncTaskMethodBuilder:SetResult ()
0x00000230abd4cbeb (Mono JIT Code) Game.Threading.UnityTask/<WaitForGPUFrame>d__2:MoveNext ()
0x0000023042b2f312 (Mono JIT Code) System.Runtime.CompilerServices.AsyncMethodBuilderCore/MoveNextRunner:InvokeMoveNext (object)
0x0000023041222aae (Mono JIT Code) System.Threading.ExecutionContext:RunInternal (System.Threading.ExecutionContext,System.Threading.ContextCallback,object,bool)
0x00000230412223db (Mono JIT Code) System.Threading.ExecutionContext:Run (System.Threading.ExecutionContext,System.Threading.ContextCallback,object,bool)
0x0000023042b2f1cb (Mono JIT Code) System.Runtime.CompilerServices.AsyncMethodBuilderCore/MoveNextRunner:Run ()
0x0000023044ff6cca (Mono JIT Code) System.Threading.Tasks.AwaitTaskContinuation:InvokeAction (object)
0x0000023042b32175 (Mono JIT Code) System.Threading.Tasks.AwaitTaskContinuation:RunCallback (System.Threading.ContextCallback,object,System.Threading.Tasks.Task&)
0x0000023042b31fd3 (Mono JIT Code) System.Threading.Tasks.SynchronizationContextAwaitTaskContinuation:Run (System.Threading.Tasks.Task,bool)
0x0000023042b2ded7 (Mono JIT Code) System.Threading.Tasks.Task:FinishContinuations ()
0x0000023042b2da73 (Mono JIT Code) System.Threading.Tasks.Task:FinishStageThree ()
0x0000022fc4b750e3 (Mono JIT Code) System.Threading.Tasks.Task`1<bool>:TrySetResult (bool)
0x0000022fc4b74f93 (Mono JIT Code) System.Threading.Tasks.TaskCompletionSource`1<bool>:TrySetResult (bool)
0x0000022fc4b8c0d3 (Mono JIT Code) System.Threading.Tasks.TaskCompletionSource`1<bool>:SetResult (bool)
0x00000230abd4dbcb (Mono JIT Code) Game.Threading.UnityTask/<>c__DisplayClass2_0:<WaitForGPUFrame>b__0 (UnityEngine.Rendering.AsyncGPUReadbackRequest)
0x0000022fc4b70554 (Mono JIT Code) (wrapper runtime-invoke) <Module>:runtime_invoke_void__this___AsyncGPUReadbackRequest (object,intptr,intptr,intptr)
0x00007ff810874b7e (mono-2.0-bdwgc) mono_jit_set_domain
0x00007ff8107ad204 (mono-2.0-bdwgc) mono_object_get_virtual_method
0x00007ff8107ad37c (mono-2.0-bdwgc) mono_runtime_invoke
0x00007ffff8ce1288 (UnityPlayer) 
0x00007ffff8ce173b (UnityPlayer) 
0x00007ffff8dcf778 (UnityPlayer) 
0x00007ffff8dcf964 (UnityPlayer) 
0x00007ffff8dcfe82 (UnityPlayer) 
0x00007ffff90233db (UnityPlayer) 
0x00007ffff9025dab (UnityPlayer) 
0x00007ffff902910b (UnityPlayer) 
0x00007ffff90293ab (UnityPlayer) UnityMain
0x00007ff7fb0611f6 (Cities2) 
0x00007ff96a6ae8d7 (KERNEL32) BaseThreadInitThunk
0x00007ff96bb4c53c (ntdll) RtlUserThreadStart

[FileSystem] [WARN]  Collision detected with new Asset C:/Users/bwort/AppData/LocalLow/Colossal Order/Cities Skylines II/.cache/Mods/mods_subscribed/90794_14/RailPack.cok:RailPack/TO Voyager Class/TO Voyager 2x5/744535f0-9067-4a01-8b36-5e9c5b15b058.png (2309e7f734eb544ab9e97571741c1c90) in data source 'ParadoxModsDataSource' (Last: C:/Users/bwort/AppData/LocalLow/Colossal Order/Cities Skylines II/.cache/Mods/mods_subscribed/90794_14/RailPack.cok:RailPack/TO Voyager Class/TO Voyager 2x5/744535f0-9067-4a01-8b36-5e9c5b15b058.png)
0x00007ffff922350d (UnityPlayer) UnityMain
0x00007ffff9223288 (UnityPlayer) UnityMain
0x00007ffff9209cd9 (UnityPlayer) UnityMain
0x00007ffff98a9e51 (UnityPlayer) UnityMain
0x00007ffff888b105 (UnityPlayer) 
0x0000023042b80f33 (Mono JIT Code) (wrapper managed-to-native) UnityEngine.DebugLogHandler:Internal_Log (UnityEngine.LogType,UnityEngine.LogOption,string,UnityEngine.Object)
0x0000023042b80e4b (Mono JIT Code) UnityEngine.DebugLogHandler:LogFormat (UnityEngine.LogType,UnityEngine.Object,string,object[])
0x0000023041124a6a (Mono JIT Code) Colossal.Logging.CustomLogHandler:PostProcessFormat (UnityEngine.LogType,Colossal.Logging.Level,UnityEngine.Object,string,Colossal.Logging.ILog,System.Exception)
0x00000230411241ab (Mono JIT Code) Colossal.Logging.CustomLogHandler:LogFormat (UnityEngine.LogType,UnityEngine.Object,string,object[])
0x0000023041123e71 (Mono JIT Code) UnityEngine.Logger:LogFormat (UnityEngine.LogType,string,object[])
0x000002304112382d (Mono JIT Code) Colossal.Logging.UnityLogger:Log (Colossal.Logging.Level,string,System.Exception)
0x00000230abd5e193 (Mono JIT Code) Colossal.Logging.UnityLogger:WarnFormat (string,object[])
0x00000230a61e3769 (Mono JIT Code) Colossal.IO.AssetDatabase.FileSystemDataSource:AddEntry (Colossal.IO.AssetDatabase.DataSourceModification,bool,string,System.Type,long,long,bool,Colossal.Hash128,Colossal.Hash128,string,bool,System.Collections.Generic.List`1<System.ValueTuple`2<System.Type, Colossal.IO.AssetDatabase.Identifier>>)
0x00000230a622563b (Mono JIT Code) Colossal.IO.AssetDatabase.FileSystemDataSource:PopulateFromPackage (bool,bool,Colossal.Hash128,long,System.Collections.Generic.List`1<System.ValueTuple`2<System.Type, Colossal.IO.AssetDatabase.Identifier>>)
0x00000230a61e39c3 (Mono JIT Code) Colossal.IO.AssetDatabase.FileSystemDataSource:AddEntry (Colossal.IO.AssetDatabase.DataSourceModification,bool,string,System.Type,long,long,bool,Colossal.Hash128,Colossal.Hash128,string,bool,System.Collections.Generic.List`1<System.ValueTuple`2<System.Type, Colossal.IO.AssetDatabase.Identifier>>)
0x00000230a61e0e7b (Mono JIT Code) Colossal.IO.AssetDatabase.FileSystemDataSource:PopulateFromDirectory (string,bool,System.Threading.CancellationToken,System.Collections.Generic.List`1<System.ValueTuple`2<System.Type, Colossal.IO.AssetDatabase.Identifier>>)
0x00000230abd4b073 (Mono JIT Code) Colossal.IO.AssetDatabase.ParadoxModsDataSource/<OnActivePlaysetChanged>d__24:MoveNext ()
0x0000023042b2f312 (Mono JIT Code) System.Runtime.CompilerServices.AsyncMethodBuilderCore/MoveNextRunner:InvokeMoveNext (object)
0x0000023041222aae (Mono JIT Code) System.Threading.ExecutionContext:RunInternal (System.Threading.ExecutionContext,System.Threading.ContextCallback,object,bool)
0x00000230412223db (Mono JIT Code) System.Threading.ExecutionContext:Run (System.Threading.ExecutionContext,System.Threading.ContextCallback,object,bool)
0x0000023042b2f1cb (Mono JIT Code) System.Runtime.CompilerServices.AsyncMethodBuilderCore/MoveNextRunner:Run ()
0x0000023044ff6cca (Mono JIT Code) System.Threading.Tasks.AwaitTaskContinuation:InvokeAction (object)
0x0000023042b32175 (Mono JIT Code) System.Threading.Tasks.AwaitTaskContinuation:RunCallback (System.Threading.ContextCallback,object,System.Threading.Tasks.Task&)
0x0000023042b31fd3 (Mono JIT Code) System.Threading.Tasks.SynchronizationContextAwaitTaskContinuation:Run (System.Threading.Tasks.Task,bool)
0x0000023042b2ded7 (Mono JIT Code) System.Threading.Tasks.Task:FinishContinuations ()
0x0000023042b2da73 (Mono JIT Code) System.Threading.Tasks.Task:FinishStageThree ()
0x0000023042b2d853 (Mono JIT Code) System.Threading.Tasks.Task`1<System.Threading.Tasks.VoidTaskResult>:TrySetResult (System.Threading.Tasks.VoidTaskResult)
0x0000023042b31083 (Mono JIT Code) System.Runtime.CompilerServices.AsyncTaskMethodBuilder`1<System.Threading.Tasks.VoidTaskResult>:SetResult (System.Threading.Tasks.VoidTaskResult)
0x0000023042b216b3 (Mono JIT Code) System.Runtime.CompilerServices.AsyncTaskMethodBuilder`1<System.Threading.Tasks.VoidTaskResult>:SetResult (System.Threading.Tasks.Task`1<System.Threading.Tasks.VoidTaskResult>)
0x0000023042b2160b (Mono JIT Code) System.Runtime.CompilerServices.AsyncTaskMethodBuilder:SetResult ()
0x00000230abd4cbeb (Mono JIT Code) Game.Threading.UnityTask/<WaitForGPUFrame>d__2:MoveNext ()
0x0000023042b2f312 (Mono JIT Code) System.Runtime.CompilerServices.AsyncMethodBuilderCore/MoveNextRunner:InvokeMoveNext (object)
0x0000023041222aae (Mono JIT Code) System.Threading.ExecutionContext:RunInternal (System.Threading.ExecutionContext,System.Threading.ContextCallback,object,bool)
0x00000230412223db (Mono JIT Code) System.Threading.ExecutionContext:Run (System.Threading.ExecutionContext,System.Threading.ContextCallback,object,bool)
0x0000023042b2f1cb (Mono JIT Code) System.Runtime.CompilerServices.AsyncMethodBuilderCore/MoveNextRunner:Run ()
0x0000023044ff6cca (Mono JIT Code) System.Threading.Tasks.AwaitTaskContinuation:InvokeAction (object)
0x0000023042b32175 (Mono JIT Code) System.Threading.Tasks.AwaitTaskContinuation:RunCallback (System.Threading.ContextCallback,object,System.Threading.Tasks.Task&)
0x0000023042b31fd3 (Mono JIT Code) System.Threading.Tasks.SynchronizationContextAwaitTaskContinuation:Run (System.Threading.Tasks.Task,bool)
0x0000023042b2ded7 (Mono JIT Code) System.Threading.Tasks.Task:FinishContinuations ()
0x0000023042b2da73 (Mono JIT Code) System.Threading.Tasks.Task:FinishStageThree ()
0x0000022fc4b750e3 (Mono JIT Code) System.Threading.Tasks.Task`1<bool>:TrySetResult (bool)
0x0000022fc4b74f93 (Mono JIT Code) System.Threading.Tasks.TaskCompletionSource`1<bool>:TrySetResult (bool)
0x0000022fc4b8c0d3 (Mono JIT Code) System.Threading.Tasks.TaskCompletionSource`1<bool>:SetResult (bool)
0x00000230abd4dbcb (Mono JIT Code) Game.Threading.UnityTask/<>c__DisplayClass2_0:<WaitForGPUFrame>b__0 (UnityEngine.Rendering.AsyncGPUReadbackRequest)
0x0000022fc4b70554 (Mono JIT Code) (wrapper runtime-invoke) <Module>:runtime_invoke_void__this___AsyncGPUReadbackRequest (object,intptr,intptr,intptr)
0x00007ff810874b7e (mono-2.0-bdwgc) mono_jit_set_domain
0x00007ff8107ad204 (mono-2.0-bdwgc) mono_object_get_virtual_method
0x00007ff8107ad37c (mono-2.0-bdwgc) mono_runtime_invoke
0x00007ffff8ce1288 (UnityPlayer) 
0x00007ffff8ce173b (UnityPlayer) 
0x00007ffff8dcf778 (UnityPlayer) 
0x00007ffff8dcf964 (UnityPlayer) 
0x00007ffff8dcfe82 (UnityPlayer) 
0x00007ffff90233db (UnityPlayer) 
0x00007ffff9025dab (UnityPlayer) 
0x00007ffff902910b (UnityPlayer) 
0x00007ffff90293ab (UnityPlayer) UnityMain
0x00007ff7fb0611f6 (Cities2) 
0x00007ff96a6ae8d7 (KERNEL32) BaseThreadInitThunk
0x00007ff96bb4c53c (ntdll) RtlUserThreadStart

[FileSystem] [WARN]  Collision detected with new Asset C:/Users/bwort/AppData/LocalLow/Colossal Order/Cities Skylines II/.cache/Mods/mods_subscribed/101898_2/USA Southwest Pack.cok:Default_Interior_a5142999e6075ff3ff0e9893a6066e2a.Texture (82b780cbd87f34d0b916546fff8b1c84) in data source 'ParadoxModsDataSource' (Last: C:/Users/bwort/AppData/LocalLow/Colossal Order/Cities Skylines II/.cache/Mods/mods_subscribed/101898_2/USA Southwest Pack.cok:Default_Interior_a5142999e6075ff3ff0e9893a6066e2a.Texture)
0x00007ffff922350d (UnityPlayer) UnityMain
0x00007ffff9223288 (UnityPlayer) UnityMain
0x00007ffff9209cd9 (UnityPlayer) UnityMain
0x00007ffff98a9e51 (UnityPlayer) UnityMain
0x00007ffff888b105 (UnityPlayer) 
0x0000023042b80f33 (Mono JIT Code) (wrapper managed-to-native) UnityEngine.DebugLogHandler:Internal_Log (UnityEngine.LogType,UnityEngine.LogOption,string,UnityEngine.Object)
0x0000023042b80e4b (Mono JIT Code) UnityEngine.DebugLogHandler:LogFormat (UnityEngine.LogType,UnityEngine.Object,string,object[])
0x0000023041124a6a (Mono JIT Code) Colossal.Logging.CustomLogHandler:PostProcessFormat (UnityEngine.LogType,Colossal.Logging.Level,UnityEngine.Object,string,Colossal.Logging.ILog,System.Exception)
0x00000230411241ab (Mono JIT Code) Colossal.Logging.CustomLogHandler:LogFormat (UnityEngine.LogType,UnityEngine.Object,string,object[])
0x0000023041123e71 (Mono JIT Code) UnityEngine.Logger:LogFormat (UnityEngine.LogType,string,object[])
0x000002304112382d (Mono JIT Code) Colossal.Logging.UnityLogger:Log (Colossal.Logging.Level,string,System.Exception)
0x00000230abd5e193 (Mono JIT Code) Colossal.Logging.UnityLogger:WarnFormat (string,object[])
0x00000230a61e3769 (Mono JIT Code) Colossal.IO.AssetDatabase.FileSystemDataSource:AddEntry (Colossal.IO.AssetDatabase.DataSourceModification,bool,string,System.Type,long,long,bool,Colossal.Hash128,Colossal.Hash128,string,bool,System.Collections.Generic.List`1<System.ValueTuple`2<System.Type, Colossal.IO.AssetDatabase.Identifier>>)
0x00000230a622563b (Mono JIT Code) Colossal.IO.AssetDatabase.FileSystemDataSource:PopulateFromPackage (bool,bool,Colossal.Hash128,long,System.Collections.Generic.List`1<System.ValueTuple`2<System.Type, Colossal.IO.AssetDatabase.Identifier>>)
0x00000230a61e39c3 (Mono JIT Code) Colossal.IO.AssetDatabase.FileSystemDataSource:AddEntry (Colossal.IO.AssetDatabase.DataSourceModification,bool,string,System.Type,long,long,bool,Colossal.Hash128,Colossal.Hash128,string,bool,System.Collections.Generic.List`1<System.ValueTuple`2<System.Type, Colossal.IO.AssetDatabase.Identifier>>)
0x00000230a61e0e7b (Mono JIT Code) Colossal.IO.AssetDatabase.FileSystemDataSource:PopulateFromDirectory (string,bool,System.Threading.CancellationToken,System.Collections.Generic.List`1<System.ValueTuple`2<System.Type, Colossal.IO.AssetDatabase.Identifier>>)
0x00000230abd4b073 (Mono JIT Code) Colossal.IO.AssetDatabase.ParadoxModsDataSource/<OnActivePlaysetChanged>d__24:MoveNext ()
0x0000023042b2f312 (Mono JIT Code) System.Runtime.CompilerServices.AsyncMethodBuilderCore/MoveNextRunner:InvokeMoveNext (object)
0x0000023041222aae (Mono JIT Code) System.Threading.ExecutionContext:RunInternal (System.Threading.ExecutionContext,System.Threading.ContextCallback,object,bool)
0x00000230412223db (Mono JIT Code) System.Threading.ExecutionContext:Run (System.Threading.ExecutionContext,System.Threading.ContextCallback,object,bool)
0x0000023042b2f1cb (Mono JIT Code) System.Runtime.CompilerServices.AsyncMethodBuilderCore/MoveNextRunner:Run ()
0x0000023044ff6cca (Mono JIT Code) System.Threading.Tasks.AwaitTaskContinuation:InvokeAction (object)
0x0000023042b32175 (Mono JIT Code) System.Threading.Tasks.AwaitTaskContinuation:RunCallback (System.Threading.ContextCallback,object,System.Threading.Tasks.Task&)
0x0000023042b31fd3 (Mono JIT Code) System.Threading.Tasks.SynchronizationContextAwaitTaskContinuation:Run (System.Threading.Tasks.Task,bool)
0x0000023042b2ded7 (Mono JIT Code) System.Threading.Tasks.Task:FinishContinuations ()
0x0000023042b2da73 (Mono JIT Code) System.Threading.Tasks.Task:FinishStageThree ()
0x0000023042b2d853 (Mono JIT Code) System.Threading.Tasks.Task`1<System.Threading.Tasks.VoidTaskResult>:TrySetResult (System.Threading.Tasks.VoidTaskResult)
0x0000023042b31083 (Mono JIT Code) System.Runtime.CompilerServices.AsyncTaskMethodBuilder`1<System.Threading.Tasks.VoidTaskResult>:SetResult (System.Threading.Tasks.VoidTaskResult)
0x0000023042b216b3 (Mono JIT Code) System.Runtime.CompilerServices.AsyncTaskMethodBuilder`1<System.Threading.Tasks.VoidTaskResult>:SetResult (System.Threading.Tasks.Task`1<System.Threading.Tasks.VoidTaskResult>)
0x0000023042b2160b (Mono JIT Code) System.Runtime.CompilerServices.AsyncTaskMethodBuilder:SetResult ()
0x00000230abd4cbeb (Mono JIT Code) Game.Threading.UnityTask/<WaitForGPUFrame>d__2:MoveNext ()
0x0000023042b2f312 (Mono JIT Code) System.Runtime.CompilerServices.AsyncMethodBuilderCore/MoveNextRunner:InvokeMoveNext (object)
0x0000023041222aae (Mono JIT Code) System.Threading.ExecutionContext:RunInternal (System.Threading.ExecutionContext,System.Threading.ContextCallback,object,bool)
0x00000230412223db (Mono JIT Code) System.Threading.ExecutionContext:Run (System.Threading.ExecutionContext,System.Threading.ContextCallback,object,bool)
0x0000023042b2f1cb (Mono JIT Code) System.Runtime.CompilerServices.AsyncMethodBuilderCore/MoveNextRunner:Run ()
0x0000023044ff6cca (Mono JIT Code) System.Threading.Tasks.AwaitTaskContinuation:InvokeAction (object)
0x0000023042b32175 (Mono JIT Code) System.Threading.Tasks.AwaitTaskContinuation:RunCallback (System.Threading.ContextCallback,object,System.Threading.Tasks.Task&)
0x0000023042b31fd3 (Mono JIT Code) System.Threading.Tasks.SynchronizationContextAwaitTaskContinuation:Run (System.Threading.Tasks.Task,bool)
0x0000023042b2ded7 (Mono JIT Code) System.Threading.Tasks.Task:FinishContinuations ()
0x0000023042b2da73 (Mono JIT Code) System.Threading.Tasks.Task:FinishStageThree ()
0x0000022fc4b750e3 (Mono JIT Code) System.Threading.Tasks.Task`1<bool>:TrySetResult (bool)
0x0000022fc4b74f93 (Mono JIT Code) System.Threading.Tasks.TaskCompletionSource`1<bool>:TrySetResult (bool)
0x0000022fc4b8c0d3 (Mono JIT Code) System.Threading.Tasks.TaskCompletionSource`1<bool>:SetResult (bool)
0x00000230abd4dbcb (Mono JIT Code) Game.Threading.UnityTask/<>c__DisplayClass2_0:<WaitForGPUFrame>b__0 (UnityEngine.Rendering.AsyncGPUReadbackRequest)
0x0000022fc4b70554 (Mono JIT Code) (wrapper runtime-invoke) <Module>:runtime_invoke_void__this___AsyncGPUReadbackRequest (object,intptr,intptr,intptr)
0x00007ff810874b7e (mono-2.0-bdwgc) mono_jit_set_domain
0x00007ff8107ad204 (mono-2.0-bdwgc) mono_object_get_virtual_method
0x00007ff8107ad37c (mono-2.0-bdwgc) mono_runtime_invoke
0x00007ffff8ce1288 (UnityPlayer) 
0x00007ffff8ce173b (UnityPlayer) 
0x00007ffff8dcf778 (UnityPlayer) 
0x00007ffff8dcf964 (UnityPlayer) 
0x00007ffff8dcfe82 (UnityPlayer) 
0x00007ffff90233db (UnityPlayer) 
0x00007ffff9025dab (UnityPlayer) 
0x00007ffff902910b (UnityPlayer) 
0x00007ffff90293ab (UnityPlayer) UnityMain
0x00007ff7fb0611f6 (Cities2) 
0x00007ff96a6ae8d7 (KERNEL32) BaseThreadInitThunk
0x00007ff96bb4c53c (ntdll) RtlUserThreadStart

[FileSystem] [WARN]  Collision detected with new Asset C:/Users/bwort/AppData/LocalLow/Colossal Order/Cities Skylines II/.cache/Mods/mods_subscribed/101898_2/USA Southwest Pack.cok:Office_Decoration_BaseColor_873546e3306873c6b9762a8445984e3b.Texture (6322a6458270151db7aa4841fe9ab7bf) in data source 'ParadoxModsDataSource' (Last: C:/Users/bwort/AppData/LocalLow/Colossal Order/Cities Skylines II/.cache/Mods/mods_subscribed/101898_2/USA Southwest Pack.cok:Office_Decoration_BaseColor_873546e3306873c6b9762a8445984e3b.Texture)
0x00007ffff922350d (UnityPlayer) UnityMain
0x00007ffff9223288 (UnityPlayer) UnityMain
0x00007ffff9209cd9 (UnityPlayer) UnityMain
0x00007ffff98a9e51 (UnityPlayer) UnityMain
0x00007ffff888b105 (UnityPlayer) 
0x0000023042b80f33 (Mono JIT Code) (wrapper managed-to-native) UnityEngine.DebugLogHandler:Internal_Log (UnityEngine.LogType,UnityEngine.LogOption,string,UnityEngine.Object)
0x0000023042b80e4b (Mono JIT Code) UnityEngine.DebugLogHandler:LogFormat (UnityEngine.LogType,UnityEngine.Object,string,object[])
0x0000023041124a6a (Mono JIT Code) Colossal.Logging.CustomLogHandler:PostProcessFormat (UnityEngine.LogType,Colossal.Logging.Level,UnityEngine.Object,string,Colossal.Logging.ILog,System.Exception)
0x00000230411241ab (Mono JIT Code) Colossal.Logging.CustomLogHandler:LogFormat (UnityEngine.LogType,UnityEngine.Object,string,object[])
0x0000023041123e71 (Mono JIT Code) UnityEngine.Logger:LogFormat (UnityEngine.LogType,string,object[])
0x000002304112382d (Mono JIT Code) Colossal.Logging.UnityLogger:Log (Colossal.Logging.Level,string,System.Exception)
0x00000230abd5e193 (Mono JIT Code) Colossal.Logging.UnityLogger:WarnFormat (string,object[])
0x00000230a61e3769 (Mono JIT Code) Colossal.IO.AssetDatabase.FileSystemDataSource:AddEntry (Colossal.IO.AssetDatabase.DataSourceModification,bool,string,System.Type,long,long,bool,Colossal.Hash128,Colossal.Hash128,string,bool,System.Collections.Generic.List`1<System.ValueTuple`2<System.Type, Colossal.IO.AssetDatabase.Identifier>>)
0x00000230a622563b (Mono JIT Code) Colossal.IO.AssetDatabase.FileSystemDataSource:PopulateFromPackage (bool,bool,Colossal.Hash128,long,System.Collections.Generic.List`1<System.ValueTuple`2<System.Type, Colossal.IO.AssetDatabase.Identifier>>)
0x00000230a61e39c3 (Mono JIT Code) Colossal.IO.AssetDatabase.FileSystemDataSource:AddEntry (Colossal.IO.AssetDatabase.DataSourceModification,bool,string,System.Type,long,long,bool,Colossal.Hash128,Colossal.Hash128,string,bool,System.Collections.Generic.List`1<System.ValueTuple`2<System.Type, Colossal.IO.AssetDatabase.Identifier>>)
0x00000230a61e0e7b (Mono JIT Code) Colossal.IO.AssetDatabase.FileSystemDataSource:PopulateFromDirectory (string,bool,System.Threading.CancellationToken,System.Collections.Generic.List`1<System.ValueTuple`2<System.Type, Colossal.IO.AssetDatabase.Identifier>>)
0x00000230abd4b073 (Mono JIT Code) Colossal.IO.AssetDatabase.ParadoxModsDataSource/<OnActivePlaysetChanged>d__24:MoveNext ()
0x0000023042b2f312 (Mono JIT Code) System.Runtime.CompilerServices.AsyncMethodBuilderCore/MoveNextRunner:InvokeMoveNext (object)
0x0000023041222aae (Mono JIT Code) System.Threading.ExecutionContext:RunInternal (System.Threading.ExecutionContext,System.Threading.ContextCallback,object,bool)
0x00000230412223db (Mono JIT Code) System.Threading.ExecutionContext:Run (System.Threading.ExecutionContext,System.Threading.ContextCallback,object,bool)
0x0000023042b2f1cb (Mono JIT Code) System.Runtime.CompilerServices.AsyncMethodBuilderCore/MoveNextRunner:Run ()
0x0000023044ff6cca (Mono JIT Code) System.Threading.Tasks.AwaitTaskContinuation:InvokeAction (object)
0x0000023042b32175 (Mono JIT Code) System.Threading.Tasks.AwaitTaskContinuation:RunCallback (System.Threading.ContextCallback,object,System.Threading.Tasks.Task&)
0x0000023042b31fd3 (Mono JIT Code) System.Threading.Tasks.SynchronizationContextAwaitTaskContinuation:Run (System.Threading.Tasks.Task,bool)
0x0000023042b2ded7 (Mono JIT Code) System.Threading.Tasks.Task:FinishContinuations ()
0x0000023042b2da73 (Mono JIT Code) System.Threading.Tasks.Task:FinishStageThree ()
0x0000023042b2d853 (Mono JIT Code) System.Threading.Tasks.Task`1<System.Threading.Tasks.VoidTaskResult>:TrySetResult (System.Threading.Tasks.VoidTaskResult)
0x0000023042b31083 (Mono JIT Code) System.Runtime.CompilerServices.AsyncTaskMethodBuilder`1<System.Threading.Tasks.VoidTaskResult>:SetResult (System.Threading.Tasks.VoidTaskResult)
0x0000023042b216b3 (Mono JIT Code) System.Runtime.CompilerServices.AsyncTaskMethodBuilder`1<System.Threading.Tasks.VoidTaskResult>:SetResult (System.Threading.Tasks.Task`1<System.Threading.Tasks.VoidTaskResult>)
0x0000023042b2160b (Mono JIT Code) System.Runtime.CompilerServices.AsyncTaskMethodBuilder:SetResult ()
0x00000230abd4cbeb (Mono JIT Code) Game.Threading.UnityTask/<WaitForGPUFrame>d__2:MoveNext ()
0x0000023042b2f312 (Mono JIT Code) System.Runtime.CompilerServices.AsyncMethodBuilderCore/MoveNextRunner:InvokeMoveNext (object)
0x0000023041222aae (Mono JIT Code) System.Threading.ExecutionContext:RunInternal (System.Threading.ExecutionContext,System.Threading.ContextCallback,object,bool)
0x00000230412223db (Mono JIT Code) System.Threading.ExecutionContext:Run (System.Threading.ExecutionContext,System.Threading.ContextCallback,object,bool)
0x0000023042b2f1cb (Mono JIT Code) System.Runtime.CompilerServices.AsyncMethodBuilderCore/MoveNextRunner:Run ()
0x0000023044ff6cca (Mono JIT Code) System.Threading.Tasks.AwaitTaskContinuation:InvokeAction (object)
0x0000023042b32175 (Mono JIT Code) System.Threading.Tasks.AwaitTaskContinuation:RunCallback (System.Threading.ContextCallback,object,System.Threading.Tasks.Task&)
0x0000023042b31fd3 (Mono JIT Code) System.Threading.Tasks.SynchronizationContextAwaitTaskContinuation:Run (System.Threading.Tasks.Task,bool)
0x0000023042b2ded7 (Mono JIT Code) System.Threading.Tasks.Task:FinishContinuations ()
0x0000023042b2da73 (Mono JIT Code) System.Threading.Tasks.Task:FinishStageThree ()
0x0000022fc4b750e3 (Mono JIT Code) System.Threading.Tasks.Task`1<bool>:TrySetResult (bool)
0x0000022fc4b74f93 (Mono JIT Code) System.Threading.Tasks.TaskCompletionSource`1<bool>:TrySetResult (bool)
0x0000022fc4b8c0d3 (Mono JIT Code) System.Threading.Tasks.TaskCompletionSource`1<bool>:SetResult (bool)
0x00000230abd4dbcb (Mono JIT Code) Game.Threading.UnityTask/<>c__DisplayClass2_0:<WaitForGPUFrame>b__0 (UnityEngine.Rendering.AsyncGPUReadbackRequest)
0x0000022fc4b70554 (Mono JIT Code) (wrapper runtime-invoke) <Module>:runtime_invoke_void__this___AsyncGPUReadbackRequest (object,intptr,intptr,intptr)
0x00007ff810874b7e (mono-2.0-bdwgc) mono_jit_set_domain
0x00007ff8107ad204 (mono-2.0-bdwgc) mono_object_get_virtual_method
0x00007ff8107ad37c (mono-2.0-bdwgc) mono_runtime_invoke
0x00007ffff8ce1288 (UnityPlayer) 
0x00007ffff8ce173b (UnityPlayer) 
0x00007ffff8dcf778 (UnityPlayer) 
0x00007ffff8dcf964 (UnityPlayer) 
0x00007ffff8dcfe82 (UnityPlayer) 
0x00007ffff90233db (UnityPlayer) 
0x00007ffff9025dab (UnityPlayer) 
0x00007ffff902910b (UnityPlayer) 
0x00007ffff90293ab (UnityPlayer) UnityMain
0x00007ff7fb0611f6 (Cities2) 
0x00007ff96a6ae8d7 (KERNEL32) BaseThreadInitThunk
0x00007ff96bb4c53c (ntdll) RtlUserThreadStart

[FileSystem] [WARN]  Collision detected with new Asset C:/Users/bwort/AppData/LocalLow/Colossal Order/Cities Skylines II/.cache/Mods/mods_subscribed/101898_2/USA Southwest Pack.cok:Residential_Decoration_BaseColor_fbd6c0beb1fa4247b2ac6d8ceb902378.Texture (baee3f57603b0be4174ee005d692a0be) in data source 'ParadoxModsDataSource' (Last: C:/Users/bwort/AppData/LocalLow/Colossal Order/Cities Skylines II/.cache/Mods/mods_subscribed/101898_2/USA Southwest Pack.cok:Residential_Decoration_BaseColor_fbd6c0beb1fa4247b2ac6d8ceb902378.Texture)
0x00007ffff922350d (UnityPlayer) UnityMain
0x00007ffff9223288 (UnityPlayer) UnityMain
0x00007ffff9209cd9 (UnityPlayer) UnityMain
0x00007ffff98a9e51 (UnityPlayer) UnityMain
0x00007ffff888b105 (UnityPlayer) 
0x0000023042b80f33 (Mono JIT Code) (wrapper managed-to-native) UnityEngine.DebugLogHandler:Internal_Log (UnityEngine.LogType,UnityEngine.LogOption,string,UnityEngine.Object)
0x0000023042b80e4b (Mono JIT Code) UnityEngine.DebugLogHandler:LogFormat (UnityEngine.LogType,UnityEngine.Object,string,object[])
0x0000023041124a6a (Mono JIT Code) Colossal.Logging.CustomLogHandler:PostProcessFormat (UnityEngine.LogType,Colossal.Logging.Level,UnityEngine.Object,string,Colossal.Logging.ILog,System.Exception)
0x00000230411241ab (Mono JIT Code) Colossal.Logging.CustomLogHandler:LogFormat (UnityEngine.LogType,UnityEngine.Object,string,object[])
0x0000023041123e71 (Mono JIT Code) UnityEngine.Logger:LogFormat (UnityEngine.LogType,string,object[])
0x000002304112382d (Mono JIT Code) Colossal.Logging.UnityLogger:Log (Colossal.Logging.Level,string,System.Exception)
0x00000230abd5e193 (Mono JIT Code) Colossal.Logging.UnityLogger:WarnFormat (string,object[])
0x00000230a61e3769 (Mono JIT Code) Colossal.IO.AssetDatabase.FileSystemDataSource:AddEntry (Colossal.IO.AssetDatabase.DataSourceModification,bool,string,System.Type,long,long,bool,Colossal.Hash128,Colossal.Hash128,string,bool,System.Collections.Generic.List`1<System.ValueTuple`2<System.Type, Colossal.IO.AssetDatabase.Identifier>>)
0x00000230a622563b (Mono JIT Code) Colossal.IO.AssetDatabase.FileSystemDataSource:PopulateFromPackage (bool,bool,Colossal.Hash128,long,System.Collections.Generic.List`1<System.ValueTuple`2<System.Type, Colossal.IO.AssetDatabase.Identifier>>)
0x00000230a61e39c3 (Mono JIT Code) Colossal.IO.AssetDatabase.FileSystemDataSource:AddEntry (Colossal.IO.AssetDatabase.DataSourceModification,bool,string,System.Type,long,long,bool,Colossal.Hash128,Colossal.Hash128,string,bool,System.Collections.Generic.List`1<System.ValueTuple`2<System.Type, Colossal.IO.AssetDatabase.Identifier>>)
0x00000230a61e0e7b (Mono JIT Code) Colossal.IO.AssetDatabase.FileSystemDataSource:PopulateFromDirectory (string,bool,System.Threading.CancellationToken,System.Collections.Generic.List`1<System.ValueTuple`2<System.Type, Colossal.IO.AssetDatabase.Identifier>>)
0x00000230abd4b073 (Mono JIT Code) Colossal.IO.AssetDatabase.ParadoxModsDataSource/<OnActivePlaysetChanged>d__24:MoveNext ()
0x0000023042b2f312 (Mono JIT Code) System.Runtime.CompilerServices.AsyncMethodBuilderCore/MoveNextRunner:InvokeMoveNext (object)
0x0000023041222aae (Mono JIT Code) System.Threading.ExecutionContext:RunInternal (System.Threading.ExecutionContext,System.Threading.ContextCallback,object,bool)
0x00000230412223db (Mono JIT Code) System.Threading.ExecutionContext:Run (System.Threading.ExecutionContext,System.Threading.ContextCallback,object,bool)
0x0000023042b2f1cb (Mono JIT Code) System.Runtime.CompilerServices.AsyncMethodBuilderCore/MoveNextRunner:Run ()
0x0000023044ff6cca (Mono JIT Code) System.Threading.Tasks.AwaitTaskContinuation:InvokeAction (object)
0x0000023042b32175 (Mono JIT Code) System.Threading.Tasks.AwaitTaskContinuation:RunCallback (System.Threading.ContextCallback,object,System.Threading.Tasks.Task&)
0x0000023042b31fd3 (Mono JIT Code) System.Threading.Tasks.SynchronizationContextAwaitTaskContinuation:Run (System.Threading.Tasks.Task,bool)
0x0000023042b2ded7 (Mono JIT Code) System.Threading.Tasks.Task:FinishContinuations ()
0x0000023042b2da73 (Mono JIT Code) System.Threading.Tasks.Task:FinishStageThree ()
0x0000023042b2d853 (Mono JIT Code) System.Threading.Tasks.Task`1<System.Threading.Tasks.VoidTaskResult>:TrySetResult (System.Threading.Tasks.VoidTaskResult)
0x0000023042b31083 (Mono JIT Code) System.Runtime.CompilerServices.AsyncTaskMethodBuilder`1<System.Threading.Tasks.VoidTaskResult>:SetResult (System.Threading.Tasks.VoidTaskResult)
0x0000023042b216b3 (Mono JIT Code) System.Runtime.CompilerServices.AsyncTaskMethodBuilder`1<System.Threading.Tasks.VoidTaskResult>:SetResult (System.Threading.Tasks.Task`1<System.Threading.Tasks.VoidTaskResult>)
0x0000023042b2160b (Mono JIT Code) System.Runtime.CompilerServices.AsyncTaskMethodBuilder:SetResult ()
0x00000230abd4cbeb (Mono JIT Code) Game.Threading.UnityTask/<WaitForGPUFrame>d__2:MoveNext ()
0x0000023042b2f312 (Mono JIT Code) System.Runtime.CompilerServices.AsyncMethodBuilderCore/MoveNextRunner:InvokeMoveNext (object)
0x0000023041222aae (Mono JIT Code) System.Threading.ExecutionContext:RunInternal (System.Threading.ExecutionContext,System.Threading.ContextCallback,object,bool)
0x00000230412223db (Mono JIT Code) System.Threading.ExecutionContext:Run (System.Threading.ExecutionContext,System.Threading.ContextCallback,object,bool)
0x0000023042b2f1cb (Mono JIT Code) System.Runtime.CompilerServices.AsyncMethodBuilderCore/MoveNextRunner:Run ()
0x0000023044ff6cca (Mono JIT Code) System.Threading.Tasks.AwaitTaskContinuation:InvokeAction (object)
0x0000023042b32175 (Mono JIT Code) System.Threading.Tasks.AwaitTaskContinuation:RunCallback (System.Threading.ContextCallback,object,System.Threading.Tasks.Task&)
0x0000023042b31fd3 (Mono JIT Code) System.Threading.Tasks.SynchronizationContextAwaitTaskContinuation:Run (System.Threading.Tasks.Task,bool)
0x0000023042b2ded7 (Mono JIT Code) System.Threading.Tasks.Task:FinishContinuations ()
0x0000023042b2da73 (Mono JIT Code) System.Threading.Tasks.Task:FinishStageThree ()
0x0000022fc4b750e3 (Mono JIT Code) System.Threading.Tasks.Task`1<bool>:TrySetResult (bool)
0x0000022fc4b74f93 (Mono JIT Code) System.Threading.Tasks.TaskCompletionSource`1<bool>:TrySetResult (bool)
0x0000022fc4b8c0d3 (Mono JIT Code) System.Threading.Tasks.TaskCompletionSource`1<bool>:SetResult (bool)
0x00000230abd4dbcb (Mono JIT Code) Game.Threading.UnityTask/<>c__DisplayClass2_0:<WaitForGPUFrame>b__0 (UnityEngine.Rendering.AsyncGPUReadbackRequest)
0x0000022fc4b70554 (Mono JIT Code) (wrapper runtime-invoke) <Module>:runtime_invoke_void__this___AsyncGPUReadbackRequest (object,intptr,intptr,intptr)
0x00007ff810874b7e (mono-2.0-bdwgc) mono_jit_set_domain
0x00007ff8107ad204 (mono-2.0-bdwgc) mono_object_get_virtual_method
0x00007ff8107ad37c (mono-2.0-bdwgc) mono_runtime_invoke
0x00007ffff8ce1288 (UnityPlayer) 
0x00007ffff8ce173b (UnityPlayer) 
0x00007ffff8dcf778 (UnityPlayer) 
0x00007ffff8dcf964 (UnityPlayer) 
0x00007ffff8dcfe82 (UnityPlayer) 
0x00007ffff90233db (UnityPlayer) 
0x00007ffff9025dab (UnityPlayer) 
0x00007ffff902910b (UnityPlayer) 
0x00007ffff90293ab (UnityPlayer) UnityMain
0x00007ff7fb0611f6 (Cities2) 
0x00007ff96a6ae8d7 (KERNEL32) BaseThreadInitThunk
0x00007ff96bb4c53c (ntdll) RtlUserThreadStart

[FileSystem] [WARN]  Collision detected with new Asset C:/Users/bwort/AppData/LocalLow/Colossal Order/Cities Skylines II/.cache/Mods/mods_subscribed/101898_2/USA Southwest Pack.cok:Office_Decoration_BaseColor_f786cdb7da58758a65941a6f94b111a9.Texture (92ad64d129a65a978ef54ad2ca7f0cc9) in data source 'ParadoxModsDataSource' (Last: C:/Users/bwort/AppData/LocalLow/Colossal Order/Cities Skylines II/.cache/Mods/mods_subscribed/101898_2/USA Southwest Pack.cok:Office_Decoration_BaseColor_f786cdb7da58758a65941a6f94b111a9.Texture)
0x00007ffff922350d (UnityPlayer) UnityMain
0x00007ffff9223288 (UnityPlayer) UnityMain
0x00007ffff9209cd9 (UnityPlayer) UnityMain
0x00007ffff98a9e51 (UnityPlayer) UnityMain
0x00007ffff888b105 (UnityPlayer) 
0x0000023042b80f33 (Mono JIT Code) (wrapper managed-to-native) UnityEngine.DebugLogHandler:Internal_Log (UnityEngine.LogType,UnityEngine.LogOption,string,UnityEngine.Object)
0x0000023042b80e4b (Mono JIT Code) UnityEngine.DebugLogHandler:LogFormat (UnityEngine.LogType,UnityEngine.Object,string,object[])
0x0000023041124a6a (Mono JIT Code) Colossal.Logging.CustomLogHandler:PostProcessFormat (UnityEngine.LogType,Colossal.Logging.Level,UnityEngine.Object,string,Colossal.Logging.ILog,System.Exception)
0x00000230411241ab (Mono JIT Code) Colossal.Logging.CustomLogHandler:LogFormat (UnityEngine.LogType,UnityEngine.Object,string,object[])
0x0000023041123e71 (Mono JIT Code) UnityEngine.Logger:LogFormat (UnityEngine.LogType,string,object[])
0x000002304112382d (Mono JIT Code) Colossal.Logging.UnityLogger:Log (Colossal.Logging.Level,string,System.Exception)
0x00000230abd5e193 (Mono JIT Code) Colossal.Logging.UnityLogger:WarnFormat (string,object[])
0x00000230a61e3769 (Mono JIT Code) Colossal.IO.AssetDatabase.FileSystemDataSource:AddEntry (Colossal.IO.AssetDatabase.DataSourceModification,bool,string,System.Type,long,long,bool,Colossal.Hash128,Colossal.Hash128,string,bool,System.Collections.Generic.List`1<System.ValueTuple`2<System.Type, Colossal.IO.AssetDatabase.Identifier>>)
0x00000230a622563b (Mono JIT Code) Colossal.IO.AssetDatabase.FileSystemDataSource:PopulateFromPackage (bool,bool,Colossal.Hash128,long,System.Collections.Generic.List`1<System.ValueTuple`2<System.Type, Colossal.IO.AssetDatabase.Identifier>>)
0x00000230a61e39c3 (Mono JIT Code) Colossal.IO.AssetDatabase.FileSystemDataSource:AddEntry (Colossal.IO.AssetDatabase.DataSourceModification,bool,string,System.Type,long,long,bool,Colossal.Hash128,Colossal.Hash128,string,bool,System.Collections.Generic.List`1<System.ValueTuple`2<System.Type, Colossal.IO.AssetDatabase.Identifier>>)
0x00000230a61e0e7b (Mono JIT Code) Colossal.IO.AssetDatabase.FileSystemDataSource:PopulateFromDirectory (string,bool,System.Threading.CancellationToken,System.Collections.Generic.List`1<System.ValueTuple`2<System.Type, Colossal.IO.AssetDatabase.Identifier>>)
0x00000230abd4b073 (Mono JIT Code) Colossal.IO.AssetDatabase.ParadoxModsDataSource/<OnActivePlaysetChanged>d__24:MoveNext ()
0x0000023042b2f312 (Mono JIT Code) System.Runtime.CompilerServices.AsyncMethodBuilderCore/MoveNextRunner:InvokeMoveNext (object)
0x0000023041222aae (Mono JIT Code) System.Threading.ExecutionContext:RunInternal (System.Threading.ExecutionContext,System.Threading.ContextCallback,object,bool)
0x00000230412223db (Mono JIT Code) System.Threading.ExecutionContext:Run (System.Threading.ExecutionContext,System.Threading.ContextCallback,object,bool)
0x0000023042b2f1cb (Mono JIT Code) System.Runtime.CompilerServices.AsyncMethodBuilderCore/MoveNextRunner:Run ()
0x0000023044ff6cca (Mono JIT Code) System.Threading.Tasks.AwaitTaskContinuation:InvokeAction (object)
0x0000023042b32175 (Mono JIT Code) System.Threading.Tasks.AwaitTaskContinuation:RunCallback (System.Threading.ContextCallback,object,System.Threading.Tasks.Task&)
0x0000023042b31fd3 (Mono JIT Code) System.Threading.Tasks.SynchronizationContextAwaitTaskContinuation:Run (System.Threading.Tasks.Task,bool)
0x0000023042b2ded7 (Mono JIT Code) System.Threading.Tasks.Task:FinishContinuations ()
0x0000023042b2da73 (Mono JIT Code) System.Threading.Tasks.Task:FinishStageThree ()
0x0000023042b2d853 (Mono JIT Code) System.Threading.Tasks.Task`1<System.Threading.Tasks.VoidTaskResult>:TrySetResult (System.Threading.Tasks.VoidTaskResult)
0x0000023042b31083 (Mono JIT Code) System.Runtime.CompilerServices.AsyncTaskMethodBuilder`1<System.Threading.Tasks.VoidTaskResult>:SetResult (System.Threading.Tasks.VoidTaskResult)
0x0000023042b216b3 (Mono JIT Code) System.Runtime.CompilerServices.AsyncTaskMethodBuilder`1<System.Threading.Tasks.VoidTaskResult>:SetResult (System.Threading.Tasks.Task`1<System.Threading.Tasks.VoidTaskResult>)
0x0000023042b2160b (Mono JIT Code) System.Runtime.CompilerServices.AsyncTaskMethodBuilder:SetResult ()
0x00000230abd4cbeb (Mono JIT Code) Game.Threading.UnityTask/<WaitForGPUFrame>d__2:MoveNext ()
0x0000023042b2f312 (Mono JIT Code) System.Runtime.CompilerServices.AsyncMethodBuilderCore/MoveNextRunner:InvokeMoveNext (object)
0x0000023041222aae (Mono JIT Code) System.Threading.ExecutionContext:RunInternal (System.Threading.ExecutionContext,System.Threading.ContextCallback,object,bool)
0x00000230412223db (Mono JIT Code) System.Threading.ExecutionContext:Run (System.Threading.ExecutionContext,System.Threading.ContextCallback,object,bool)
0x0000023042b2f1cb (Mono JIT Code) System.Runtime.CompilerServices.AsyncMethodBuilderCore/MoveNextRunner:Run ()
0x0000023044ff6cca (Mono JIT Code) System.Threading.Tasks.AwaitTaskContinuation:InvokeAction (object)
0x0000023042b32175 (Mono JIT Code) System.Threading.Tasks.AwaitTaskContinuation:RunCallback (System.Threading.ContextCallback,object,System.Threading.Tasks.Task&)
0x0000023042b31fd3 (Mono JIT Code) System.Threading.Tasks.SynchronizationContextAwaitTaskContinuation:Run (System.Threading.Tasks.Task,bool)
0x0000023042b2ded7 (Mono JIT Code) System.Threading.Tasks.Task:FinishContinuations ()
0x0000023042b2da73 (Mono JIT Code) System.Threading.Tasks.Task:FinishStageThree ()
0x0000022fc4b750e3 (Mono JIT Code) System.Threading.Tasks.Task`1<bool>:TrySetResult (bool)
0x0000022fc4b74f93 (Mono JIT Code) System.Threading.Tasks.TaskCompletionSource`1<bool>:TrySetResult (bool)
0x0000022fc4b8c0d3 (Mono JIT Code) System.Threading.Tasks.TaskCompletionSource`1<bool>:SetResult (bool)
0x00000230abd4dbcb (Mono JIT Code) Game.Threading.UnityTask/<>c__DisplayClass2_0:<WaitForGPUFrame>b__0 (UnityEngine.Rendering.AsyncGPUReadbackRequest)
0x0000022fc4b70554 (Mono JIT Code) (wrapper runtime-invoke) <Module>:runtime_invoke_void__this___AsyncGPUReadbackRequest (object,intptr,intptr,intptr)
0x00007ff810874b7e (mono-2.0-bdwgc) mono_jit_set_domain
0x00007ff8107ad204 (mono-2.0-bdwgc) mono_object_get_virtual_method
0x00007ff8107ad37c (mono-2.0-bdwgc) mono_runtime_invoke
0x00007ffff8ce1288 (UnityPlayer) 
0x00007ffff8ce173b (UnityPlayer) 
0x00007ffff8dcf778 (UnityPlayer) 
0x00007ffff8dcf964 (UnityPlayer) 
0x00007ffff8dcfe82 (UnityPlayer) 
0x00007ffff90233db (UnityPlayer) 
0x00007ffff9025dab (UnityPlayer) 
0x00007ffff902910b (UnityPlayer) 
0x00007ffff90293ab (UnityPlayer) UnityMain
0x00007ff7fb0611f6 (Cities2) 
0x00007ff96a6ae8d7 (KERNEL32) BaseThreadInitThunk
0x00007ff96bb4c53c (ntdll) RtlUserThreadStart

[FileSystem] [WARN]  Collision detected with new Asset C:/Users/bwort/AppData/LocalLow/Colossal Order/Cities Skylines II/.cache/Mods/mods_subscribed/101898_2/USA Southwest Pack.cok:Office_Decoration_Normal_e72fc73cba6e24d905388fecdc4da02d.Texture (0aa51c25eb6bf30ccea0689f5a2eb8c2) in data source 'ParadoxModsDataSource' (Last: C:/Users/bwort/AppData/LocalLow/Colossal Order/Cities Skylines II/.cache/Mods/mods_subscribed/101898_2/USA Southwest Pack.cok:Office_Decoration_Normal_e72fc73cba6e24d905388fecdc4da02d.Texture)
0x00007ffff922350d (UnityPlayer) UnityMain
0x00007ffff9223288 (UnityPlayer) UnityMain
0x00007ffff9209cd9 (UnityPlayer) UnityMain
0x00007ffff98a9e51 (UnityPlayer) UnityMain
0x00007ffff888b105 (UnityPlayer) 
0x0000023042b80f33 (Mono JIT Code) (wrapper managed-to-native) UnityEngine.DebugLogHandler:Internal_Log (UnityEngine.LogType,UnityEngine.LogOption,string,UnityEngine.Object)
0x0000023042b80e4b (Mono JIT Code) UnityEngine.DebugLogHandler:LogFormat (UnityEngine.LogType,UnityEngine.Object,string,object[])
0x0000023041124a6a (Mono JIT Code) Colossal.Logging.CustomLogHandler:PostProcessFormat (UnityEngine.LogType,Colossal.Logging.Level,UnityEngine.Object,string,Colossal.Logging.ILog,System.Exception)
0x00000230411241ab (Mono JIT Code) Colossal.Logging.CustomLogHandler:LogFormat (UnityEngine.LogType,UnityEngine.Object,string,object[])
0x0000023041123e71 (Mono JIT Code) UnityEngine.Logger:LogFormat (UnityEngine.LogType,string,object[])
0x000002304112382d (Mono JIT Code) Colossal.Logging.UnityLogger:Log (Colossal.Logging.Level,string,System.Exception)
0x00000230abd5e193 (Mono JIT Code) Colossal.Logging.UnityLogger:WarnFormat (string,object[])
0x00000230a61e3769 (Mono JIT Code) Colossal.IO.AssetDatabase.FileSystemDataSource:AddEntry (Colossal.IO.AssetDatabase.DataSourceModification,bool,string,System.Type,long,long,bool,Colossal.Hash128,Colossal.Hash128,string,bool,System.Collections.Generic.List`1<System.ValueTuple`2<System.Type, Colossal.IO.AssetDatabase.Identifier>>)
0x00000230a622563b (Mono JIT Code) Colossal.IO.AssetDatabase.FileSystemDataSource:PopulateFromPackage (bool,bool,Colossal.Hash128,long,System.Collections.Generic.List`1<System.ValueTuple`2<System.Type, Colossal.IO.AssetDatabase.Identifier>>)
0x00000230a61e39c3 (Mono JIT Code) Colossal.IO.AssetDatabase.FileSystemDataSource:AddEntry (Colossal.IO.AssetDatabase.DataSourceModification,bool,string,System.Type,long,long,bool,Colossal.Hash128,Colossal.Hash128,string,bool,System.Collections.Generic.List`1<System.ValueTuple`2<System.Type, Colossal.IO.AssetDatabase.Identifier>>)
0x00000230a61e0e7b (Mono JIT Code) Colossal.IO.AssetDatabase.FileSystemDataSource:PopulateFromDirectory (string,bool,System.Threading.CancellationToken,System.Collections.Generic.List`1<System.ValueTuple`2<System.Type, Colossal.IO.AssetDatabase.Identifier>>)
0x00000230abd4b073 (Mono JIT Code) Colossal.IO.AssetDatabase.ParadoxModsDataSource/<OnActivePlaysetChanged>d__24:MoveNext ()
0x0000023042b2f312 (Mono JIT Code) System.Runtime.CompilerServices.AsyncMethodBuilderCore/MoveNextRunner:InvokeMoveNext (object)
0x0000023041222aae (Mono JIT Code) System.Threading.ExecutionContext:RunInternal (System.Threading.ExecutionContext,System.Threading.ContextCallback,object,bool)
0x00000230412223db (Mono JIT Code) System.Threading.ExecutionContext:Run (System.Threading.ExecutionContext,System.Threading.ContextCallback,object,bool)
0x0000023042b2f1cb (Mono JIT Code) System.Runtime.CompilerServices.AsyncMethodBuilderCore/MoveNextRunner:Run ()
0x0000023044ff6cca (Mono JIT Code) System.Threading.Tasks.AwaitTaskContinuation:InvokeAction (object)
0x0000023042b32175 (Mono JIT Code) System.Threading.Tasks.AwaitTaskContinuation:RunCallback (System.Threading.ContextCallback,object,System.Threading.Tasks.Task&)
0x0000023042b31fd3 (Mono JIT Code) System.Threading.Tasks.SynchronizationContextAwaitTaskContinuation:Run (System.Threading.Tasks.Task,bool)
0x0000023042b2ded7 (Mono JIT Code) System.Threading.Tasks.Task:FinishContinuations ()
0x0000023042b2da73 (Mono JIT Code) System.Threading.Tasks.Task:FinishStageThree ()
0x0000023042b2d853 (Mono JIT Code) System.Threading.Tasks.Task`1<System.Threading.Tasks.VoidTaskResult>:TrySetResult (System.Threading.Tasks.VoidTaskResult)
0x0000023042b31083 (Mono JIT Code) System.Runtime.CompilerServices.AsyncTaskMethodBuilder`1<System.Threading.Tasks.VoidTaskResult>:SetResult (System.Threading.Tasks.VoidTaskResult)
0x0000023042b216b3 (Mono JIT Code) System.Runtime.CompilerServices.AsyncTaskMethodBuilder`1<System.Threading.Tasks.VoidTaskResult>:SetResult (System.Threading.Tasks.Task`1<System.Threading.Tasks.VoidTaskResult>)
0x0000023042b2160b (Mono JIT Code) System.Runtime.CompilerServices.AsyncTaskMethodBuilder:SetResult ()
0x00000230abd4cbeb (Mono JIT Code) Game.Threading.UnityTask/<WaitForGPUFrame>d__2:MoveNext ()
0x0000023042b2f312 (Mono JIT Code) System.Runtime.CompilerServices.AsyncMethodBuilderCore/MoveNextRunner:InvokeMoveNext (object)
0x0000023041222aae (Mono JIT Code) System.Threading.ExecutionContext:RunInternal (System.Threading.ExecutionContext,System.Threading.ContextCallback,object,bool)
0x00000230412223db (Mono JIT Code) System.Threading.ExecutionContext:Run (System.Threading.ExecutionContext,System.Threading.ContextCallback,object,bool)
0x0000023042b2f1cb (Mono JIT Code) System.Runtime.CompilerServices.AsyncMethodBuilderCore/MoveNextRunner:Run ()
0x0000023044ff6cca (Mono JIT Code) System.Threading.Tasks.AwaitTaskContinuation:InvokeAction (object)
0x0000023042b32175 (Mono JIT Code) System.Threading.Tasks.AwaitTaskContinuation:RunCallback (System.Threading.ContextCallback,object,System.Threading.Tasks.Task&)
0x0000023042b31fd3 (Mono JIT Code) System.Threading.Tasks.SynchronizationContextAwaitTaskContinuation:Run (System.Threading.Tasks.Task,bool)
0x0000023042b2ded7 (Mono JIT Code) System.Threading.Tasks.Task:FinishContinuations ()
0x0000023042b2da73 (Mono JIT Code) System.Threading.Tasks.Task:FinishStageThree ()
0x0000022fc4b750e3 (Mono JIT Code) System.Threading.Tasks.Task`1<bool>:TrySetResult (bool)
0x0000022fc4b74f93 (Mono JIT Code) System.Threading.Tasks.TaskCompletionSource`1<bool>:TrySetResult (bool)
0x0000022fc4b8c0d3 (Mono JIT Code) System.Threading.Tasks.TaskCompletionSource`1<bool>:SetResult (bool)
0x00000230abd4dbcb (Mono JIT Code) Game.Threading.UnityTask/<>c__DisplayClass2_0:<WaitForGPUFrame>b__0 (UnityEngine.Rendering.AsyncGPUReadbackRequest)
0x0000022fc4b70554 (Mono JIT Code) (wrapper runtime-invoke) <Module>:runtime_invoke_void__this___AsyncGPUReadbackRequest (object,intptr,intptr,intptr)
0x00007ff810874b7e (mono-2.0-bdwgc) mono_jit_set_domain
0x00007ff8107ad204 (mono-2.0-bdwgc) mono_object_get_virtual_method
0x00007ff8107ad37c (mono-2.0-bdwgc) mono_runtime_invoke
0x00007ffff8ce1288 (UnityPlayer) 
0x00007ffff8ce173b (UnityPlayer) 
0x00007ffff8dcf778 (UnityPlayer) 
0x00007ffff8dcf964 (UnityPlayer) 
0x00007ffff8dcfe82 (UnityPlayer) 
0x00007ffff90233db (UnityPlayer) 
0x00007ffff9025dab (UnityPlayer) 
0x00007ffff902910b (UnityPlayer) 
0x00007ffff90293ab (UnityPlayer) UnityMain
0x00007ff7fb0611f6 (Cities2) 
0x00007ff96a6ae8d7 (KERNEL32) BaseThreadInitThunk
0x00007ff96bb4c53c (ntdll) RtlUserThreadStart

[FileSystem] [WARN]  Collision detected with new Asset C:/Users/bwort/AppData/LocalLow/Colossal Order/Cities Skylines II/.cache/Mods/mods_subscribed/101898_2/USA Southwest Pack.cok:Office_Decoration_Normal_b88cb177d1695b10c674b79ce1ae8765.Texture (7939e8cf40087ba4d233518ced51cecb) in data source 'ParadoxModsDataSource' (Last: C:/Users/bwort/AppData/LocalLow/Colossal Order/Cities Skylines II/.cache/Mods/mods_subscribed/101898_2/USA Southwest Pack.cok:Office_Decoration_Normal_b88cb177d1695b10c674b79ce1ae8765.Texture)
0x00007ffff922350d (UnityPlayer) UnityMain
0x00007ffff9223288 (UnityPlayer) UnityMain
0x00007ffff9209cd9 (UnityPlayer) UnityMain
0x00007ffff98a9e51 (UnityPlayer) UnityMain
0x00007ffff888b105 (UnityPlayer) 
0x0000023042b80f33 (Mono JIT Code) (wrapper managed-to-native) UnityEngine.DebugLogHandler:Internal_Log (UnityEngine.LogType,UnityEngine.LogOption,string,UnityEngine.Object)
0x0000023042b80e4b (Mono JIT Code) UnityEngine.DebugLogHandler:LogFormat (UnityEngine.LogType,UnityEngine.Object,string,object[])
0x0000023041124a6a (Mono JIT Code) Colossal.Logging.CustomLogHandler:PostProcessFormat (UnityEngine.LogType,Colossal.Logging.Level,UnityEngine.Object,string,Colossal.Logging.ILog,System.Exception)
0x00000230411241ab (Mono JIT Code) Colossal.Logging.CustomLogHandler:LogFormat (UnityEngine.LogType,UnityEngine.Object,string,object[])
0x0000023041123e71 (Mono JIT Code) UnityEngine.Logger:LogFormat (UnityEngine.LogType,string,object[])
0x000002304112382d (Mono JIT Code) Colossal.Logging.UnityLogger:Log (Colossal.Logging.Level,string,System.Exception)
0x00000230abd5e193 (Mono JIT Code) Colossal.Logging.UnityLogger:WarnFormat (string,object[])
0x00000230a61e3769 (Mono JIT Code) Colossal.IO.AssetDatabase.FileSystemDataSource:AddEntry (Colossal.IO.AssetDatabase.DataSourceModification,bool,string,System.Type,long,long,bool,Colossal.Hash128,Colossal.Hash128,string,bool,System.Collections.Generic.List`1<System.ValueTuple`2<System.Type, Colossal.IO.AssetDatabase.Identifier>>)
0x00000230a622563b (Mono JIT Code) Colossal.IO.AssetDatabase.FileSystemDataSource:PopulateFromPackage (bool,bool,Colossal.Hash128,long,System.Collections.Generic.List`1<System.ValueTuple`2<System.Type, Colossal.IO.AssetDatabase.Identifier>>)
0x00000230a61e39c3 (Mono JIT Code) Colossal.IO.AssetDatabase.FileSystemDataSource:AddEntry (Colossal.IO.AssetDatabase.DataSourceModification,bool,string,System.Type,long,long,bool,Colossal.Hash128,Colossal.Hash128,string,bool,System.Collections.Generic.List`1<System.ValueTuple`2<System.Type, Colossal.IO.AssetDatabase.Identifier>>)
0x00000230a61e0e7b (Mono JIT Code) Colossal.IO.AssetDatabase.FileSystemDataSource:PopulateFromDirectory (string,bool,System.Threading.CancellationToken,System.Collections.Generic.List`1<System.ValueTuple`2<System.Type, Colossal.IO.AssetDatabase.Identifier>>)
0x00000230abd4b073 (Mono JIT Code) Colossal.IO.AssetDatabase.ParadoxModsDataSource/<OnActivePlaysetChanged>d__24:MoveNext ()
0x0000023042b2f312 (Mono JIT Code) System.Runtime.CompilerServices.AsyncMethodBuilderCore/MoveNextRunner:InvokeMoveNext (object)
0x0000023041222aae (Mono JIT Code) System.Threading.ExecutionContext:RunInternal (System.Threading.ExecutionContext,System.Threading.ContextCallback,object,bool)
0x00000230412223db (Mono JIT Code) System.Threading.ExecutionContext:Run (System.Threading.ExecutionContext,System.Threading.ContextCallback,object,bool)
0x0000023042b2f1cb (Mono JIT Code) System.Runtime.CompilerServices.AsyncMethodBuilderCore/MoveNextRunner:Run ()
0x0000023044ff6cca (Mono JIT Code) System.Threading.Tasks.AwaitTaskContinuation:InvokeAction (object)
0x0000023042b32175 (Mono JIT Code) System.Threading.Tasks.AwaitTaskContinuation:RunCallback (System.Threading.ContextCallback,object,System.Threading.Tasks.Task&)
0x0000023042b31fd3 (Mono JIT Code) System.Threading.Tasks.SynchronizationContextAwaitTaskContinuation:Run (System.Threading.Tasks.Task,bool)
0x0000023042b2ded7 (Mono JIT Code) System.Threading.Tasks.Task:FinishContinuations ()
0x0000023042b2da73 (Mono JIT Code) System.Threading.Tasks.Task:FinishStageThree ()
0x0000023042b2d853 (Mono JIT Code) System.Threading.Tasks.Task`1<System.Threading.Tasks.VoidTaskResult>:TrySetResult (System.Threading.Tasks.VoidTaskResult)
0x0000023042b31083 (Mono JIT Code) System.Runtime.CompilerServices.AsyncTaskMethodBuilder`1<System.Threading.Tasks.VoidTaskResult>:SetResult (System.Threading.Tasks.VoidTaskResult)
0x0000023042b216b3 (Mono JIT Code) System.Runtime.CompilerServices.AsyncTaskMethodBuilder`1<System.Threading.Tasks.VoidTaskResult>:SetResult (System.Threading.Tasks.Task`1<System.Threading.Tasks.VoidTaskResult>)
0x0000023042b2160b (Mono JIT Code) System.Runtime.CompilerServices.AsyncTaskMethodBuilder:SetResult ()
0x00000230abd4cbeb (Mono JIT Code) Game.Threading.UnityTask/<WaitForGPUFrame>d__2:MoveNext ()
0x0000023042b2f312 (Mono JIT Code) System.Runtime.CompilerServices.AsyncMethodBuilderCore/MoveNextRunner:InvokeMoveNext (object)
0x0000023041222aae (Mono JIT Code) System.Threading.ExecutionContext:RunInternal (System.Threading.ExecutionContext,System.Threading.ContextCallback,object,bool)
0x00000230412223db (Mono JIT Code) System.Threading.ExecutionContext:Run (System.Threading.ExecutionContext,System.Threading.ContextCallback,object,bool)
0x0000023042b2f1cb (Mono JIT Code) System.Runtime.CompilerServices.AsyncMethodBuilderCore/MoveNextRunner:Run ()
0x0000023044ff6cca (Mono JIT Code) System.Threading.Tasks.AwaitTaskContinuation:InvokeAction (object)
0x0000023042b32175 (Mono JIT Code) System.Threading.Tasks.AwaitTaskContinuation:RunCallback (System.Threading.ContextCallback,object,System.Threading.Tasks.Task&)
0x0000023042b31fd3 (Mono JIT Code) System.Threading.Tasks.SynchronizationContextAwaitTaskContinuation:Run (System.Threading.Tasks.Task,bool)
0x0000023042b2ded7 (Mono JIT Code) System.Threading.Tasks.Task:FinishContinuations ()
0x0000023042b2da73 (Mono JIT Code) System.Threading.Tasks.Task:FinishStageThree ()
0x0000022fc4b750e3 (Mono JIT Code) System.Threading.Tasks.Task`1<bool>:TrySetResult (bool)
0x0000022fc4b74f93 (Mono JIT Code) System.Threading.Tasks.TaskCompletionSource`1<bool>:TrySetResult (bool)
0x0000022fc4b8c0d3 (Mono JIT Code) System.Threading.Tasks.TaskCompletionSource`1<bool>:SetResult (bool)
0x00000230abd4dbcb (Mono JIT Code) Game.Threading.UnityTask/<>c__DisplayClass2_0:<WaitForGPUFrame>b__0 (UnityEngine.Rendering.AsyncGPUReadbackRequest)
0x0000022fc4b70554 (Mono JIT Code) (wrapper runtime-invoke) <Module>:runtime_invoke_void__this___AsyncGPUReadbackRequest (object,intptr,intptr,intptr)
0x00007ff810874b7e (mono-2.0-bdwgc) mono_jit_set_domain
0x00007ff8107ad204 (mono-2.0-bdwgc) mono_object_get_virtual_method
0x00007ff8107ad37c (mono-2.0-bdwgc) mono_runtime_invoke
0x00007ffff8ce1288 (UnityPlayer) 
0x00007ffff8ce173b (UnityPlayer) 
0x00007ffff8dcf778 (UnityPlayer) 
0x00007ffff8dcf964 (UnityPlayer) 
0x00007ffff8dcfe82 (UnityPlayer) 
0x00007ffff90233db (UnityPlayer) 
0x00007ffff9025dab (UnityPlayer) 
0x00007ffff902910b (UnityPlayer) 
0x00007ffff90293ab (UnityPlayer) UnityMain
0x00007ff7fb0611f6 (Cities2) 
0x00007ff96a6ae8d7 (KERNEL32) BaseThreadInitThunk
0x00007ff96bb4c53c (ntdll) RtlUserThreadStart

[FileSystem] [WARN]  Collision detected with new Asset C:/Users/bwort/AppData/LocalLow/Colossal Order/Cities Skylines II/.cache/Mods/mods_subscribed/101898_2/USA Southwest Pack.cok:Office_Decoration_BaseColor_382d660fbf6fd6cd68f9c622a850815e.Texture (19cce711483ea511c2cb5cb3a648a758) in data source 'ParadoxModsDataSource' (Last: C:/Users/bwort/AppData/LocalLow/Colossal Order/Cities Skylines II/.cache/Mods/mods_subscribed/101898_2/USA Southwest Pack.cok:Office_Decoration_BaseColor_382d660fbf6fd6cd68f9c622a850815e.Texture)
0x00007ffff922350d (UnityPlayer) UnityMain
0x00007ffff9223288 (UnityPlayer) UnityMain
0x00007ffff9209cd9 (UnityPlayer) UnityMain
0x00007ffff98a9e51 (UnityPlayer) UnityMain
0x00007ffff888b105 (UnityPlayer) 
0x0000023042b80f33 (Mono JIT Code) (wrapper managed-to-native) UnityEngine.DebugLogHandler:Internal_Log (UnityEngine.LogType,UnityEngine.LogOption,string,UnityEngine.Object)
0x0000023042b80e4b (Mono JIT Code) UnityEngine.DebugLogHandler:LogFormat (UnityEngine.LogType,UnityEngine.Object,string,object[])
0x0000023041124a6a (Mono JIT Code) Colossal.Logging.CustomLogHandler:PostProcessFormat (UnityEngine.LogType,Colossal.Logging.Level,UnityEngine.Object,string,Colossal.Logging.ILog,System.Exception)
0x00000230411241ab (Mono JIT Code) Colossal.Logging.CustomLogHandler:LogFormat (UnityEngine.LogType,UnityEngine.Object,string,object[])
0x0000023041123e71 (Mono JIT Code) UnityEngine.Logger:LogFormat (UnityEngine.LogType,string,object[])
0x000002304112382d (Mono JIT Code) Colossal.Logging.UnityLogger:Log (Colossal.Logging.Level,string,System.Exception)
0x00000230abd5e193 (Mono JIT Code) Colossal.Logging.UnityLogger:WarnFormat (string,object[])
0x00000230a61e3769 (Mono JIT Code) Colossal.IO.AssetDatabase.FileSystemDataSource:AddEntry (Colossal.IO.AssetDatabase.DataSourceModification,bool,string,System.Type,long,long,bool,Colossal.Hash128,Colossal.Hash128,string,bool,System.Collections.Generic.List`1<System.ValueTuple`2<System.Type, Colossal.IO.AssetDatabase.Identifier>>)
0x00000230a622563b (Mono JIT Code) Colossal.IO.AssetDatabase.FileSystemDataSource:PopulateFromPackage (bool,bool,Colossal.Hash128,long,System.Collections.Generic.List`1<System.ValueTuple`2<System.Type, Colossal.IO.AssetDatabase.Identifier>>)
0x00000230a61e39c3 (Mono JIT Code) Colossal.IO.AssetDatabase.FileSystemDataSource:AddEntry (Colossal.IO.AssetDatabase.DataSourceModification,bool,string,System.Type,long,long,bool,Colossal.Hash128,Colossal.Hash128,string,bool,System.Collections.Generic.List`1<System.ValueTuple`2<System.Type, Colossal.IO.AssetDatabase.Identifier>>)
0x00000230a61e0e7b (Mono JIT Code) Colossal.IO.AssetDatabase.FileSystemDataSource:PopulateFromDirectory (string,bool,System.Threading.CancellationToken,System.Collections.Generic.List`1<System.ValueTuple`2<System.Type, Colossal.IO.AssetDatabase.Identifier>>)
0x00000230abd4b073 (Mono JIT Code) Colossal.IO.AssetDatabase.ParadoxModsDataSource/<OnActivePlaysetChanged>d__24:MoveNext ()
0x0000023042b2f312 (Mono JIT Code) System.Runtime.CompilerServices.AsyncMethodBuilderCore/MoveNextRunner:InvokeMoveNext (object)
0x0000023041222aae (Mono JIT Code) System.Threading.ExecutionContext:RunInternal (System.Threading.ExecutionContext,System.Threading.ContextCallback,object,bool)
0x00000230412223db (Mono JIT Code) System.Threading.ExecutionContext:Run (System.Threading.ExecutionContext,System.Threading.ContextCallback,object,bool)
0x0000023042b2f1cb (Mono JIT Code) System.Runtime.CompilerServices.AsyncMethodBuilderCore/MoveNextRunner:Run ()
0x0000023044ff6cca (Mono JIT Code) System.Threading.Tasks.AwaitTaskContinuation:InvokeAction (object)
0x0000023042b32175 (Mono JIT Code) System.Threading.Tasks.AwaitTaskContinuation:RunCallback (System.Threading.ContextCallback,object,System.Threading.Tasks.Task&)
0x0000023042b31fd3 (Mono JIT Code) System.Threading.Tasks.SynchronizationContextAwaitTaskContinuation:Run (System.Threading.Tasks.Task,bool)
0x0000023042b2ded7 (Mono JIT Code) System.Threading.Tasks.Task:FinishContinuations ()
0x0000023042b2da73 (Mono JIT Code) System.Threading.Tasks.Task:FinishStageThree ()
0x0000023042b2d853 (Mono JIT Code) System.Threading.Tasks.Task`1<System.Threading.Tasks.VoidTaskResult>:TrySetResult (System.Threading.Tasks.VoidTaskResult)
0x0000023042b31083 (Mono JIT Code) System.Runtime.CompilerServices.AsyncTaskMethodBuilder`1<System.Threading.Tasks.VoidTaskResult>:SetResult (System.Threading.Tasks.VoidTaskResult)
0x0000023042b216b3 (Mono JIT Code) System.Runtime.CompilerServices.AsyncTaskMethodBuilder`1<System.Threading.Tasks.VoidTaskResult>:SetResult (System.Threading.Tasks.Task`1<System.Threading.Tasks.VoidTaskResult>)
0x0000023042b2160b (Mono JIT Code) System.Runtime.CompilerServices.AsyncTaskMethodBuilder:SetResult ()
0x00000230abd4cbeb (Mono JIT Code) Game.Threading.UnityTask/<WaitForGPUFrame>d__2:MoveNext ()
0x0000023042b2f312 (Mono JIT Code) System.Runtime.CompilerServices.AsyncMethodBuilderCore/MoveNextRunner:InvokeMoveNext (object)
0x0000023041222aae (Mono JIT Code) System.Threading.ExecutionContext:RunInternal (System.Threading.ExecutionContext,System.Threading.ContextCallback,object,bool)
0x00000230412223db (Mono JIT Code) System.Threading.ExecutionContext:Run (System.Threading.ExecutionContext,System.Threading.ContextCallback,object,bool)
0x0000023042b2f1cb (Mono JIT Code) System.Runtime.CompilerServices.AsyncMethodBuilderCore/MoveNextRunner:Run ()
0x0000023044ff6cca (Mono JIT Code) System.Threading.Tasks.AwaitTaskContinuation:InvokeAction (object)
0x0000023042b32175 (Mono JIT Code) System.Threading.Tasks.AwaitTaskContinuation:RunCallback (System.Threading.ContextCallback,object,System.Threading.Tasks.Task&)
0x0000023042b31fd3 (Mono JIT Code) System.Threading.Tasks.SynchronizationContextAwaitTaskContinuation:Run (System.Threading.Tasks.Task,bool)
0x0000023042b2ded7 (Mono JIT Code) System.Threading.Tasks.Task:FinishContinuations ()
0x0000023042b2da73 (Mono JIT Code) System.Threading.Tasks.Task:FinishStageThree ()
0x0000022fc4b750e3 (Mono JIT Code) System.Threading.Tasks.Task`1<bool>:TrySetResult (bool)
0x0000022fc4b74f93 (Mono JIT Code) System.Threading.Tasks.TaskCompletionSource`1<bool>:TrySetResult (bool)
0x0000022fc4b8c0d3 (Mono JIT Code) System.Threading.Tasks.TaskCompletionSource`1<bool>:SetResult (bool)
0x00000230abd4dbcb (Mono JIT Code) Game.Threading.UnityTask/<>c__DisplayClass2_0:<WaitForGPUFrame>b__0 (UnityEngine.Rendering.AsyncGPUReadbackRequest)
0x0000022fc4b70554 (Mono JIT Code) (wrapper runtime-invoke) <Module>:runtime_invoke_void__this___AsyncGPUReadbackRequest (object,intptr,intptr,intptr)
0x00007ff810874b7e (mono-2.0-bdwgc) mono_jit_set_domain
0x00007ff8107ad204 (mono-2.0-bdwgc) mono_object_get_virtual_method
0x00007ff8107ad37c (mono-2.0-bdwgc) mono_runtime_invoke
0x00007ffff8ce1288 (UnityPlayer) 
0x00007ffff8ce173b (UnityPlayer) 
0x00007ffff8dcf778 (UnityPlayer) 
0x00007ffff8dcf964 (UnityPlayer) 
0x00007ffff8dcfe82 (UnityPlayer) 
0x00007ffff90233db (UnityPlayer) 
0x00007ffff9025dab (UnityPlayer) 
0x00007ffff902910b (UnityPlayer) 
0x00007ffff90293ab (UnityPlayer) UnityMain
0x00007ff7fb0611f6 (Cities2) 
0x00007ff96a6ae8d7 (KERNEL32) BaseThreadInitThunk
0x00007ff96bb4c53c (ntdll) RtlUserThreadStart

[FileSystem] [WARN]  Collision detected with new Asset C:/Users/bwort/AppData/LocalLow/Colossal Order/Cities Skylines II/.cache/Mods/mods_subscribed/101898_2/USA Southwest Pack.cok:Office_Decoration_BaseColor_9db99d3a6ba82fecbcbdcca796594d6d.Texture (e020f018072247ca673854f54cb89930) in data source 'ParadoxModsDataSource' (Last: C:/Users/bwort/AppData/LocalLow/Colossal Order/Cities Skylines II/.cache/Mods/mods_subscribed/101898_2/USA Southwest Pack.cok:Office_Decoration_BaseColor_9db99d3a6ba82fecbcbdcca796594d6d.Texture)
0x00007ffff922350d (UnityPlayer) UnityMain
0x00007ffff9223288 (UnityPlayer) UnityMain
0x00007ffff9209cd9 (UnityPlayer) UnityMain
0x00007ffff98a9e51 (UnityPlayer) UnityMain
0x00007ffff888b105 (UnityPlayer) 
0x0000023042b80f33 (Mono JIT Code) (wrapper managed-to-native) UnityEngine.DebugLogHandler:Internal_Log (UnityEngine.LogType,UnityEngine.LogOption,string,UnityEngine.Object)
0x0000023042b80e4b (Mono JIT Code) UnityEngine.DebugLogHandler:LogFormat (UnityEngine.LogType,UnityEngine.Object,string,object[])
0x0000023041124a6a (Mono JIT Code) Colossal.Logging.CustomLogHandler:PostProcessFormat (UnityEngine.LogType,Colossal.Logging.Level,UnityEngine.Object,string,Colossal.Logging.ILog,System.Exception)
0x00000230411241ab (Mono JIT Code) Colossal.Logging.CustomLogHandler:LogFormat (UnityEngine.LogType,UnityEngine.Object,string,object[])
0x0000023041123e71 (Mono JIT Code) UnityEngine.Logger:LogFormat (UnityEngine.LogType,string,object[])
0x000002304112382d (Mono JIT Code) Colossal.Logging.UnityLogger:Log (Colossal.Logging.Level,string,System.Exception)
0x00000230abd5e193 (Mono JIT Code) Colossal.Logging.UnityLogger:WarnFormat (string,object[])
0x00000230a61e3769 (Mono JIT Code) Colossal.IO.AssetDatabase.FileSystemDataSource:AddEntry (Colossal.IO.AssetDatabase.DataSourceModification,bool,string,System.Type,long,long,bool,Colossal.Hash128,Colossal.Hash128,string,bool,System.Collections.Generic.List`1<System.ValueTuple`2<System.Type, Colossal.IO.AssetDatabase.Identifier>>)
0x00000230a622563b (Mono JIT Code) Colossal.IO.AssetDatabase.FileSystemDataSource:PopulateFromPackage (bool,bool,Colossal.Hash128,long,System.Collections.Generic.List`1<System.ValueTuple`2<System.Type, Colossal.IO.AssetDatabase.Identifier>>)
0x00000230a61e39c3 (Mono JIT Code) Colossal.IO.AssetDatabase.FileSystemDataSource:AddEntry (Colossal.IO.AssetDatabase.DataSourceModification,bool,string,System.Type,long,long,bool,Colossal.Hash128,Colossal.Hash128,string,bool,System.Collections.Generic.List`1<System.ValueTuple`2<System.Type, Colossal.IO.AssetDatabase.Identifier>>)
0x00000230a61e0e7b (Mono JIT Code) Colossal.IO.AssetDatabase.FileSystemDataSource:PopulateFromDirectory (string,bool,System.Threading.CancellationToken,System.Collections.Generic.List`1<System.ValueTuple`2<System.Type, Colossal.IO.AssetDatabase.Identifier>>)
0x00000230abd4b073 (Mono JIT Code) Colossal.IO.AssetDatabase.ParadoxModsDataSource/<OnActivePlaysetChanged>d__24:MoveNext ()
0x0000023042b2f312 (Mono JIT Code) System.Runtime.CompilerServices.AsyncMethodBuilderCore/MoveNextRunner:InvokeMoveNext (object)
0x0000023041222aae (Mono JIT Code) System.Threading.ExecutionContext:RunInternal (System.Threading.ExecutionContext,System.Threading.ContextCallback,object,bool)
0x00000230412223db (Mono JIT Code) System.Threading.ExecutionContext:Run (System.Threading.ExecutionContext,System.Threading.ContextCallback,object,bool)
0x0000023042b2f1cb (Mono JIT Code) System.Runtime.CompilerServices.AsyncMethodBuilderCore/MoveNextRunner:Run ()
0x0000023044ff6cca (Mono JIT Code) System.Threading.Tasks.AwaitTaskContinuation:InvokeAction (object)
0x0000023042b32175 (Mono JIT Code) System.Threading.Tasks.AwaitTaskContinuation:RunCallback (System.Threading.ContextCallback,object,System.Threading.Tasks.Task&)
0x0000023042b31fd3 (Mono JIT Code) System.Threading.Tasks.SynchronizationContextAwaitTaskContinuation:Run (System.Threading.Tasks.Task,bool)
0x0000023042b2ded7 (Mono JIT Code) System.Threading.Tasks.Task:FinishContinuations ()
0x0000023042b2da73 (Mono JIT Code) System.Threading.Tasks.Task:FinishStageThree ()
0x0000023042b2d853 (Mono JIT Code) System.Threading.Tasks.Task`1<System.Threading.Tasks.VoidTaskResult>:TrySetResult (System.Threading.Tasks.VoidTaskResult)
0x0000023042b31083 (Mono JIT Code) System.Runtime.CompilerServices.AsyncTaskMethodBuilder`1<System.Threading.Tasks.VoidTaskResult>:SetResult (System.Threading.Tasks.VoidTaskResult)
0x0000023042b216b3 (Mono JIT Code) System.Runtime.CompilerServices.AsyncTaskMethodBuilder`1<System.Threading.Tasks.VoidTaskResult>:SetResult (System.Threading.Tasks.Task`1<System.Threading.Tasks.VoidTaskResult>)
0x0000023042b2160b (Mono JIT Code) System.Runtime.CompilerServices.AsyncTaskMethodBuilder:SetResult ()
0x00000230abd4cbeb (Mono JIT Code) Game.Threading.UnityTask/<WaitForGPUFrame>d__2:MoveNext ()
0x0000023042b2f312 (Mono JIT Code) System.Runtime.CompilerServices.AsyncMethodBuilderCore/MoveNextRunner:InvokeMoveNext (object)
0x0000023041222aae (Mono JIT Code) System.Threading.ExecutionContext:RunInternal (System.Threading.ExecutionContext,System.Threading.ContextCallback,object,bool)
0x00000230412223db (Mono JIT Code) System.Threading.ExecutionContext:Run (System.Threading.ExecutionContext,System.Threading.ContextCallback,object,bool)
0x0000023042b2f1cb (Mono JIT Code) System.Runtime.CompilerServices.AsyncMethodBuilderCore/MoveNextRunner:Run ()
0x0000023044ff6cca (Mono JIT Code) System.Threading.Tasks.AwaitTaskContinuation:InvokeAction (object)
0x0000023042b32175 (Mono JIT Code) System.Threading.Tasks.AwaitTaskContinuation:RunCallback (System.Threading.ContextCallback,object,System.Threading.Tasks.Task&)
0x0000023042b31fd3 (Mono JIT Code) System.Threading.Tasks.SynchronizationContextAwaitTaskContinuation:Run (System.Threading.Tasks.Task,bool)
0x0000023042b2ded7 (Mono JIT Code) System.Threading.Tasks.Task:FinishContinuations ()
0x0000023042b2da73 (Mono JIT Code) System.Threading.Tasks.Task:FinishStageThree ()
0x0000022fc4b750e3 (Mono JIT Code) System.Threading.Tasks.Task`1<bool>:TrySetResult (bool)
0x0000022fc4b74f93 (Mono JIT Code) System.Threading.Tasks.TaskCompletionSource`1<bool>:TrySetResult (bool)
0x0000022fc4b8c0d3 (Mono JIT Code) System.Threading.Tasks.TaskCompletionSource`1<bool>:SetResult (bool)
0x00000230abd4dbcb (Mono JIT Code) Game.Threading.UnityTask/<>c__DisplayClass2_0:<WaitForGPUFrame>b__0 (UnityEngine.Rendering.AsyncGPUReadbackRequest)
0x0000022fc4b70554 (Mono JIT Code) (wrapper runtime-invoke) <Module>:runtime_invoke_void__this___AsyncGPUReadbackRequest (object,intptr,intptr,intptr)
0x00007ff810874b7e (mono-2.0-bdwgc) mono_jit_set_domain
0x00007ff8107ad204 (mono-2.0-bdwgc) mono_object_get_virtual_method
0x00007ff8107ad37c (mono-2.0-bdwgc) mono_runtime_invoke
0x00007ffff8ce1288 (UnityPlayer) 
0x00007ffff8ce173b (UnityPlayer) 
0x00007ffff8dcf778 (UnityPlayer) 
0x00007ffff8dcf964 (UnityPlayer) 
0x00007ffff8dcfe82 (UnityPlayer) 
0x00007ffff90233db (UnityPlayer) 
0x00007ffff9025dab (UnityPlayer) 
0x00007ffff902910b (UnityPlayer) 
0x00007ffff90293ab (UnityPlayer) UnityMain
0x00007ff7fb0611f6 (Cities2) 
0x00007ff96a6ae8d7 (KERNEL32) BaseThreadInitThunk
0x00007ff96bb4c53c (ntdll) RtlUserThreadStart

[FileSystem] [WARN]  Collision detected with new Asset C:/Users/bwort/AppData/LocalLow/Colossal Order/Cities Skylines II/.cache/Mods/mods_subscribed/101898_2/USA Southwest Pack.cok:Residential_Decoration_MaskMap_d1a5145de1d6c67d2ae858d7b5faadbb.Texture (b0f7958950ce3b0efa6bd1a4f41b58a5) in data source 'ParadoxModsDataSource' (Last: C:/Users/bwort/AppData/LocalLow/Colossal Order/Cities Skylines II/.cache/Mods/mods_subscribed/101898_2/USA Southwest Pack.cok:Residential_Decoration_MaskMap_d1a5145de1d6c67d2ae858d7b5faadbb.Texture)
0x00007ffff922350d (UnityPlayer) UnityMain
0x00007ffff9223288 (UnityPlayer) UnityMain
0x00007ffff9209cd9 (UnityPlayer) UnityMain
0x00007ffff98a9e51 (UnityPlayer) UnityMain
0x00007ffff888b105 (UnityPlayer) 
0x0000023042b80f33 (Mono JIT Code) (wrapper managed-to-native) UnityEngine.DebugLogHandler:Internal_Log (UnityEngine.LogType,UnityEngine.LogOption,string,UnityEngine.Object)
0x0000023042b80e4b (Mono JIT Code) UnityEngine.DebugLogHandler:LogFormat (UnityEngine.LogType,UnityEngine.Object,string,object[])
0x0000023041124a6a (Mono JIT Code) Colossal.Logging.CustomLogHandler:PostProcessFormat (UnityEngine.LogType,Colossal.Logging.Level,UnityEngine.Object,string,Colossal.Logging.ILog,System.Exception)
0x00000230411241ab (Mono JIT Code) Colossal.Logging.CustomLogHandler:LogFormat (UnityEngine.LogType,UnityEngine.Object,string,object[])
0x0000023041123e71 (Mono JIT Code) UnityEngine.Logger:LogFormat (UnityEngine.LogType,string,object[])
0x000002304112382d (Mono JIT Code) Colossal.Logging.UnityLogger:Log (Colossal.Logging.Level,string,System.Exception)
0x00000230abd5e193 (Mono JIT Code) Colossal.Logging.UnityLogger:WarnFormat (string,object[])
0x00000230a61e3769 (Mono JIT Code) Colossal.IO.AssetDatabase.FileSystemDataSource:AddEntry (Colossal.IO.AssetDatabase.DataSourceModification,bool,string,System.Type,long,long,bool,Colossal.Hash128,Colossal.Hash128,string,bool,System.Collections.Generic.List`1<System.ValueTuple`2<System.Type, Colossal.IO.AssetDatabase.Identifier>>)
0x00000230a622563b (Mono JIT Code) Colossal.IO.AssetDatabase.FileSystemDataSource:PopulateFromPackage (bool,bool,Colossal.Hash128,long,System.Collections.Generic.List`1<System.ValueTuple`2<System.Type, Colossal.IO.AssetDatabase.Identifier>>)
0x00000230a61e39c3 (Mono JIT Code) Colossal.IO.AssetDatabase.FileSystemDataSource:AddEntry (Colossal.IO.AssetDatabase.DataSourceModification,bool,string,System.Type,long,long,bool,Colossal.Hash128,Colossal.Hash128,string,bool,System.Collections.Generic.List`1<System.ValueTuple`2<System.Type, Colossal.IO.AssetDatabase.Identifier>>)
0x00000230a61e0e7b (Mono JIT Code) Colossal.IO.AssetDatabase.FileSystemDataSource:PopulateFromDirectory (string,bool,System.Threading.CancellationToken,System.Collections.Generic.List`1<System.ValueTuple`2<System.Type, Colossal.IO.AssetDatabase.Identifier>>)
0x00000230abd4b073 (Mono JIT Code) Colossal.IO.AssetDatabase.ParadoxModsDataSource/<OnActivePlaysetChanged>d__24:MoveNext ()
0x0000023042b2f312 (Mono JIT Code) System.Runtime.CompilerServices.AsyncMethodBuilderCore/MoveNextRunner:InvokeMoveNext (object)
0x0000023041222aae (Mono JIT Code) System.Threading.ExecutionContext:RunInternal (System.Threading.ExecutionContext,System.Threading.ContextCallback,object,bool)
0x00000230412223db (Mono JIT Code) System.Threading.ExecutionContext:Run (System.Threading.ExecutionContext,System.Threading.ContextCallback,object,bool)
0x0000023042b2f1cb (Mono JIT Code) System.Runtime.CompilerServices.AsyncMethodBuilderCore/MoveNextRunner:Run ()
0x0000023044ff6cca (Mono JIT Code) System.Threading.Tasks.AwaitTaskContinuation:InvokeAction (object)
0x0000023042b32175 (Mono JIT Code) System.Threading.Tasks.AwaitTaskContinuation:RunCallback (System.Threading.ContextCallback,object,System.Threading.Tasks.Task&)
0x0000023042b31fd3 (Mono JIT Code) System.Threading.Tasks.SynchronizationContextAwaitTaskContinuation:Run (System.Threading.Tasks.Task,bool)
0x0000023042b2ded7 (Mono JIT Code) System.Threading.Tasks.Task:FinishContinuations ()
0x0000023042b2da73 (Mono JIT Code) System.Threading.Tasks.Task:FinishStageThree ()
0x0000023042b2d853 (Mono JIT Code) System.Threading.Tasks.Task`1<System.Threading.Tasks.VoidTaskResult>:TrySetResult (System.Threading.Tasks.VoidTaskResult)
0x0000023042b31083 (Mono JIT Code) System.Runtime.CompilerServices.AsyncTaskMethodBuilder`1<System.Threading.Tasks.VoidTaskResult>:SetResult (System.Threading.Tasks.VoidTaskResult)
0x0000023042b216b3 (Mono JIT Code) System.Runtime.CompilerServices.AsyncTaskMethodBuilder`1<System.Threading.Tasks.VoidTaskResult>:SetResult (System.Threading.Tasks.Task`1<System.Threading.Tasks.VoidTaskResult>)
0x0000023042b2160b (Mono JIT Code) System.Runtime.CompilerServices.AsyncTaskMethodBuilder:SetResult ()
0x00000230abd4cbeb (Mono JIT Code) Game.Threading.UnityTask/<WaitForGPUFrame>d__2:MoveNext ()
0x0000023042b2f312 (Mono JIT Code) System.Runtime.CompilerServices.AsyncMethodBuilderCore/MoveNextRunner:InvokeMoveNext (object)
0x0000023041222aae (Mono JIT Code) System.Threading.ExecutionContext:RunInternal (System.Threading.ExecutionContext,System.Threading.ContextCallback,object,bool)
0x00000230412223db (Mono JIT Code) System.Threading.ExecutionContext:Run (System.Threading.ExecutionContext,System.Threading.ContextCallback,object,bool)
0x0000023042b2f1cb (Mono JIT Code) System.Runtime.CompilerServices.AsyncMethodBuilderCore/MoveNextRunner:Run ()
0x0000023044ff6cca (Mono JIT Code) System.Threading.Tasks.AwaitTaskContinuation:InvokeAction (object)
0x0000023042b32175 (Mono JIT Code) System.Threading.Tasks.AwaitTaskContinuation:RunCallback (System.Threading.ContextCallback,object,System.Threading.Tasks.Task&)
0x0000023042b31fd3 (Mono JIT Code) System.Threading.Tasks.SynchronizationContextAwaitTaskContinuation:Run (System.Threading.Tasks.Task,bool)
0x0000023042b2ded7 (Mono JIT Code) System.Threading.Tasks.Task:FinishContinuations ()
0x0000023042b2da73 (Mono JIT Code) System.Threading.Tasks.Task:FinishStageThree ()
0x0000022fc4b750e3 (Mono JIT Code) System.Threading.Tasks.Task`1<bool>:TrySetResult (bool)
0x0000022fc4b74f93 (Mono JIT Code) System.Threading.Tasks.TaskCompletionSource`1<bool>:TrySetResult (bool)
0x0000022fc4b8c0d3 (Mono JIT Code) System.Threading.Tasks.TaskCompletionSource`1<bool>:SetResult (bool)
0x00000230abd4dbcb (Mono JIT Code) Game.Threading.UnityTask/<>c__DisplayClass2_0:<WaitForGPUFrame>b__0 (UnityEngine.Rendering.AsyncGPUReadbackRequest)
0x0000022fc4b70554 (Mono JIT Code) (wrapper runtime-invoke) <Module>:runtime_invoke_void__this___AsyncGPUReadbackRequest (object,intptr,intptr,intptr)
0x00007ff810874b7e (mono-2.0-bdwgc) mono_jit_set_domain
0x00007ff8107ad204 (mono-2.0-bdwgc) mono_object_get_virtual_method
0x00007ff8107ad37c (mono-2.0-bdwgc) mono_runtime_invoke
0x00007ffff8ce1288 (UnityPlayer) 
0x00007ffff8ce173b (UnityPlayer) 
0x00007ffff8dcf778 (UnityPlayer) 
0x00007ffff8dcf964 (UnityPlayer) 
0x00007ffff8dcfe82 (UnityPlayer) 
0x00007ffff90233db (UnityPlayer) 
0x00007ffff9025dab (UnityPlayer) 
0x00007ffff902910b (UnityPlayer) 
0x00007ffff90293ab (UnityPlayer) UnityMain
0x00007ff7fb0611f6 (Cities2) 
0x00007ff96a6ae8d7 (KERNEL32) BaseThreadInitThunk
0x00007ff96bb4c53c (ntdll) RtlUserThreadStart

[FileSystem] [WARN]  Collision detected with new Asset C:/Users/bwort/AppData/LocalLow/Colossal Order/Cities Skylines II/.cache/Mods/mods_subscribed/101898_2/USA Southwest Pack.cok:Default_Interior_4fb222c6ad618bef4de46b32bdb3d410.Texture (3c7573b8610ac34aeb687b05cb5f007c) in data source 'ParadoxModsDataSource' (Last: C:/Users/bwort/AppData/LocalLow/Colossal Order/Cities Skylines II/.cache/Mods/mods_subscribed/101898_2/USA Southwest Pack.cok:Default_Interior_4fb222c6ad618bef4de46b32bdb3d410.Texture)
0x00007ffff922350d (UnityPlayer) UnityMain
0x00007ffff9223288 (UnityPlayer) UnityMain
0x00007ffff9209cd9 (UnityPlayer) UnityMain
0x00007ffff98a9e51 (UnityPlayer) UnityMain
0x00007ffff888b105 (UnityPlayer) 
0x0000023042b80f33 (Mono JIT Code) (wrapper managed-to-native) UnityEngine.DebugLogHandler:Internal_Log (UnityEngine.LogType,UnityEngine.LogOption,string,UnityEngine.Object)
0x0000023042b80e4b (Mono JIT Code) UnityEngine.DebugLogHandler:LogFormat (UnityEngine.LogType,UnityEngine.Object,string,object[])
0x0000023041124a6a (Mono JIT Code) Colossal.Logging.CustomLogHandler:PostProcessFormat (UnityEngine.LogType,Colossal.Logging.Level,UnityEngine.Object,string,Colossal.Logging.ILog,System.Exception)
0x00000230411241ab (Mono JIT Code) Colossal.Logging.CustomLogHandler:LogFormat (UnityEngine.LogType,UnityEngine.Object,string,object[])
0x0000023041123e71 (Mono JIT Code) UnityEngine.Logger:LogFormat (UnityEngine.LogType,string,object[])
0x000002304112382d (Mono JIT Code) Colossal.Logging.UnityLogger:Log (Colossal.Logging.Level,string,System.Exception)
0x00000230abd5e193 (Mono JIT Code) Colossal.Logging.UnityLogger:WarnFormat (string,object[])
0x00000230a61e3769 (Mono JIT Code) Colossal.IO.AssetDatabase.FileSystemDataSource:AddEntry (Colossal.IO.AssetDatabase.DataSourceModification,bool,string,System.Type,long,long,bool,Colossal.Hash128,Colossal.Hash128,string,bool,System.Collections.Generic.List`1<System.ValueTuple`2<System.Type, Colossal.IO.AssetDatabase.Identifier>>)
0x00000230a622563b (Mono JIT Code) Colossal.IO.AssetDatabase.FileSystemDataSource:PopulateFromPackage (bool,bool,Colossal.Hash128,long,System.Collections.Generic.List`1<System.ValueTuple`2<System.Type, Colossal.IO.AssetDatabase.Identifier>>)
0x00000230a61e39c3 (Mono JIT Code) Colossal.IO.AssetDatabase.FileSystemDataSource:AddEntry (Colossal.IO.AssetDatabase.DataSourceModification,bool,string,System.Type,long,long,bool,Colossal.Hash128,Colossal.Hash128,string,bool,System.Collections.Generic.List`1<System.ValueTuple`2<System.Type, Colossal.IO.AssetDatabase.Identifier>>)
0x00000230a61e0e7b (Mono JIT Code) Colossal.IO.AssetDatabase.FileSystemDataSource:PopulateFromDirectory (string,bool,System.Threading.CancellationToken,System.Collections.Generic.List`1<System.ValueTuple`2<System.Type, Colossal.IO.AssetDatabase.Identifier>>)
0x00000230abd4b073 (Mono JIT Code) Colossal.IO.AssetDatabase.ParadoxModsDataSource/<OnActivePlaysetChanged>d__24:MoveNext ()
0x0000023042b2f312 (Mono JIT Code) System.Runtime.CompilerServices.AsyncMethodBuilderCore/MoveNextRunner:InvokeMoveNext (object)
0x0000023041222aae (Mono JIT Code) System.Threading.ExecutionContext:RunInternal (System.Threading.ExecutionContext,System.Threading.ContextCallback,object,bool)
0x00000230412223db (Mono JIT Code) System.Threading.ExecutionContext:Run (System.Threading.ExecutionContext,System.Threading.ContextCallback,object,bool)
0x0000023042b2f1cb (Mono JIT Code) System.Runtime.CompilerServices.AsyncMethodBuilderCore/MoveNextRunner:Run ()
0x0000023044ff6cca (Mono JIT Code) System.Threading.Tasks.AwaitTaskContinuation:InvokeAction (object)
0x0000023042b32175 (Mono JIT Code) System.Threading.Tasks.AwaitTaskContinuation:RunCallback (System.Threading.ContextCallback,object,System.Threading.Tasks.Task&)
0x0000023042b31fd3 (Mono JIT Code) System.Threading.Tasks.SynchronizationContextAwaitTaskContinuation:Run (System.Threading.Tasks.Task,bool)
0x0000023042b2ded7 (Mono JIT Code) System.Threading.Tasks.Task:FinishContinuations ()
0x0000023042b2da73 (Mono JIT Code) System.Threading.Tasks.Task:FinishStageThree ()
0x0000023042b2d853 (Mono JIT Code) System.Threading.Tasks.Task`1<System.Threading.Tasks.VoidTaskResult>:TrySetResult (System.Threading.Tasks.VoidTaskResult)
0x0000023042b31083 (Mono JIT Code) System.Runtime.CompilerServices.AsyncTaskMethodBuilder`1<System.Threading.Tasks.VoidTaskResult>:SetResult (System.Threading.Tasks.VoidTaskResult)
0x0000023042b216b3 (Mono JIT Code) System.Runtime.CompilerServices.AsyncTaskMethodBuilder`1<System.Threading.Tasks.VoidTaskResult>:SetResult (System.Threading.Tasks.Task`1<System.Threading.Tasks.VoidTaskResult>)
0x0000023042b2160b (Mono JIT Code) System.Runtime.CompilerServices.AsyncTaskMethodBuilder:SetResult ()
0x00000230abd4cbeb (Mono JIT Code) Game.Threading.UnityTask/<WaitForGPUFrame>d__2:MoveNext ()
0x0000023042b2f312 (Mono JIT Code) System.Runtime.CompilerServices.AsyncMethodBuilderCore/MoveNextRunner:InvokeMoveNext (object)
0x0000023041222aae (Mono JIT Code) System.Threading.ExecutionContext:RunInternal (System.Threading.ExecutionContext,System.Threading.ContextCallback,object,bool)
0x00000230412223db (Mono JIT Code) System.Threading.ExecutionContext:Run (System.Threading.ExecutionContext,System.Threading.ContextCallback,object,bool)
0x0000023042b2f1cb (Mono JIT Code) System.Runtime.CompilerServices.AsyncMethodBuilderCore/MoveNextRunner:Run ()
0x0000023044ff6cca (Mono JIT Code) System.Threading.Tasks.AwaitTaskContinuation:InvokeAction (object)
0x0000023042b32175 (Mono JIT Code) System.Threading.Tasks.AwaitTaskContinuation:RunCallback (System.Threading.ContextCallback,object,System.Threading.Tasks.Task&)
0x0000023042b31fd3 (Mono JIT Code) System.Threading.Tasks.SynchronizationContextAwaitTaskContinuation:Run (System.Threading.Tasks.Task,bool)
0x0000023042b2ded7 (Mono JIT Code) System.Threading.Tasks.Task:FinishContinuations ()
0x0000023042b2da73 (Mono JIT Code) System.Threading.Tasks.Task:FinishStageThree ()
0x0000022fc4b750e3 (Mono JIT Code) System.Threading.Tasks.Task`1<bool>:TrySetResult (bool)
0x0000022fc4b74f93 (Mono JIT Code) System.Threading.Tasks.TaskCompletionSource`1<bool>:TrySetResult (bool)
0x0000022fc4b8c0d3 (Mono JIT Code) System.Threading.Tasks.TaskCompletionSource`1<bool>:SetResult (bool)
0x00000230abd4dbcb (Mono JIT Code) Game.Threading.UnityTask/<>c__DisplayClass2_0:<WaitForGPUFrame>b__0 (UnityEngine.Rendering.AsyncGPUReadbackRequest)
0x0000022fc4b70554 (Mono JIT Code) (wrapper runtime-invoke) <Module>:runtime_invoke_void__this___AsyncGPUReadbackRequest (object,intptr,intptr,intptr)
0x00007ff810874b7e (mono-2.0-bdwgc) mono_jit_set_domain
0x00007ff8107ad204 (mono-2.0-bdwgc) mono_object_get_virtual_method
0x00007ff8107ad37c (mono-2.0-bdwgc) mono_runtime_invoke
0x00007ffff8ce1288 (UnityPlayer) 
0x00007ffff8ce173b (UnityPlayer) 
0x00007ffff8dcf778 (UnityPlayer) 
0x00007ffff8dcf964 (UnityPlayer) 
0x00007ffff8dcfe82 (UnityPlayer) 
0x00007ffff90233db (UnityPlayer) 
0x00007ffff9025dab (UnityPlayer) 
0x00007ffff902910b (UnityPlayer) 
0x00007ffff90293ab (UnityPlayer) UnityMain
0x00007ff7fb0611f6 (Cities2) 
0x00007ff96a6ae8d7 (KERNEL32) BaseThreadInitThunk
0x00007ff96bb4c53c (ntdll) RtlUserThreadStart

[FileSystem] [WARN]  Collision detected with new Asset C:/Users/bwort/AppData/LocalLow/Colossal Order/Cities Skylines II/.cache/Mods/mods_subscribed/101898_2/USA Southwest Pack.cok:Office_Decoration_BaseColor_15405e93476948a655549193edb18e10.Texture (96586857813f9f0378cb9eb411521bbb) in data source 'ParadoxModsDataSource' (Last: C:/Users/bwort/AppData/LocalLow/Colossal Order/Cities Skylines II/.cache/Mods/mods_subscribed/101898_2/USA Southwest Pack.cok:Office_Decoration_BaseColor_15405e93476948a655549193edb18e10.Texture)
0x00007ffff922350d (UnityPlayer) UnityMain
0x00007ffff9223288 (UnityPlayer) UnityMain
0x00007ffff9209cd9 (UnityPlayer) UnityMain
0x00007ffff98a9e51 (UnityPlayer) UnityMain
0x00007ffff888b105 (UnityPlayer) 
0x0000023042b80f33 (Mono JIT Code) (wrapper managed-to-native) UnityEngine.DebugLogHandler:Internal_Log (UnityEngine.LogType,UnityEngine.LogOption,string,UnityEngine.Object)
0x0000023042b80e4b (Mono JIT Code) UnityEngine.DebugLogHandler:LogFormat (UnityEngine.LogType,UnityEngine.Object,string,object[])
0x0000023041124a6a (Mono JIT Code) Colossal.Logging.CustomLogHandler:PostProcessFormat (UnityEngine.LogType,Colossal.Logging.Level,UnityEngine.Object,string,Colossal.Logging.ILog,System.Exception)
0x00000230411241ab (Mono JIT Code) Colossal.Logging.CustomLogHandler:LogFormat (UnityEngine.LogType,UnityEngine.Object,string,object[])
0x0000023041123e71 (Mono JIT Code) UnityEngine.Logger:LogFormat (UnityEngine.LogType,string,object[])
0x000002304112382d (Mono JIT Code) Colossal.Logging.UnityLogger:Log (Colossal.Logging.Level,string,System.Exception)
0x00000230abd5e193 (Mono JIT Code) Colossal.Logging.UnityLogger:WarnFormat (string,object[])
0x00000230a61e3769 (Mono JIT Code) Colossal.IO.AssetDatabase.FileSystemDataSource:AddEntry (Colossal.IO.AssetDatabase.DataSourceModification,bool,string,System.Type,long,long,bool,Colossal.Hash128,Colossal.Hash128,string,bool,System.Collections.Generic.List`1<System.ValueTuple`2<System.Type, Colossal.IO.AssetDatabase.Identifier>>)
0x00000230a622563b (Mono JIT Code) Colossal.IO.AssetDatabase.FileSystemDataSource:PopulateFromPackage (bool,bool,Colossal.Hash128,long,System.Collections.Generic.List`1<System.ValueTuple`2<System.Type, Colossal.IO.AssetDatabase.Identifier>>)
0x00000230a61e39c3 (Mono JIT Code) Colossal.IO.AssetDatabase.FileSystemDataSource:AddEntry (Colossal.IO.AssetDatabase.DataSourceModification,bool,string,System.Type,long,long,bool,Colossal.Hash128,Colossal.Hash128,string,bool,System.Collections.Generic.List`1<System.ValueTuple`2<System.Type, Colossal.IO.AssetDatabase.Identifier>>)
0x00000230a61e0e7b (Mono JIT Code) Colossal.IO.AssetDatabase.FileSystemDataSource:PopulateFromDirectory (string,bool,System.Threading.CancellationToken,System.Collections.Generic.List`1<System.ValueTuple`2<System.Type, Colossal.IO.AssetDatabase.Identifier>>)
0x00000230abd4b073 (Mono JIT Code) Colossal.IO.AssetDatabase.ParadoxModsDataSource/<OnActivePlaysetChanged>d__24:MoveNext ()
0x0000023042b2f312 (Mono JIT Code) System.Runtime.CompilerServices.AsyncMethodBuilderCore/MoveNextRunner:InvokeMoveNext (object)
0x0000023041222aae (Mono JIT Code) System.Threading.ExecutionContext:RunInternal (System.Threading.ExecutionContext,System.Threading.ContextCallback,object,bool)
0x00000230412223db (Mono JIT Code) System.Threading.ExecutionContext:Run (System.Threading.ExecutionContext,System.Threading.ContextCallback,object,bool)
0x0000023042b2f1cb (Mono JIT Code) System.Runtime.CompilerServices.AsyncMethodBuilderCore/MoveNextRunner:Run ()
0x0000023044ff6cca (Mono JIT Code) System.Threading.Tasks.AwaitTaskContinuation:InvokeAction (object)
0x0000023042b32175 (Mono JIT Code) System.Threading.Tasks.AwaitTaskContinuation:RunCallback (System.Threading.ContextCallback,object,System.Threading.Tasks.Task&)
0x0000023042b31fd3 (Mono JIT Code) System.Threading.Tasks.SynchronizationContextAwaitTaskContinuation:Run (System.Threading.Tasks.Task,bool)
0x0000023042b2ded7 (Mono JIT Code) System.Threading.Tasks.Task:FinishContinuations ()
0x0000023042b2da73 (Mono JIT Code) System.Threading.Tasks.Task:FinishStageThree ()
0x0000023042b2d853 (Mono JIT Code) System.Threading.Tasks.Task`1<System.Threading.Tasks.VoidTaskResult>:TrySetResult (System.Threading.Tasks.VoidTaskResult)
0x0000023042b31083 (Mono JIT Code) System.Runtime.CompilerServices.AsyncTaskMethodBuilder`1<System.Threading.Tasks.VoidTaskResult>:SetResult (System.Threading.Tasks.VoidTaskResult)
0x0000023042b216b3 (Mono JIT Code) System.Runtime.CompilerServices.AsyncTaskMethodBuilder`1<System.Threading.Tasks.VoidTaskResult>:SetResult (System.Threading.Tasks.Task`1<System.Threading.Tasks.VoidTaskResult>)
0x0000023042b2160b (Mono JIT Code) System.Runtime.CompilerServices.AsyncTaskMethodBuilder:SetResult ()
0x00000230abd4cbeb (Mono JIT Code) Game.Threading.UnityTask/<WaitForGPUFrame>d__2:MoveNext ()
0x0000023042b2f312 (Mono JIT Code) System.Runtime.CompilerServices.AsyncMethodBuilderCore/MoveNextRunner:InvokeMoveNext (object)
0x0000023041222aae (Mono JIT Code) System.Threading.ExecutionContext:RunInternal (System.Threading.ExecutionContext,System.Threading.ContextCallback,object,bool)
0x00000230412223db (Mono JIT Code) System.Threading.ExecutionContext:Run (System.Threading.ExecutionContext,System.Threading.ContextCallback,object,bool)
0x0000023042b2f1cb (Mono JIT Code) System.Runtime.CompilerServices.AsyncMethodBuilderCore/MoveNextRunner:Run ()
0x0000023044ff6cca (Mono JIT Code) System.Threading.Tasks.AwaitTaskContinuation:InvokeAction (object)
0x0000023042b32175 (Mono JIT Code) System.Threading.Tasks.AwaitTaskContinuation:RunCallback (System.Threading.ContextCallback,object,System.Threading.Tasks.Task&)
0x0000023042b31fd3 (Mono JIT Code) System.Threading.Tasks.SynchronizationContextAwaitTaskContinuation:Run (System.Threading.Tasks.Task,bool)
0x0000023042b2ded7 (Mono JIT Code) System.Threading.Tasks.Task:FinishContinuations ()
0x0000023042b2da73 (Mono JIT Code) System.Threading.Tasks.Task:FinishStageThree ()
0x0000022fc4b750e3 (Mono JIT Code) System.Threading.Tasks.Task`1<bool>:TrySetResult (bool)
0x0000022fc4b74f93 (Mono JIT Code) System.Threading.Tasks.TaskCompletionSource`1<bool>:TrySetResult (bool)
0x0000022fc4b8c0d3 (Mono JIT Code) System.Threading.Tasks.TaskCompletionSource`1<bool>:SetResult (bool)
0x00000230abd4dbcb (Mono JIT Code) Game.Threading.UnityTask/<>c__DisplayClass2_0:<WaitForGPUFrame>b__0 (UnityEngine.Rendering.AsyncGPUReadbackRequest)
0x0000022fc4b70554 (Mono JIT Code) (wrapper runtime-invoke) <Module>:runtime_invoke_void__this___AsyncGPUReadbackRequest (object,intptr,intptr,intptr)
0x00007ff810874b7e (mono-2.0-bdwgc) mono_jit_set_domain
0x00007ff8107ad204 (mono-2.0-bdwgc) mono_object_get_virtual_method
0x00007ff8107ad37c (mono-2.0-bdwgc) mono_runtime_invoke
0x00007ffff8ce1288 (UnityPlayer) 
0x00007ffff8ce173b (UnityPlayer) 
0x00007ffff8dcf778 (UnityPlayer) 
0x00007ffff8dcf964 (UnityPlayer) 
0x00007ffff8dcfe82 (UnityPlayer) 
0x00007ffff90233db (UnityPlayer) 
0x00007ffff9025dab (UnityPlayer) 
0x00007ffff902910b (UnityPlayer) 
0x00007ffff90293ab (UnityPlayer) UnityMain
0x00007ff7fb0611f6 (Cities2) 
0x00007ff96a6ae8d7 (KERNEL32) BaseThreadInitThunk
0x00007ff96bb4c53c (ntdll) RtlUserThreadStart

[FileSystem] [WARN]  Collision detected with new Asset C:/Users/bwort/AppData/LocalLow/Colossal Order/Cities Skylines II/.cache/Mods/mods_subscribed/101898_2/USA Southwest Pack.cok:Residential_Decoration_MaskMap_546caa83da836da92cb688f05dbcdef0.Texture (9346c4792a897bd7a7322da8a5a2e305) in data source 'ParadoxModsDataSource' (Last: C:/Users/bwort/AppData/LocalLow/Colossal Order/Cities Skylines II/.cache/Mods/mods_subscribed/101898_2/USA Southwest Pack.cok:Residential_Decoration_MaskMap_546caa83da836da92cb688f05dbcdef0.Texture)
0x00007ffff922350d (UnityPlayer) UnityMain
0x00007ffff9223288 (UnityPlayer) UnityMain
0x00007ffff9209cd9 (UnityPlayer) UnityMain
0x00007ffff98a9e51 (UnityPlayer) UnityMain
0x00007ffff888b105 (UnityPlayer) 
0x0000023042b80f33 (Mono JIT Code) (wrapper managed-to-native) UnityEngine.DebugLogHandler:Internal_Log (UnityEngine.LogType,UnityEngine.LogOption,string,UnityEngine.Object)
0x0000023042b80e4b (Mono JIT Code) UnityEngine.DebugLogHandler:LogFormat (UnityEngine.LogType,UnityEngine.Object,string,object[])
0x0000023041124a6a (Mono JIT Code) Colossal.Logging.CustomLogHandler:PostProcessFormat (UnityEngine.LogType,Colossal.Logging.Level,UnityEngine.Object,string,Colossal.Logging.ILog,System.Exception)
0x00000230411241ab (Mono JIT Code) Colossal.Logging.CustomLogHandler:LogFormat (UnityEngine.LogType,UnityEngine.Object,string,object[])
0x0000023041123e71 (Mono JIT Code) UnityEngine.Logger:LogFormat (UnityEngine.LogType,string,object[])
0x000002304112382d (Mono JIT Code) Colossal.Logging.UnityLogger:Log (Colossal.Logging.Level,string,System.Exception)
0x00000230abd5e193 (Mono JIT Code) Colossal.Logging.UnityLogger:WarnFormat (string,object[])
0x00000230a61e3769 (Mono JIT Code) Colossal.IO.AssetDatabase.FileSystemDataSource:AddEntry (Colossal.IO.AssetDatabase.DataSourceModification,bool,string,System.Type,long,long,bool,Colossal.Hash128,Colossal.Hash128,string,bool,System.Collections.Generic.List`1<System.ValueTuple`2<System.Type, Colossal.IO.AssetDatabase.Identifier>>)
0x00000230a622563b (Mono JIT Code) Colossal.IO.AssetDatabase.FileSystemDataSource:PopulateFromPackage (bool,bool,Colossal.Hash128,long,System.Collections.Generic.List`1<System.ValueTuple`2<System.Type, Colossal.IO.AssetDatabase.Identifier>>)
0x00000230a61e39c3 (Mono JIT Code) Colossal.IO.AssetDatabase.FileSystemDataSource:AddEntry (Colossal.IO.AssetDatabase.DataSourceModification,bool,string,System.Type,long,long,bool,Colossal.Hash128,Colossal.Hash128,string,bool,System.Collections.Generic.List`1<System.ValueTuple`2<System.Type, Colossal.IO.AssetDatabase.Identifier>>)
0x00000230a61e0e7b (Mono JIT Code) Colossal.IO.AssetDatabase.FileSystemDataSource:PopulateFromDirectory (string,bool,System.Threading.CancellationToken,System.Collections.Generic.List`1<System.ValueTuple`2<System.Type, Colossal.IO.AssetDatabase.Identifier>>)
0x00000230abd4b073 (Mono JIT Code) Colossal.IO.AssetDatabase.ParadoxModsDataSource/<OnActivePlaysetChanged>d__24:MoveNext ()
0x0000023042b2f312 (Mono JIT Code) System.Runtime.CompilerServices.AsyncMethodBuilderCore/MoveNextRunner:InvokeMoveNext (object)
0x0000023041222aae (Mono JIT Code) System.Threading.ExecutionContext:RunInternal (System.Threading.ExecutionContext,System.Threading.ContextCallback,object,bool)
0x00000230412223db (Mono JIT Code) System.Threading.ExecutionContext:Run (System.Threading.ExecutionContext,System.Threading.ContextCallback,object,bool)
0x0000023042b2f1cb (Mono JIT Code) System.Runtime.CompilerServices.AsyncMethodBuilderCore/MoveNextRunner:Run ()
0x0000023044ff6cca (Mono JIT Code) System.Threading.Tasks.AwaitTaskContinuation:InvokeAction (object)
0x0000023042b32175 (Mono JIT Code) System.Threading.Tasks.AwaitTaskContinuation:RunCallback (System.Threading.ContextCallback,object,System.Threading.Tasks.Task&)
0x0000023042b31fd3 (Mono JIT Code) System.Threading.Tasks.SynchronizationContextAwaitTaskContinuation:Run (System.Threading.Tasks.Task,bool)
0x0000023042b2ded7 (Mono JIT Code) System.Threading.Tasks.Task:FinishContinuations ()
0x0000023042b2da73 (Mono JIT Code) System.Threading.Tasks.Task:FinishStageThree ()
0x0000023042b2d853 (Mono JIT Code) System.Threading.Tasks.Task`1<System.Threading.Tasks.VoidTaskResult>:TrySetResult (System.Threading.Tasks.VoidTaskResult)
0x0000023042b31083 (Mono JIT Code) System.Runtime.CompilerServices.AsyncTaskMethodBuilder`1<System.Threading.Tasks.VoidTaskResult>:SetResult (System.Threading.Tasks.VoidTaskResult)
0x0000023042b216b3 (Mono JIT Code) System.Runtime.CompilerServices.AsyncTaskMethodBuilder`1<System.Threading.Tasks.VoidTaskResult>:SetResult (System.Threading.Tasks.Task`1<System.Threading.Tasks.VoidTaskResult>)
0x0000023042b2160b (Mono JIT Code) System.Runtime.CompilerServices.AsyncTaskMethodBuilder:SetResult ()
0x00000230abd4cbeb (Mono JIT Code) Game.Threading.UnityTask/<WaitForGPUFrame>d__2:MoveNext ()
0x0000023042b2f312 (Mono JIT Code) System.Runtime.CompilerServices.AsyncMethodBuilderCore/MoveNextRunner:InvokeMoveNext (object)
0x0000023041222aae (Mono JIT Code) System.Threading.ExecutionContext:RunInternal (System.Threading.ExecutionContext,System.Threading.ContextCallback,object,bool)
0x00000230412223db (Mono JIT Code) System.Threading.ExecutionContext:Run (System.Threading.ExecutionContext,System.Threading.ContextCallback,object,bool)
0x0000023042b2f1cb (Mono JIT Code) System.Runtime.CompilerServices.AsyncMethodBuilderCore/MoveNextRunner:Run ()
0x0000023044ff6cca (Mono JIT Code) System.Threading.Tasks.AwaitTaskContinuation:InvokeAction (object)
0x0000023042b32175 (Mono JIT Code) System.Threading.Tasks.AwaitTaskContinuation:RunCallback (System.Threading.ContextCallback,object,System.Threading.Tasks.Task&)
0x0000023042b31fd3 (Mono JIT Code) System.Threading.Tasks.SynchronizationContextAwaitTaskContinuation:Run (System.Threading.Tasks.Task,bool)
0x0000023042b2ded7 (Mono JIT Code) System.Threading.Tasks.Task:FinishContinuations ()
0x0000023042b2da73 (Mono JIT Code) System.Threading.Tasks.Task:FinishStageThree ()
0x0000022fc4b750e3 (Mono JIT Code) System.Threading.Tasks.Task`1<bool>:TrySetResult (bool)
0x0000022fc4b74f93 (Mono JIT Code) System.Threading.Tasks.TaskCompletionSource`1<bool>:TrySetResult (bool)
0x0000022fc4b8c0d3 (Mono JIT Code) System.Threading.Tasks.TaskCompletionSource`1<bool>:SetResult (bool)
0x00000230abd4dbcb (Mono JIT Code) Game.Threading.UnityTask/<>c__DisplayClass2_0:<WaitForGPUFrame>b__0 (UnityEngine.Rendering.AsyncGPUReadbackRequest)
0x0000022fc4b70554 (Mono JIT Code) (wrapper runtime-invoke) <Module>:runtime_invoke_void__this___AsyncGPUReadbackRequest (object,intptr,intptr,intptr)
0x00007ff810874b7e (mono-2.0-bdwgc) mono_jit_set_domain
0x00007ff8107ad204 (mono-2.0-bdwgc) mono_object_get_virtual_method
0x00007ff8107ad37c (mono-2.0-bdwgc) mono_runtime_invoke
0x00007ffff8ce1288 (UnityPlayer) 
0x00007ffff8ce173b (UnityPlayer) 
0x00007ffff8dcf778 (UnityPlayer) 
0x00007ffff8dcf964 (UnityPlayer) 
0x00007ffff8dcfe82 (UnityPlayer) 
0x00007ffff90233db (UnityPlayer) 
0x00007ffff9025dab (UnityPlayer) 
0x00007ffff902910b (UnityPlayer) 
0x00007ffff90293ab (UnityPlayer) UnityMain
0x00007ff7fb0611f6 (Cities2) 
0x00007ff96a6ae8d7 (KERNEL32) BaseThreadInitThunk
0x00007ff96bb4c53c (ntdll) RtlUserThreadStart

[FileSystem] [WARN]  Collision detected with new Asset C:/Users/bwort/AppData/LocalLow/Colossal Order/Cities Skylines II/.cache/Mods/mods_subscribed/101898_2/USA Southwest Pack.cok:Office_Decoration_BaseColor_ec97db8a8ea255e6c9c196a15c42cad7.Texture (25acd07f2de517a5f2af423072a40865) in data source 'ParadoxModsDataSource' (Last: C:/Users/bwort/AppData/LocalLow/Colossal Order/Cities Skylines II/.cache/Mods/mods_subscribed/101898_2/USA Southwest Pack.cok:Office_Decoration_BaseColor_ec97db8a8ea255e6c9c196a15c42cad7.Texture)
0x00007ffff922350d (UnityPlayer) UnityMain
0x00007ffff9223288 (UnityPlayer) UnityMain
0x00007ffff9209cd9 (UnityPlayer) UnityMain
0x00007ffff98a9e51 (UnityPlayer) UnityMain
0x00007ffff888b105 (UnityPlayer) 
0x0000023042b80f33 (Mono JIT Code) (wrapper managed-to-native) UnityEngine.DebugLogHandler:Internal_Log (UnityEngine.LogType,UnityEngine.LogOption,string,UnityEngine.Object)
0x0000023042b80e4b (Mono JIT Code) UnityEngine.DebugLogHandler:LogFormat (UnityEngine.LogType,UnityEngine.Object,string,object[])
0x0000023041124a6a (Mono JIT Code) Colossal.Logging.CustomLogHandler:PostProcessFormat (UnityEngine.LogType,Colossal.Logging.Level,UnityEngine.Object,string,Colossal.Logging.ILog,System.Exception)
0x00000230411241ab (Mono JIT Code) Colossal.Logging.CustomLogHandler:LogFormat (UnityEngine.LogType,UnityEngine.Object,string,object[])
0x0000023041123e71 (Mono JIT Code) UnityEngine.Logger:LogFormat (UnityEngine.LogType,string,object[])
0x000002304112382d (Mono JIT Code) Colossal.Logging.UnityLogger:Log (Colossal.Logging.Level,string,System.Exception)
0x00000230abd5e193 (Mono JIT Code) Colossal.Logging.UnityLogger:WarnFormat (string,object[])
0x00000230a61e3769 (Mono JIT Code) Colossal.IO.AssetDatabase.FileSystemDataSource:AddEntry (Colossal.IO.AssetDatabase.DataSourceModification,bool,string,System.Type,long,long,bool,Colossal.Hash128,Colossal.Hash128,string,bool,System.Collections.Generic.List`1<System.ValueTuple`2<System.Type, Colossal.IO.AssetDatabase.Identifier>>)
0x00000230a622563b (Mono JIT Code) Colossal.IO.AssetDatabase.FileSystemDataSource:PopulateFromPackage (bool,bool,Colossal.Hash128,long,System.Collections.Generic.List`1<System.ValueTuple`2<System.Type, Colossal.IO.AssetDatabase.Identifier>>)
0x00000230a61e39c3 (Mono JIT Code) Colossal.IO.AssetDatabase.FileSystemDataSource:AddEntry (Colossal.IO.AssetDatabase.DataSourceModification,bool,string,System.Type,long,long,bool,Colossal.Hash128,Colossal.Hash128,string,bool,System.Collections.Generic.List`1<System.ValueTuple`2<System.Type, Colossal.IO.AssetDatabase.Identifier>>)
0x00000230a61e0e7b (Mono JIT Code) Colossal.IO.AssetDatabase.FileSystemDataSource:PopulateFromDirectory (string,bool,System.Threading.CancellationToken,System.Collections.Generic.List`1<System.ValueTuple`2<System.Type, Colossal.IO.AssetDatabase.Identifier>>)
0x00000230abd4b073 (Mono JIT Code) Colossal.IO.AssetDatabase.ParadoxModsDataSource/<OnActivePlaysetChanged>d__24:MoveNext ()
0x0000023042b2f312 (Mono JIT Code) System.Runtime.CompilerServices.AsyncMethodBuilderCore/MoveNextRunner:InvokeMoveNext (object)
0x0000023041222aae (Mono JIT Code) System.Threading.ExecutionContext:RunInternal (System.Threading.ExecutionContext,System.Threading.ContextCallback,object,bool)
0x00000230412223db (Mono JIT Code) System.Threading.ExecutionContext:Run (System.Threading.ExecutionContext,System.Threading.ContextCallback,object,bool)
0x0000023042b2f1cb (Mono JIT Code) System.Runtime.CompilerServices.AsyncMethodBuilderCore/MoveNextRunner:Run ()
0x0000023044ff6cca (Mono JIT Code) System.Threading.Tasks.AwaitTaskContinuation:InvokeAction (object)
0x0000023042b32175 (Mono JIT Code) System.Threading.Tasks.AwaitTaskContinuation:RunCallback (System.Threading.ContextCallback,object,System.Threading.Tasks.Task&)
0x0000023042b31fd3 (Mono JIT Code) System.Threading.Tasks.SynchronizationContextAwaitTaskContinuation:Run (System.Threading.Tasks.Task,bool)
0x0000023042b2ded7 (Mono JIT Code) System.Threading.Tasks.Task:FinishContinuations ()
0x0000023042b2da73 (Mono JIT Code) System.Threading.Tasks.Task:FinishStageThree ()
0x0000023042b2d853 (Mono JIT Code) System.Threading.Tasks.Task`1<System.Threading.Tasks.VoidTaskResult>:TrySetResult (System.Threading.Tasks.VoidTaskResult)
0x0000023042b31083 (Mono JIT Code) System.Runtime.CompilerServices.AsyncTaskMethodBuilder`1<System.Threading.Tasks.VoidTaskResult>:SetResult (System.Threading.Tasks.VoidTaskResult)
0x0000023042b216b3 (Mono JIT Code) System.Runtime.CompilerServices.AsyncTaskMethodBuilder`1<System.Threading.Tasks.VoidTaskResult>:SetResult (System.Threading.Tasks.Task`1<System.Threading.Tasks.VoidTaskResult>)
0x0000023042b2160b (Mono JIT Code) System.Runtime.CompilerServices.AsyncTaskMethodBuilder:SetResult ()
0x00000230abd4cbeb (Mono JIT Code) Game.Threading.UnityTask/<WaitForGPUFrame>d__2:MoveNext ()
0x0000023042b2f312 (Mono JIT Code) System.Runtime.CompilerServices.AsyncMethodBuilderCore/MoveNextRunner:InvokeMoveNext (object)
0x0000023041222aae (Mono JIT Code) System.Threading.ExecutionContext:RunInternal (System.Threading.ExecutionContext,System.Threading.ContextCallback,object,bool)
0x00000230412223db (Mono JIT Code) System.Threading.ExecutionContext:Run (System.Threading.ExecutionContext,System.Threading.ContextCallback,object,bool)
0x0000023042b2f1cb (Mono JIT Code) System.Runtime.CompilerServices.AsyncMethodBuilderCore/MoveNextRunner:Run ()
0x0000023044ff6cca (Mono JIT Code) System.Threading.Tasks.AwaitTaskContinuation:InvokeAction (object)
0x0000023042b32175 (Mono JIT Code) System.Threading.Tasks.AwaitTaskContinuation:RunCallback (System.Threading.ContextCallback,object,System.Threading.Tasks.Task&)
0x0000023042b31fd3 (Mono JIT Code) System.Threading.Tasks.SynchronizationContextAwaitTaskContinuation:Run (System.Threading.Tasks.Task,bool)
0x0000023042b2ded7 (Mono JIT Code) System.Threading.Tasks.Task:FinishContinuations ()
0x0000023042b2da73 (Mono JIT Code) System.Threading.Tasks.Task:FinishStageThree ()
0x0000022fc4b750e3 (Mono JIT Code) System.Threading.Tasks.Task`1<bool>:TrySetResult (bool)
0x0000022fc4b74f93 (Mono JIT Code) System.Threading.Tasks.TaskCompletionSource`1<bool>:TrySetResult (bool)
0x0000022fc4b8c0d3 (Mono JIT Code) System.Threading.Tasks.TaskCompletionSource`1<bool>:SetResult (bool)
0x00000230abd4dbcb (Mono JIT Code) Game.Threading.UnityTask/<>c__DisplayClass2_0:<WaitForGPUFrame>b__0 (UnityEngine.Rendering.AsyncGPUReadbackRequest)
0x0000022fc4b70554 (Mono JIT Code) (wrapper runtime-invoke) <Module>:runtime_invoke_void__this___AsyncGPUReadbackRequest (object,intptr,intptr,intptr)
0x00007ff810874b7e (mono-2.0-bdwgc) mono_jit_set_domain
0x00007ff8107ad204 (mono-2.0-bdwgc) mono_object_get_virtual_method
0x00007ff8107ad37c (mono-2.0-bdwgc) mono_runtime_invoke
0x00007ffff8ce1288 (UnityPlayer) 
0x00007ffff8ce173b (UnityPlayer) 
0x00007ffff8dcf778 (UnityPlayer) 
0x00007ffff8dcf964 (UnityPlayer) 
0x00007ffff8dcfe82 (UnityPlayer) 
0x00007ffff90233db (UnityPlayer) 
0x00007ffff9025dab (UnityPlayer) 
0x00007ffff902910b (UnityPlayer) 
0x00007ffff90293ab (UnityPlayer) UnityMain
0x00007ff7fb0611f6 (Cities2) 
0x00007ff96a6ae8d7 (KERNEL32) BaseThreadInitThunk
0x00007ff96bb4c53c (ntdll) RtlUserThreadStart

[FileSystem] [WARN]  Collision detected with new Asset C:/Users/bwort/AppData/LocalLow/Colossal Order/Cities Skylines II/.cache/Mods/mods_subscribed/101898_2/USA Southwest Pack.cok:Office_Decoration_MaskMap_5c63894296461d9270ae0661caded0ee.Texture (c693e02253f86445127e62f98341f89f) in data source 'ParadoxModsDataSource' (Last: C:/Users/bwort/AppData/LocalLow/Colossal Order/Cities Skylines II/.cache/Mods/mods_subscribed/101898_2/USA Southwest Pack.cok:Office_Decoration_MaskMap_5c63894296461d9270ae0661caded0ee.Texture)
0x00007ffff922350d (UnityPlayer) UnityMain
0x00007ffff9223288 (UnityPlayer) UnityMain
0x00007ffff9209cd9 (UnityPlayer) UnityMain
0x00007ffff98a9e51 (UnityPlayer) UnityMain
0x00007ffff888b105 (UnityPlayer) 
0x0000023042b80f33 (Mono JIT Code) (wrapper managed-to-native) UnityEngine.DebugLogHandler:Internal_Log (UnityEngine.LogType,UnityEngine.LogOption,string,UnityEngine.Object)
0x0000023042b80e4b (Mono JIT Code) UnityEngine.DebugLogHandler:LogFormat (UnityEngine.LogType,UnityEngine.Object,string,object[])
0x0000023041124a6a (Mono JIT Code) Colossal.Logging.CustomLogHandler:PostProcessFormat (UnityEngine.LogType,Colossal.Logging.Level,UnityEngine.Object,string,Colossal.Logging.ILog,System.Exception)
0x00000230411241ab (Mono JIT Code) Colossal.Logging.CustomLogHandler:LogFormat (UnityEngine.LogType,UnityEngine.Object,string,object[])
0x0000023041123e71 (Mono JIT Code) UnityEngine.Logger:LogFormat (UnityEngine.LogType,string,object[])
0x000002304112382d (Mono JIT Code) Colossal.Logging.UnityLogger:Log (Colossal.Logging.Level,string,System.Exception)
0x00000230abd5e193 (Mono JIT Code) Colossal.Logging.UnityLogger:WarnFormat (string,object[])
0x00000230a61e3769 (Mono JIT Code) Colossal.IO.AssetDatabase.FileSystemDataSource:AddEntry (Colossal.IO.AssetDatabase.DataSourceModification,bool,string,System.Type,long,long,bool,Colossal.Hash128,Colossal.Hash128,string,bool,System.Collections.Generic.List`1<System.ValueTuple`2<System.Type, Colossal.IO.AssetDatabase.Identifier>>)
0x00000230a622563b (Mono JIT Code) Colossal.IO.AssetDatabase.FileSystemDataSource:PopulateFromPackage (bool,bool,Colossal.Hash128,long,System.Collections.Generic.List`1<System.ValueTuple`2<System.Type, Colossal.IO.AssetDatabase.Identifier>>)
0x00000230a61e39c3 (Mono JIT Code) Colossal.IO.AssetDatabase.FileSystemDataSource:AddEntry (Colossal.IO.AssetDatabase.DataSourceModification,bool,string,System.Type,long,long,bool,Colossal.Hash128,Colossal.Hash128,string,bool,System.Collections.Generic.List`1<System.ValueTuple`2<System.Type, Colossal.IO.AssetDatabase.Identifier>>)
0x00000230a61e0e7b (Mono JIT Code) Colossal.IO.AssetDatabase.FileSystemDataSource:PopulateFromDirectory (string,bool,System.Threading.CancellationToken,System.Collections.Generic.List`1<System.ValueTuple`2<System.Type, Colossal.IO.AssetDatabase.Identifier>>)
0x00000230abd4b073 (Mono JIT Code) Colossal.IO.AssetDatabase.ParadoxModsDataSource/<OnActivePlaysetChanged>d__24:MoveNext ()
0x0000023042b2f312 (Mono JIT Code) System.Runtime.CompilerServices.AsyncMethodBuilderCore/MoveNextRunner:InvokeMoveNext (object)
0x0000023041222aae (Mono JIT Code) System.Threading.ExecutionContext:RunInternal (System.Threading.ExecutionContext,System.Threading.ContextCallback,object,bool)
0x00000230412223db (Mono JIT Code) System.Threading.ExecutionContext:Run (System.Threading.ExecutionContext,System.Threading.ContextCallback,object,bool)
0x0000023042b2f1cb (Mono JIT Code) System.Runtime.CompilerServices.AsyncMethodBuilderCore/MoveNextRunner:Run ()
0x0000023044ff6cca (Mono JIT Code) System.Threading.Tasks.AwaitTaskContinuation:InvokeAction (object)
0x0000023042b32175 (Mono JIT Code) System.Threading.Tasks.AwaitTaskContinuation:RunCallback (System.Threading.ContextCallback,object,System.Threading.Tasks.Task&)
0x0000023042b31fd3 (Mono JIT Code) System.Threading.Tasks.SynchronizationContextAwaitTaskContinuation:Run (System.Threading.Tasks.Task,bool)
0x0000023042b2ded7 (Mono JIT Code) System.Threading.Tasks.Task:FinishContinuations ()
0x0000023042b2da73 (Mono JIT Code) System.Threading.Tasks.Task:FinishStageThree ()
0x0000023042b2d853 (Mono JIT Code) System.Threading.Tasks.Task`1<System.Threading.Tasks.VoidTaskResult>:TrySetResult (System.Threading.Tasks.VoidTaskResult)
0x0000023042b31083 (Mono JIT Code) System.Runtime.CompilerServices.AsyncTaskMethodBuilder`1<System.Threading.Tasks.VoidTaskResult>:SetResult (System.Threading.Tasks.VoidTaskResult)
0x0000023042b216b3 (Mono JIT Code) System.Runtime.CompilerServices.AsyncTaskMethodBuilder`1<System.Threading.Tasks.VoidTaskResult>:SetResult (System.Threading.Tasks.Task`1<System.Threading.Tasks.VoidTaskResult>)
0x0000023042b2160b (Mono JIT Code) System.Runtime.CompilerServices.AsyncTaskMethodBuilder:SetResult ()
0x00000230abd4cbeb (Mono JIT Code) Game.Threading.UnityTask/<WaitForGPUFrame>d__2:MoveNext ()
0x0000023042b2f312 (Mono JIT Code) System.Runtime.CompilerServices.AsyncMethodBuilderCore/MoveNextRunner:InvokeMoveNext (object)
0x0000023041222aae (Mono JIT Code) System.Threading.ExecutionContext:RunInternal (System.Threading.ExecutionContext,System.Threading.ContextCallback,object,bool)
0x00000230412223db (Mono JIT Code) System.Threading.ExecutionContext:Run (System.Threading.ExecutionContext,System.Threading.ContextCallback,object,bool)
0x0000023042b2f1cb (Mono JIT Code) System.Runtime.CompilerServices.AsyncMethodBuilderCore/MoveNextRunner:Run ()
0x0000023044ff6cca (Mono JIT Code) System.Threading.Tasks.AwaitTaskContinuation:InvokeAction (object)
0x0000023042b32175 (Mono JIT Code) System.Threading.Tasks.AwaitTaskContinuation:RunCallback (System.Threading.ContextCallback,object,System.Threading.Tasks.Task&)
0x0000023042b31fd3 (Mono JIT Code) System.Threading.Tasks.SynchronizationContextAwaitTaskContinuation:Run (System.Threading.Tasks.Task,bool)
0x0000023042b2ded7 (Mono JIT Code) System.Threading.Tasks.Task:FinishContinuations ()
0x0000023042b2da73 (Mono JIT Code) System.Threading.Tasks.Task:FinishStageThree ()
0x0000022fc4b750e3 (Mono JIT Code) System.Threading.Tasks.Task`1<bool>:TrySetResult (bool)
0x0000022fc4b74f93 (Mono JIT Code) System.Threading.Tasks.TaskCompletionSource`1<bool>:TrySetResult (bool)
0x0000022fc4b8c0d3 (Mono JIT Code) System.Threading.Tasks.TaskCompletionSource`1<bool>:SetResult (bool)
0x00000230abd4dbcb (Mono JIT Code) Game.Threading.UnityTask/<>c__DisplayClass2_0:<WaitForGPUFrame>b__0 (UnityEngine.Rendering.AsyncGPUReadbackRequest)
0x0000022fc4b70554 (Mono JIT Code) (wrapper runtime-invoke) <Module>:runtime_invoke_void__this___AsyncGPUReadbackRequest (object,intptr,intptr,intptr)
0x00007ff810874b7e (mono-2.0-bdwgc) mono_jit_set_domain
0x00007ff8107ad204 (mono-2.0-bdwgc) mono_object_get_virtual_method
0x00007ff8107ad37c (mono-2.0-bdwgc) mono_runtime_invoke
0x00007ffff8ce1288 (UnityPlayer) 
0x00007ffff8ce173b (UnityPlayer) 
0x00007ffff8dcf778 (UnityPlayer) 
0x00007ffff8dcf964 (UnityPlayer) 
0x00007ffff8dcfe82 (UnityPlayer) 
0x00007ffff90233db (UnityPlayer) 
0x00007ffff9025dab (UnityPlayer) 
0x00007ffff902910b (UnityPlayer) 
0x00007ffff90293ab (UnityPlayer) UnityMain
0x00007ff7fb0611f6 (Cities2) 
0x00007ff96a6ae8d7 (KERNEL32) BaseThreadInitThunk
0x00007ff96bb4c53c (ntdll) RtlUserThreadStart

[FileSystem] [WARN]  Collision detected with new Asset C:/Users/bwort/AppData/LocalLow/Colossal Order/Cities Skylines II/.cache/Mods/mods_subscribed/101898_2/USA Southwest Pack.cok:Office_Decoration_Normal_985078c1c504492d1f7d8b7c17e01fa0.Texture (bb2cc9c7c3c79f103e6c43929668d969) in data source 'ParadoxModsDataSource' (Last: C:/Users/bwort/AppData/LocalLow/Colossal Order/Cities Skylines II/.cache/Mods/mods_subscribed/101898_2/USA Southwest Pack.cok:Office_Decoration_Normal_985078c1c504492d1f7d8b7c17e01fa0.Texture)
0x00007ffff922350d (UnityPlayer) UnityMain
0x00007ffff9223288 (UnityPlayer) UnityMain
0x00007ffff9209cd9 (UnityPlayer) UnityMain
0x00007ffff98a9e51 (UnityPlayer) UnityMain
0x00007ffff888b105 (UnityPlayer) 
0x0000023042b80f33 (Mono JIT Code) (wrapper managed-to-native) UnityEngine.DebugLogHandler:Internal_Log (UnityEngine.LogType,UnityEngine.LogOption,string,UnityEngine.Object)
0x0000023042b80e4b (Mono JIT Code) UnityEngine.DebugLogHandler:LogFormat (UnityEngine.LogType,UnityEngine.Object,string,object[])
0x0000023041124a6a (Mono JIT Code) Colossal.Logging.CustomLogHandler:PostProcessFormat (UnityEngine.LogType,Colossal.Logging.Level,UnityEngine.Object,string,Colossal.Logging.ILog,System.Exception)
0x00000230411241ab (Mono JIT Code) Colossal.Logging.CustomLogHandler:LogFormat (UnityEngine.LogType,UnityEngine.Object,string,object[])
0x0000023041123e71 (Mono JIT Code) UnityEngine.Logger:LogFormat (UnityEngine.LogType,string,object[])
0x000002304112382d (Mono JIT Code) Colossal.Logging.UnityLogger:Log (Colossal.Logging.Level,string,System.Exception)
0x00000230abd5e193 (Mono JIT Code) Colossal.Logging.UnityLogger:WarnFormat (string,object[])
0x00000230a61e3769 (Mono JIT Code) Colossal.IO.AssetDatabase.FileSystemDataSource:AddEntry (Colossal.IO.AssetDatabase.DataSourceModification,bool,string,System.Type,long,long,bool,Colossal.Hash128,Colossal.Hash128,string,bool,System.Collections.Generic.List`1<System.ValueTuple`2<System.Type, Colossal.IO.AssetDatabase.Identifier>>)
0x00000230a622563b (Mono JIT Code) Colossal.IO.AssetDatabase.FileSystemDataSource:PopulateFromPackage (bool,bool,Colossal.Hash128,long,System.Collections.Generic.List`1<System.ValueTuple`2<System.Type, Colossal.IO.AssetDatabase.Identifier>>)
0x00000230a61e39c3 (Mono JIT Code) Colossal.IO.AssetDatabase.FileSystemDataSource:AddEntry (Colossal.IO.AssetDatabase.DataSourceModification,bool,string,System.Type,long,long,bool,Colossal.Hash128,Colossal.Hash128,string,bool,System.Collections.Generic.List`1<System.ValueTuple`2<System.Type, Colossal.IO.AssetDatabase.Identifier>>)
0x00000230a61e0e7b (Mono JIT Code) Colossal.IO.AssetDatabase.FileSystemDataSource:PopulateFromDirectory (string,bool,System.Threading.CancellationToken,System.Collections.Generic.List`1<System.ValueTuple`2<System.Type, Colossal.IO.AssetDatabase.Identifier>>)
0x00000230abd4b073 (Mono JIT Code) Colossal.IO.AssetDatabase.ParadoxModsDataSource/<OnActivePlaysetChanged>d__24:MoveNext ()
0x0000023042b2f312 (Mono JIT Code) System.Runtime.CompilerServices.AsyncMethodBuilderCore/MoveNextRunner:InvokeMoveNext (object)
0x0000023041222aae (Mono JIT Code) System.Threading.ExecutionContext:RunInternal (System.Threading.ExecutionContext,System.Threading.ContextCallback,object,bool)
0x00000230412223db (Mono JIT Code) System.Threading.ExecutionContext:Run (System.Threading.ExecutionContext,System.Threading.ContextCallback,object,bool)
0x0000023042b2f1cb (Mono JIT Code) System.Runtime.CompilerServices.AsyncMethodBuilderCore/MoveNextRunner:Run ()
0x0000023044ff6cca (Mono JIT Code) System.Threading.Tasks.AwaitTaskContinuation:InvokeAction (object)
0x0000023042b32175 (Mono JIT Code) System.Threading.Tasks.AwaitTaskContinuation:RunCallback (System.Threading.ContextCallback,object,System.Threading.Tasks.Task&)
0x0000023042b31fd3 (Mono JIT Code) System.Threading.Tasks.SynchronizationContextAwaitTaskContinuation:Run (System.Threading.Tasks.Task,bool)
0x0000023042b2ded7 (Mono JIT Code) System.Threading.Tasks.Task:FinishContinuations ()
0x0000023042b2da73 (Mono JIT Code) System.Threading.Tasks.Task:FinishStageThree ()
0x0000023042b2d853 (Mono JIT Code) System.Threading.Tasks.Task`1<System.Threading.Tasks.VoidTaskResult>:TrySetResult (System.Threading.Tasks.VoidTaskResult)
0x0000023042b31083 (Mono JIT Code) System.Runtime.CompilerServices.AsyncTaskMethodBuilder`1<System.Threading.Tasks.VoidTaskResult>:SetResult (System.Threading.Tasks.VoidTaskResult)
0x0000023042b216b3 (Mono JIT Code) System.Runtime.CompilerServices.AsyncTaskMethodBuilder`1<System.Threading.Tasks.VoidTaskResult>:SetResult (System.Threading.Tasks.Task`1<System.Threading.Tasks.VoidTaskResult>)
0x0000023042b2160b (Mono JIT Code) System.Runtime.CompilerServices.AsyncTaskMethodBuilder:SetResult ()
0x00000230abd4cbeb (Mono JIT Code) Game.Threading.UnityTask/<WaitForGPUFrame>d__2:MoveNext ()
0x0000023042b2f312 (Mono JIT Code) System.Runtime.CompilerServices.AsyncMethodBuilderCore/MoveNextRunner:InvokeMoveNext (object)
0x0000023041222aae (Mono JIT Code) System.Threading.ExecutionContext:RunInternal (System.Threading.ExecutionContext,System.Threading.ContextCallback,object,bool)
0x00000230412223db (Mono JIT Code) System.Threading.ExecutionContext:Run (System.Threading.ExecutionContext,System.Threading.ContextCallback,object,bool)
0x0000023042b2f1cb (Mono JIT Code) System.Runtime.CompilerServices.AsyncMethodBuilderCore/MoveNextRunner:Run ()
0x0000023044ff6cca (Mono JIT Code) System.Threading.Tasks.AwaitTaskContinuation:InvokeAction (object)
0x0000023042b32175 (Mono JIT Code) System.Threading.Tasks.AwaitTaskContinuation:RunCallback (System.Threading.ContextCallback,object,System.Threading.Tasks.Task&)
0x0000023042b31fd3 (Mono JIT Code) System.Threading.Tasks.SynchronizationContextAwaitTaskContinuation:Run (System.Threading.Tasks.Task,bool)
0x0000023042b2ded7 (Mono JIT Code) System.Threading.Tasks.Task:FinishContinuations ()
0x0000023042b2da73 (Mono JIT Code) System.Threading.Tasks.Task:FinishStageThree ()
0x0000022fc4b750e3 (Mono JIT Code) System.Threading.Tasks.Task`1<bool>:TrySetResult (bool)
0x0000022fc4b74f93 (Mono JIT Code) System.Threading.Tasks.TaskCompletionSource`1<bool>:TrySetResult (bool)
0x0000022fc4b8c0d3 (Mono JIT Code) System.Threading.Tasks.TaskCompletionSource`1<bool>:SetResult (bool)
0x00000230abd4dbcb (Mono JIT Code) Game.Threading.UnityTask/<>c__DisplayClass2_0:<WaitForGPUFrame>b__0 (UnityEngine.Rendering.AsyncGPUReadbackRequest)
0x0000022fc4b70554 (Mono JIT Code) (wrapper runtime-invoke) <Module>:runtime_invoke_void__this___AsyncGPUReadbackRequest (object,intptr,intptr,intptr)
0x00007ff810874b7e (mono-2.0-bdwgc) mono_jit_set_domain
0x00007ff8107ad204 (mono-2.0-bdwgc) mono_object_get_virtual_method
0x00007ff8107ad37c (mono-2.0-bdwgc) mono_runtime_invoke
0x00007ffff8ce1288 (UnityPlayer) 
0x00007ffff8ce173b (UnityPlayer) 
0x00007ffff8dcf778 (UnityPlayer) 
0x00007ffff8dcf964 (UnityPlayer) 
0x00007ffff8dcfe82 (UnityPlayer) 
0x00007ffff90233db (UnityPlayer) 
0x00007ffff9025dab (UnityPlayer) 
0x00007ffff902910b (UnityPlayer) 
0x00007ffff90293ab (UnityPlayer) UnityMain
0x00007ff7fb0611f6 (Cities2) 
0x00007ff96a6ae8d7 (KERNEL32) BaseThreadInitThunk
0x00007ff96bb4c53c (ntdll) RtlUserThreadStart

[FileSystem] [WARN]  Collision detected with new Asset C:/Users/bwort/AppData/LocalLow/Colossal Order/Cities Skylines II/.cache/Mods/mods_subscribed/101898_2/USA Southwest Pack.cok:Office_Decoration_Normal_7566d4e72bdf17afe038fc9d6fe3a019.Texture (7b5c50618aa00df9b17554bed2d96a73) in data source 'ParadoxModsDataSource' (Last: C:/Users/bwort/AppData/LocalLow/Colossal Order/Cities Skylines II/.cache/Mods/mods_subscribed/101898_2/USA Southwest Pack.cok:Office_Decoration_Normal_7566d4e72bdf17afe038fc9d6fe3a019.Texture)
0x00007ffff922350d (UnityPlayer) UnityMain
0x00007ffff9223288 (UnityPlayer) UnityMain
0x00007ffff9209cd9 (UnityPlayer) UnityMain
0x00007ffff98a9e51 (UnityPlayer) UnityMain
0x00007ffff888b105 (UnityPlayer) 
0x0000023042b80f33 (Mono JIT Code) (wrapper managed-to-native) UnityEngine.DebugLogHandler:Internal_Log (UnityEngine.LogType,UnityEngine.LogOption,string,UnityEngine.Object)
0x0000023042b80e4b (Mono JIT Code) UnityEngine.DebugLogHandler:LogFormat (UnityEngine.LogType,UnityEngine.Object,string,object[])
0x0000023041124a6a (Mono JIT Code) Colossal.Logging.CustomLogHandler:PostProcessFormat (UnityEngine.LogType,Colossal.Logging.Level,UnityEngine.Object,string,Colossal.Logging.ILog,System.Exception)
0x00000230411241ab (Mono JIT Code) Colossal.Logging.CustomLogHandler:LogFormat (UnityEngine.LogType,UnityEngine.Object,string,object[])
0x0000023041123e71 (Mono JIT Code) UnityEngine.Logger:LogFormat (UnityEngine.LogType,string,object[])
0x000002304112382d (Mono JIT Code) Colossal.Logging.UnityLogger:Log (Colossal.Logging.Level,string,System.Exception)
0x00000230abd5e193 (Mono JIT Code) Colossal.Logging.UnityLogger:WarnFormat (string,object[])
0x00000230a61e3769 (Mono JIT Code) Colossal.IO.AssetDatabase.FileSystemDataSource:AddEntry (Colossal.IO.AssetDatabase.DataSourceModification,bool,string,System.Type,long,long,bool,Colossal.Hash128,Colossal.Hash128,string,bool,System.Collections.Generic.List`1<System.ValueTuple`2<System.Type, Colossal.IO.AssetDatabase.Identifier>>)
0x00000230a622563b (Mono JIT Code) Colossal.IO.AssetDatabase.FileSystemDataSource:PopulateFromPackage (bool,bool,Colossal.Hash128,long,System.Collections.Generic.List`1<System.ValueTuple`2<System.Type, Colossal.IO.AssetDatabase.Identifier>>)
0x00000230a61e39c3 (Mono JIT Code) Colossal.IO.AssetDatabase.FileSystemDataSource:AddEntry (Colossal.IO.AssetDatabase.DataSourceModification,bool,string,System.Type,long,long,bool,Colossal.Hash128,Colossal.Hash128,string,bool,System.Collections.Generic.List`1<System.ValueTuple`2<System.Type, Colossal.IO.AssetDatabase.Identifier>>)
0x00000230a61e0e7b (Mono JIT Code) Colossal.IO.AssetDatabase.FileSystemDataSource:PopulateFromDirectory (string,bool,System.Threading.CancellationToken,System.Collections.Generic.List`1<System.ValueTuple`2<System.Type, Colossal.IO.AssetDatabase.Identifier>>)
0x00000230abd4b073 (Mono JIT Code) Colossal.IO.AssetDatabase.ParadoxModsDataSource/<OnActivePlaysetChanged>d__24:MoveNext ()
0x0000023042b2f312 (Mono JIT Code) System.Runtime.CompilerServices.AsyncMethodBuilderCore/MoveNextRunner:InvokeMoveNext (object)
0x0000023041222aae (Mono JIT Code) System.Threading.ExecutionContext:RunInternal (System.Threading.ExecutionContext,System.Threading.ContextCallback,object,bool)
0x00000230412223db (Mono JIT Code) System.Threading.ExecutionContext:Run (System.Threading.ExecutionContext,System.Threading.ContextCallback,object,bool)
0x0000023042b2f1cb (Mono JIT Code) System.Runtime.CompilerServices.AsyncMethodBuilderCore/MoveNextRunner:Run ()
0x0000023044ff6cca (Mono JIT Code) System.Threading.Tasks.AwaitTaskContinuation:InvokeAction (object)
0x0000023042b32175 (Mono JIT Code) System.Threading.Tasks.AwaitTaskContinuation:RunCallback (System.Threading.ContextCallback,object,System.Threading.Tasks.Task&)
0x0000023042b31fd3 (Mono JIT Code) System.Threading.Tasks.SynchronizationContextAwaitTaskContinuation:Run (System.Threading.Tasks.Task,bool)
0x0000023042b2ded7 (Mono JIT Code) System.Threading.Tasks.Task:FinishContinuations ()
0x0000023042b2da73 (Mono JIT Code) System.Threading.Tasks.Task:FinishStageThree ()
0x0000023042b2d853 (Mono JIT Code) System.Threading.Tasks.Task`1<System.Threading.Tasks.VoidTaskResult>:TrySetResult (System.Threading.Tasks.VoidTaskResult)
0x0000023042b31083 (Mono JIT Code) System.Runtime.CompilerServices.AsyncTaskMethodBuilder`1<System.Threading.Tasks.VoidTaskResult>:SetResult (System.Threading.Tasks.VoidTaskResult)
0x0000023042b216b3 (Mono JIT Code) System.Runtime.CompilerServices.AsyncTaskMethodBuilder`1<System.Threading.Tasks.VoidTaskResult>:SetResult (System.Threading.Tasks.Task`1<System.Threading.Tasks.VoidTaskResult>)
0x0000023042b2160b (Mono JIT Code) System.Runtime.CompilerServices.AsyncTaskMethodBuilder:SetResult ()
0x00000230abd4cbeb (Mono JIT Code) Game.Threading.UnityTask/<WaitForGPUFrame>d__2:MoveNext ()
0x0000023042b2f312 (Mono JIT Code) System.Runtime.CompilerServices.AsyncMethodBuilderCore/MoveNextRunner:InvokeMoveNext (object)
0x0000023041222aae (Mono JIT Code) System.Threading.ExecutionContext:RunInternal (System.Threading.ExecutionContext,System.Threading.ContextCallback,object,bool)
0x00000230412223db (Mono JIT Code) System.Threading.ExecutionContext:Run (System.Threading.ExecutionContext,System.Threading.ContextCallback,object,bool)
0x0000023042b2f1cb (Mono JIT Code) System.Runtime.CompilerServices.AsyncMethodBuilderCore/MoveNextRunner:Run ()
0x0000023044ff6cca (Mono JIT Code) System.Threading.Tasks.AwaitTaskContinuation:InvokeAction (object)
0x0000023042b32175 (Mono JIT Code) System.Threading.Tasks.AwaitTaskContinuation:RunCallback (System.Threading.ContextCallback,object,System.Threading.Tasks.Task&)
0x0000023042b31fd3 (Mono JIT Code) System.Threading.Tasks.SynchronizationContextAwaitTaskContinuation:Run (System.Threading.Tasks.Task,bool)
0x0000023042b2ded7 (Mono JIT Code) System.Threading.Tasks.Task:FinishContinuations ()
0x0000023042b2da73 (Mono JIT Code) System.Threading.Tasks.Task:FinishStageThree ()
0x0000022fc4b750e3 (Mono JIT Code) System.Threading.Tasks.Task`1<bool>:TrySetResult (bool)
0x0000022fc4b74f93 (Mono JIT Code) System.Threading.Tasks.TaskCompletionSource`1<bool>:TrySetResult (bool)
0x0000022fc4b8c0d3 (Mono JIT Code) System.Threading.Tasks.TaskCompletionSource`1<bool>:SetResult (bool)
0x00000230abd4dbcb (Mono JIT Code) Game.Threading.UnityTask/<>c__DisplayClass2_0:<WaitForGPUFrame>b__0 (UnityEngine.Rendering.AsyncGPUReadbackRequest)
0x0000022fc4b70554 (Mono JIT Code) (wrapper runtime-invoke) <Module>:runtime_invoke_void__this___AsyncGPUReadbackRequest (object,intptr,intptr,intptr)
0x00007ff810874b7e (mono-2.0-bdwgc) mono_jit_set_domain
0x00007ff8107ad204 (mono-2.0-bdwgc) mono_object_get_virtual_method
0x00007ff8107ad37c (mono-2.0-bdwgc) mono_runtime_invoke
0x00007ffff8ce1288 (UnityPlayer) 
0x00007ffff8ce173b (UnityPlayer) 
0x00007ffff8dcf778 (UnityPlayer) 
0x00007ffff8dcf964 (UnityPlayer) 
0x00007ffff8dcfe82 (UnityPlayer) 
0x00007ffff90233db (UnityPlayer) 
0x00007ffff9025dab (UnityPlayer) 
0x00007ffff902910b (UnityPlayer) 
0x00007ffff90293ab (UnityPlayer) UnityMain
0x00007ff7fb0611f6 (Cities2) 
0x00007ff96a6ae8d7 (KERNEL32) BaseThreadInitThunk
0x00007ff96bb4c53c (ntdll) RtlUserThreadStart

[FileSystem] [WARN]  Collision detected with new Asset C:/Users/bwort/AppData/LocalLow/Colossal Order/Cities Skylines II/.cache/Mods/mods_subscribed/101898_2/USA Southwest Pack.cok:Office_Decoration_MaskMap_55bede9d9d8d5d0ad057e35ebde7e9a9.Texture (70015c8053ec9c760b7fe2a05cd128e3) in data source 'ParadoxModsDataSource' (Last: C:/Users/bwort/AppData/LocalLow/Colossal Order/Cities Skylines II/.cache/Mods/mods_subscribed/101898_2/USA Southwest Pack.cok:Office_Decoration_MaskMap_55bede9d9d8d5d0ad057e35ebde7e9a9.Texture)
0x00007ffff922350d (UnityPlayer) UnityMain
0x00007ffff9223288 (UnityPlayer) UnityMain
0x00007ffff9209cd9 (UnityPlayer) UnityMain
0x00007ffff98a9e51 (UnityPlayer) UnityMain
0x00007ffff888b105 (UnityPlayer) 
0x0000023042b80f33 (Mono JIT Code) (wrapper managed-to-native) UnityEngine.DebugLogHandler:Internal_Log (UnityEngine.LogType,UnityEngine.LogOption,string,UnityEngine.Object)
0x0000023042b80e4b (Mono JIT Code) UnityEngine.DebugLogHandler:LogFormat (UnityEngine.LogType,UnityEngine.Object,string,object[])
0x0000023041124a6a (Mono JIT Code) Colossal.Logging.CustomLogHandler:PostProcessFormat (UnityEngine.LogType,Colossal.Logging.Level,UnityEngine.Object,string,Colossal.Logging.ILog,System.Exception)
0x00000230411241ab (Mono JIT Code) Colossal.Logging.CustomLogHandler:LogFormat (UnityEngine.LogType,UnityEngine.Object,string,object[])
0x0000023041123e71 (Mono JIT Code) UnityEngine.Logger:LogFormat (UnityEngine.LogType,string,object[])
0x000002304112382d (Mono JIT Code) Colossal.Logging.UnityLogger:Log (Colossal.Logging.Level,string,System.Exception)
0x00000230abd5e193 (Mono JIT Code) Colossal.Logging.UnityLogger:WarnFormat (string,object[])
0x00000230a61e3769 (Mono JIT Code) Colossal.IO.AssetDatabase.FileSystemDataSource:AddEntry (Colossal.IO.AssetDatabase.DataSourceModification,bool,string,System.Type,long,long,bool,Colossal.Hash128,Colossal.Hash128,string,bool,System.Collections.Generic.List`1<System.ValueTuple`2<System.Type, Colossal.IO.AssetDatabase.Identifier>>)
0x00000230a622563b (Mono JIT Code) Colossal.IO.AssetDatabase.FileSystemDataSource:PopulateFromPackage (bool,bool,Colossal.Hash128,long,System.Collections.Generic.List`1<System.ValueTuple`2<System.Type, Colossal.IO.AssetDatabase.Identifier>>)
0x00000230a61e39c3 (Mono JIT Code) Colossal.IO.AssetDatabase.FileSystemDataSource:AddEntry (Colossal.IO.AssetDatabase.DataSourceModification,bool,string,System.Type,long,long,bool,Colossal.Hash128,Colossal.Hash128,string,bool,System.Collections.Generic.List`1<System.ValueTuple`2<System.Type, Colossal.IO.AssetDatabase.Identifier>>)
0x00000230a61e0e7b (Mono JIT Code) Colossal.IO.AssetDatabase.FileSystemDataSource:PopulateFromDirectory (string,bool,System.Threading.CancellationToken,System.Collections.Generic.List`1<System.ValueTuple`2<System.Type, Colossal.IO.AssetDatabase.Identifier>>)
0x00000230abd4b073 (Mono JIT Code) Colossal.IO.AssetDatabase.ParadoxModsDataSource/<OnActivePlaysetChanged>d__24:MoveNext ()
0x0000023042b2f312 (Mono JIT Code) System.Runtime.CompilerServices.AsyncMethodBuilderCore/MoveNextRunner:InvokeMoveNext (object)
0x0000023041222aae (Mono JIT Code) System.Threading.ExecutionContext:RunInternal (System.Threading.ExecutionContext,System.Threading.ContextCallback,object,bool)
0x00000230412223db (Mono JIT Code) System.Threading.ExecutionContext:Run (System.Threading.ExecutionContext,System.Threading.ContextCallback,object,bool)
0x0000023042b2f1cb (Mono JIT Code) System.Runtime.CompilerServices.AsyncMethodBuilderCore/MoveNextRunner:Run ()
0x0000023044ff6cca (Mono JIT Code) System.Threading.Tasks.AwaitTaskContinuation:InvokeAction (object)
0x0000023042b32175 (Mono JIT Code) System.Threading.Tasks.AwaitTaskContinuation:RunCallback (System.Threading.ContextCallback,object,System.Threading.Tasks.Task&)
0x0000023042b31fd3 (Mono JIT Code) System.Threading.Tasks.SynchronizationContextAwaitTaskContinuation:Run (System.Threading.Tasks.Task,bool)
0x0000023042b2ded7 (Mono JIT Code) System.Threading.Tasks.Task:FinishContinuations ()
0x0000023042b2da73 (Mono JIT Code) System.Threading.Tasks.Task:FinishStageThree ()
0x0000023042b2d853 (Mono JIT Code) System.Threading.Tasks.Task`1<System.Threading.Tasks.VoidTaskResult>:TrySetResult (System.Threading.Tasks.VoidTaskResult)
0x0000023042b31083 (Mono JIT Code) System.Runtime.CompilerServices.AsyncTaskMethodBuilder`1<System.Threading.Tasks.VoidTaskResult>:SetResult (System.Threading.Tasks.VoidTaskResult)
0x0000023042b216b3 (Mono JIT Code) System.Runtime.CompilerServices.AsyncTaskMethodBuilder`1<System.Threading.Tasks.VoidTaskResult>:SetResult (System.Threading.Tasks.Task`1<System.Threading.Tasks.VoidTaskResult>)
0x0000023042b2160b (Mono JIT Code) System.Runtime.CompilerServices.AsyncTaskMethodBuilder:SetResult ()
0x00000230abd4cbeb (Mono JIT Code) Game.Threading.UnityTask/<WaitForGPUFrame>d__2:MoveNext ()
0x0000023042b2f312 (Mono JIT Code) System.Runtime.CompilerServices.AsyncMethodBuilderCore/MoveNextRunner:InvokeMoveNext (object)
0x0000023041222aae (Mono JIT Code) System.Threading.ExecutionContext:RunInternal (System.Threading.ExecutionContext,System.Threading.ContextCallback,object,bool)
0x00000230412223db (Mono JIT Code) System.Threading.ExecutionContext:Run (System.Threading.ExecutionContext,System.Threading.ContextCallback,object,bool)
0x0000023042b2f1cb (Mono JIT Code) System.Runtime.CompilerServices.AsyncMethodBuilderCore/MoveNextRunner:Run ()
0x0000023044ff6cca (Mono JIT Code) System.Threading.Tasks.AwaitTaskContinuation:InvokeAction (object)
0x0000023042b32175 (Mono JIT Code) System.Threading.Tasks.AwaitTaskContinuation:RunCallback (System.Threading.ContextCallback,object,System.Threading.Tasks.Task&)
0x0000023042b31fd3 (Mono JIT Code) System.Threading.Tasks.SynchronizationContextAwaitTaskContinuation:Run (System.Threading.Tasks.Task,bool)
0x0000023042b2ded7 (Mono JIT Code) System.Threading.Tasks.Task:FinishContinuations ()
0x0000023042b2da73 (Mono JIT Code) System.Threading.Tasks.Task:FinishStageThree ()
0x0000022fc4b750e3 (Mono JIT Code) System.Threading.Tasks.Task`1<bool>:TrySetResult (bool)
0x0000022fc4b74f93 (Mono JIT Code) System.Threading.Tasks.TaskCompletionSource`1<bool>:TrySetResult (bool)
0x0000022fc4b8c0d3 (Mono JIT Code) System.Threading.Tasks.TaskCompletionSource`1<bool>:SetResult (bool)
0x00000230abd4dbcb (Mono JIT Code) Game.Threading.UnityTask/<>c__DisplayClass2_0:<WaitForGPUFrame>b__0 (UnityEngine.Rendering.AsyncGPUReadbackRequest)
0x0000022fc4b70554 (Mono JIT Code) (wrapper runtime-invoke) <Module>:runtime_invoke_void__this___AsyncGPUReadbackRequest (object,intptr,intptr,intptr)
0x00007ff810874b7e (mono-2.0-bdwgc) mono_jit_set_domain
0x00007ff8107ad204 (mono-2.0-bdwgc) mono_object_get_virtual_method
0x00007ff8107ad37c (mono-2.0-bdwgc) mono_runtime_invoke
0x00007ffff8ce1288 (UnityPlayer) 
0x00007ffff8ce173b (UnityPlayer) 
0x00007ffff8dcf778 (UnityPlayer) 
0x00007ffff8dcf964 (UnityPlayer) 
0x00007ffff8dcfe82 (UnityPlayer) 
0x00007ffff90233db (UnityPlayer) 
0x00007ffff9025dab (UnityPlayer) 
0x00007ffff902910b (UnityPlayer) 
0x00007ffff90293ab (UnityPlayer) UnityMain
0x00007ff7fb0611f6 (Cities2) 
0x00007ff96a6ae8d7 (KERNEL32) BaseThreadInitThunk
0x00007ff96bb4c53c (ntdll) RtlUserThreadStart

[FileSystem] [WARN]  Collision detected with new Asset C:/Users/bwort/AppData/LocalLow/Colossal Order/Cities Skylines II/.cache/Mods/mods_subscribed/101898_2/USA Southwest Pack.cok:Office_Decoration_MaskMap_ea038d9ef2d93149dab587a9ede88627.Texture (961ac8894f660d6998007c5cdcfffd21) in data source 'ParadoxModsDataSource' (Last: C:/Users/bwort/AppData/LocalLow/Colossal Order/Cities Skylines II/.cache/Mods/mods_subscribed/101898_2/USA Southwest Pack.cok:Office_Decoration_MaskMap_ea038d9ef2d93149dab587a9ede88627.Texture)
0x00007ffff922350d (UnityPlayer) UnityMain
0x00007ffff9223288 (UnityPlayer) UnityMain
0x00007ffff9209cd9 (UnityPlayer) UnityMain
0x00007ffff98a9e51 (UnityPlayer) UnityMain
0x00007ffff888b105 (UnityPlayer) 
0x0000023042b80f33 (Mono JIT Code) (wrapper managed-to-native) UnityEngine.DebugLogHandler:Internal_Log (UnityEngine.LogType,UnityEngine.LogOption,string,UnityEngine.Object)
0x0000023042b80e4b (Mono JIT Code) UnityEngine.DebugLogHandler:LogFormat (UnityEngine.LogType,UnityEngine.Object,string,object[])
0x0000023041124a6a (Mono JIT Code) Colossal.Logging.CustomLogHandler:PostProcessFormat (UnityEngine.LogType,Colossal.Logging.Level,UnityEngine.Object,string,Colossal.Logging.ILog,System.Exception)
0x00000230411241ab (Mono JIT Code) Colossal.Logging.CustomLogHandler:LogFormat (UnityEngine.LogType,UnityEngine.Object,string,object[])
0x0000023041123e71 (Mono JIT Code) UnityEngine.Logger:LogFormat (UnityEngine.LogType,string,object[])
0x000002304112382d (Mono JIT Code) Colossal.Logging.UnityLogger:Log (Colossal.Logging.Level,string,System.Exception)
0x00000230abd5e193 (Mono JIT Code) Colossal.Logging.UnityLogger:WarnFormat (string,object[])
0x00000230a61e3769 (Mono JIT Code) Colossal.IO.AssetDatabase.FileSystemDataSource:AddEntry (Colossal.IO.AssetDatabase.DataSourceModification,bool,string,System.Type,long,long,bool,Colossal.Hash128,Colossal.Hash128,string,bool,System.Collections.Generic.List`1<System.ValueTuple`2<System.Type, Colossal.IO.AssetDatabase.Identifier>>)
0x00000230a622563b (Mono JIT Code) Colossal.IO.AssetDatabase.FileSystemDataSource:PopulateFromPackage (bool,bool,Colossal.Hash128,long,System.Collections.Generic.List`1<System.ValueTuple`2<System.Type, Colossal.IO.AssetDatabase.Identifier>>)
0x00000230a61e39c3 (Mono JIT Code) Colossal.IO.AssetDatabase.FileSystemDataSource:AddEntry (Colossal.IO.AssetDatabase.DataSourceModification,bool,string,System.Type,long,long,bool,Colossal.Hash128,Colossal.Hash128,string,bool,System.Collections.Generic.List`1<System.ValueTuple`2<System.Type, Colossal.IO.AssetDatabase.Identifier>>)
0x00000230a61e0e7b (Mono JIT Code) Colossal.IO.AssetDatabase.FileSystemDataSource:PopulateFromDirectory (string,bool,System.Threading.CancellationToken,System.Collections.Generic.List`1<System.ValueTuple`2<System.Type, Colossal.IO.AssetDatabase.Identifier>>)
0x00000230abd4b073 (Mono JIT Code) Colossal.IO.AssetDatabase.ParadoxModsDataSource/<OnActivePlaysetChanged>d__24:MoveNext ()
0x0000023042b2f312 (Mono JIT Code) System.Runtime.CompilerServices.AsyncMethodBuilderCore/MoveNextRunner:InvokeMoveNext (object)
0x0000023041222aae (Mono JIT Code) System.Threading.ExecutionContext:RunInternal (System.Threading.ExecutionContext,System.Threading.ContextCallback,object,bool)
0x00000230412223db (Mono JIT Code) System.Threading.ExecutionContext:Run (System.Threading.ExecutionContext,System.Threading.ContextCallback,object,bool)
0x0000023042b2f1cb (Mono JIT Code) System.Runtime.CompilerServices.AsyncMethodBuilderCore/MoveNextRunner:Run ()
0x0000023044ff6cca (Mono JIT Code) System.Threading.Tasks.AwaitTaskContinuation:InvokeAction (object)
0x0000023042b32175 (Mono JIT Code) System.Threading.Tasks.AwaitTaskContinuation:RunCallback (System.Threading.ContextCallback,object,System.Threading.Tasks.Task&)
0x0000023042b31fd3 (Mono JIT Code) System.Threading.Tasks.SynchronizationContextAwaitTaskContinuation:Run (System.Threading.Tasks.Task,bool)
0x0000023042b2ded7 (Mono JIT Code) System.Threading.Tasks.Task:FinishContinuations ()
0x0000023042b2da73 (Mono JIT Code) System.Threading.Tasks.Task:FinishStageThree ()
0x0000023042b2d853 (Mono JIT Code) System.Threading.Tasks.Task`1<System.Threading.Tasks.VoidTaskResult>:TrySetResult (System.Threading.Tasks.VoidTaskResult)
0x0000023042b31083 (Mono JIT Code) System.Runtime.CompilerServices.AsyncTaskMethodBuilder`1<System.Threading.Tasks.VoidTaskResult>:SetResult (System.Threading.Tasks.VoidTaskResult)
0x0000023042b216b3 (Mono JIT Code) System.Runtime.CompilerServices.AsyncTaskMethodBuilder`1<System.Threading.Tasks.VoidTaskResult>:SetResult (System.Threading.Tasks.Task`1<System.Threading.Tasks.VoidTaskResult>)
0x0000023042b2160b (Mono JIT Code) System.Runtime.CompilerServices.AsyncTaskMethodBuilder:SetResult ()
0x00000230abd4cbeb (Mono JIT Code) Game.Threading.UnityTask/<WaitForGPUFrame>d__2:MoveNext ()
0x0000023042b2f312 (Mono JIT Code) System.Runtime.CompilerServices.AsyncMethodBuilderCore/MoveNextRunner:InvokeMoveNext (object)
0x0000023041222aae (Mono JIT Code) System.Threading.ExecutionContext:RunInternal (System.Threading.ExecutionContext,System.Threading.ContextCallback,object,bool)
0x00000230412223db (Mono JIT Code) System.Threading.ExecutionContext:Run (System.Threading.ExecutionContext,System.Threading.ContextCallback,object,bool)
0x0000023042b2f1cb (Mono JIT Code) System.Runtime.CompilerServices.AsyncMethodBuilderCore/MoveNextRunner:Run ()
0x0000023044ff6cca (Mono JIT Code) System.Threading.Tasks.AwaitTaskContinuation:InvokeAction (object)
0x0000023042b32175 (Mono JIT Code) System.Threading.Tasks.AwaitTaskContinuation:RunCallback (System.Threading.ContextCallback,object,System.Threading.Tasks.Task&)
0x0000023042b31fd3 (Mono JIT Code) System.Threading.Tasks.SynchronizationContextAwaitTaskContinuation:Run (System.Threading.Tasks.Task,bool)
0x0000023042b2ded7 (Mono JIT Code) System.Threading.Tasks.Task:FinishContinuations ()
0x0000023042b2da73 (Mono JIT Code) System.Threading.Tasks.Task:FinishStageThree ()
0x0000022fc4b750e3 (Mono JIT Code) System.Threading.Tasks.Task`1<bool>:TrySetResult (bool)
0x0000022fc4b74f93 (Mono JIT Code) System.Threading.Tasks.TaskCompletionSource`1<bool>:TrySetResult (bool)
0x0000022fc4b8c0d3 (Mono JIT Code) System.Threading.Tasks.TaskCompletionSource`1<bool>:SetResult (bool)
0x00000230abd4dbcb (Mono JIT Code) Game.Threading.UnityTask/<>c__DisplayClass2_0:<WaitForGPUFrame>b__0 (UnityEngine.Rendering.AsyncGPUReadbackRequest)
0x0000022fc4b70554 (Mono JIT Code) (wrapper runtime-invoke) <Module>:runtime_invoke_void__this___AsyncGPUReadbackRequest (object,intptr,intptr,intptr)
0x00007ff810874b7e (mono-2.0-bdwgc) mono_jit_set_domain
0x00007ff8107ad204 (mono-2.0-bdwgc) mono_object_get_virtual_method
0x00007ff8107ad37c (mono-2.0-bdwgc) mono_runtime_invoke
0x00007ffff8ce1288 (UnityPlayer) 
0x00007ffff8ce173b (UnityPlayer) 
0x00007ffff8dcf778 (UnityPlayer) 
0x00007ffff8dcf964 (UnityPlayer) 
0x00007ffff8dcfe82 (UnityPlayer) 
0x00007ffff90233db (UnityPlayer) 
0x00007ffff9025dab (UnityPlayer) 
0x00007ffff902910b (UnityPlayer) 
0x00007ffff90293ab (UnityPlayer) UnityMain
0x00007ff7fb0611f6 (Cities2) 
0x00007ff96a6ae8d7 (KERNEL32) BaseThreadInitThunk
0x00007ff96bb4c53c (ntdll) RtlUserThreadStart

[FileSystem] [WARN]  Collision detected with new Asset C:/Users/bwort/AppData/LocalLow/Colossal Order/Cities Skylines II/.cache/Mods/mods_subscribed/101898_2/USA Southwest Pack.cok:Default_Interior_8e19aff8263ad6b2b498e0b56e314f8d.Texture (588a81ee5a95a7830e180b061b990ff0) in data source 'ParadoxModsDataSource' (Last: C:/Users/bwort/AppData/LocalLow/Colossal Order/Cities Skylines II/.cache/Mods/mods_subscribed/101898_2/USA Southwest Pack.cok:Default_Interior_8e19aff8263ad6b2b498e0b56e314f8d.Texture)
0x00007ffff922350d (UnityPlayer) UnityMain
0x00007ffff9223288 (UnityPlayer) UnityMain
0x00007ffff9209cd9 (UnityPlayer) UnityMain
0x00007ffff98a9e51 (UnityPlayer) UnityMain
0x00007ffff888b105 (UnityPlayer) 
0x0000023042b80f33 (Mono JIT Code) (wrapper managed-to-native) UnityEngine.DebugLogHandler:Internal_Log (UnityEngine.LogType,UnityEngine.LogOption,string,UnityEngine.Object)
0x0000023042b80e4b (Mono JIT Code) UnityEngine.DebugLogHandler:LogFormat (UnityEngine.LogType,UnityEngine.Object,string,object[])
0x0000023041124a6a (Mono JIT Code) Colossal.Logging.CustomLogHandler:PostProcessFormat (UnityEngine.LogType,Colossal.Logging.Level,UnityEngine.Object,string,Colossal.Logging.ILog,System.Exception)
0x00000230411241ab (Mono JIT Code) Colossal.Logging.CustomLogHandler:LogFormat (UnityEngine.LogType,UnityEngine.Object,string,object[])
0x0000023041123e71 (Mono JIT Code) UnityEngine.Logger:LogFormat (UnityEngine.LogType,string,object[])
0x000002304112382d (Mono JIT Code) Colossal.Logging.UnityLogger:Log (Colossal.Logging.Level,string,System.Exception)
0x00000230abd5e193 (Mono JIT Code) Colossal.Logging.UnityLogger:WarnFormat (string,object[])
0x00000230a61e3769 (Mono JIT Code) Colossal.IO.AssetDatabase.FileSystemDataSource:AddEntry (Colossal.IO.AssetDatabase.DataSourceModification,bool,string,System.Type,long,long,bool,Colossal.Hash128,Colossal.Hash128,string,bool,System.Collections.Generic.List`1<System.ValueTuple`2<System.Type, Colossal.IO.AssetDatabase.Identifier>>)
0x00000230a622563b (Mono JIT Code) Colossal.IO.AssetDatabase.FileSystemDataSource:PopulateFromPackage (bool,bool,Colossal.Hash128,long,System.Collections.Generic.List`1<System.ValueTuple`2<System.Type, Colossal.IO.AssetDatabase.Identifier>>)
0x00000230a61e39c3 (Mono JIT Code) Colossal.IO.AssetDatabase.FileSystemDataSource:AddEntry (Colossal.IO.AssetDatabase.DataSourceModification,bool,string,System.Type,long,long,bool,Colossal.Hash128,Colossal.Hash128,string,bool,System.Collections.Generic.List`1<System.ValueTuple`2<System.Type, Colossal.IO.AssetDatabase.Identifier>>)
0x00000230a61e0e7b (Mono JIT Code) Colossal.IO.AssetDatabase.FileSystemDataSource:PopulateFromDirectory (string,bool,System.Threading.CancellationToken,System.Collections.Generic.List`1<System.ValueTuple`2<System.Type, Colossal.IO.AssetDatabase.Identifier>>)
0x00000230abd4b073 (Mono JIT Code) Colossal.IO.AssetDatabase.ParadoxModsDataSource/<OnActivePlaysetChanged>d__24:MoveNext ()
0x0000023042b2f312 (Mono JIT Code) System.Runtime.CompilerServices.AsyncMethodBuilderCore/MoveNextRunner:InvokeMoveNext (object)
0x0000023041222aae (Mono JIT Code) System.Threading.ExecutionContext:RunInternal (System.Threading.ExecutionContext,System.Threading.ContextCallback,object,bool)
0x00000230412223db (Mono JIT Code) System.Threading.ExecutionContext:Run (System.Threading.ExecutionContext,System.Threading.ContextCallback,object,bool)
0x0000023042b2f1cb (Mono JIT Code) System.Runtime.CompilerServices.AsyncMethodBuilderCore/MoveNextRunner:Run ()
0x0000023044ff6cca (Mono JIT Code) System.Threading.Tasks.AwaitTaskContinuation:InvokeAction (object)
0x0000023042b32175 (Mono JIT Code) System.Threading.Tasks.AwaitTaskContinuation:RunCallback (System.Threading.ContextCallback,object,System.Threading.Tasks.Task&)
0x0000023042b31fd3 (Mono JIT Code) System.Threading.Tasks.SynchronizationContextAwaitTaskContinuation:Run (System.Threading.Tasks.Task,bool)
0x0000023042b2ded7 (Mono JIT Code) System.Threading.Tasks.Task:FinishContinuations ()
0x0000023042b2da73 (Mono JIT Code) System.Threading.Tasks.Task:FinishStageThree ()
0x0000023042b2d853 (Mono JIT Code) System.Threading.Tasks.Task`1<System.Threading.Tasks.VoidTaskResult>:TrySetResult (System.Threading.Tasks.VoidTaskResult)
0x0000023042b31083 (Mono JIT Code) System.Runtime.CompilerServices.AsyncTaskMethodBuilder`1<System.Threading.Tasks.VoidTaskResult>:SetResult (System.Threading.Tasks.VoidTaskResult)
0x0000023042b216b3 (Mono JIT Code) System.Runtime.CompilerServices.AsyncTaskMethodBuilder`1<System.Threading.Tasks.VoidTaskResult>:SetResult (System.Threading.Tasks.Task`1<System.Threading.Tasks.VoidTaskResult>)
0x0000023042b2160b (Mono JIT Code) System.Runtime.CompilerServices.AsyncTaskMethodBuilder:SetResult ()
0x00000230abd4cbeb (Mono JIT Code) Game.Threading.UnityTask/<WaitForGPUFrame>d__2:MoveNext ()
0x0000023042b2f312 (Mono JIT Code) System.Runtime.CompilerServices.AsyncMethodBuilderCore/MoveNextRunner:InvokeMoveNext (object)
0x0000023041222aae (Mono JIT Code) System.Threading.ExecutionContext:RunInternal (System.Threading.ExecutionContext,System.Threading.ContextCallback,object,bool)
0x00000230412223db (Mono JIT Code) System.Threading.ExecutionContext:Run (System.Threading.ExecutionContext,System.Threading.ContextCallback,object,bool)
0x0000023042b2f1cb (Mono JIT Code) System.Runtime.CompilerServices.AsyncMethodBuilderCore/MoveNextRunner:Run ()
0x0000023044ff6cca (Mono JIT Code) System.Threading.Tasks.AwaitTaskContinuation:InvokeAction (object)
0x0000023042b32175 (Mono JIT Code) System.Threading.Tasks.AwaitTaskContinuation:RunCallback (System.Threading.ContextCallback,object,System.Threading.Tasks.Task&)
0x0000023042b31fd3 (Mono JIT Code) System.Threading.Tasks.SynchronizationContextAwaitTaskContinuation:Run (System.Threading.Tasks.Task,bool)
0x0000023042b2ded7 (Mono JIT Code) System.Threading.Tasks.Task:FinishContinuations ()
0x0000023042b2da73 (Mono JIT Code) System.Threading.Tasks.Task:FinishStageThree ()
0x0000022fc4b750e3 (Mono JIT Code) System.Threading.Tasks.Task`1<bool>:TrySetResult (bool)
0x0000022fc4b74f93 (Mono JIT Code) System.Threading.Tasks.TaskCompletionSource`1<bool>:TrySetResult (bool)
0x0000022fc4b8c0d3 (Mono JIT Code) System.Threading.Tasks.TaskCompletionSource`1<bool>:SetResult (bool)
0x00000230abd4dbcb (Mono JIT Code) Game.Threading.UnityTask/<>c__DisplayClass2_0:<WaitForGPUFrame>b__0 (UnityEngine.Rendering.AsyncGPUReadbackRequest)
0x0000022fc4b70554 (Mono JIT Code) (wrapper runtime-invoke) <Module>:runtime_invoke_void__this___AsyncGPUReadbackRequest (object,intptr,intptr,intptr)
0x00007ff810874b7e (mono-2.0-bdwgc) mono_jit_set_domain
0x00007ff8107ad204 (mono-2.0-bdwgc) mono_object_get_virtual_method
0x00007ff8107ad37c (mono-2.0-bdwgc) mono_runtime_invoke
0x00007ffff8ce1288 (UnityPlayer) 
0x00007ffff8ce173b (UnityPlayer) 
0x00007ffff8dcf778 (UnityPlayer) 
0x00007ffff8dcf964 (UnityPlayer) 
0x00007ffff8dcfe82 (UnityPlayer) 
0x00007ffff90233db (UnityPlayer) 
0x00007ffff9025dab (UnityPlayer) 
0x00007ffff902910b (UnityPlayer) 
0x00007ffff90293ab (UnityPlayer) UnityMain
0x00007ff7fb0611f6 (Cities2) 
0x00007ff96a6ae8d7 (KERNEL32) BaseThreadInitThunk
0x00007ff96bb4c53c (ntdll) RtlUserThreadStart

[FileSystem] [WARN]  Collision detected with new Asset C:/Users/bwort/AppData/LocalLow/Colossal Order/Cities Skylines II/.cache/Mods/mods_subscribed/101898_2/USA Southwest Pack.cok:Residential_Decoration_MaskMap_1705f418cc54dedf969b5e5506e0849f.Texture (66bf83d4efa43d7384d58415838a14d4) in data source 'ParadoxModsDataSource' (Last: C:/Users/bwort/AppData/LocalLow/Colossal Order/Cities Skylines II/.cache/Mods/mods_subscribed/101898_2/USA Southwest Pack.cok:Residential_Decoration_MaskMap_1705f418cc54dedf969b5e5506e0849f.Texture)
0x00007ffff922350d (UnityPlayer) UnityMain
0x00007ffff9223288 (UnityPlayer) UnityMain
0x00007ffff9209cd9 (UnityPlayer) UnityMain
0x00007ffff98a9e51 (UnityPlayer) UnityMain
0x00007ffff888b105 (UnityPlayer) 
0x0000023042b80f33 (Mono JIT Code) (wrapper managed-to-native) UnityEngine.DebugLogHandler:Internal_Log (UnityEngine.LogType,UnityEngine.LogOption,string,UnityEngine.Object)
0x0000023042b80e4b (Mono JIT Code) UnityEngine.DebugLogHandler:LogFormat (UnityEngine.LogType,UnityEngine.Object,string,object[])
0x0000023041124a6a (Mono JIT Code) Colossal.Logging.CustomLogHandler:PostProcessFormat (UnityEngine.LogType,Colossal.Logging.Level,UnityEngine.Object,string,Colossal.Logging.ILog,System.Exception)
0x00000230411241ab (Mono JIT Code) Colossal.Logging.CustomLogHandler:LogFormat (UnityEngine.LogType,UnityEngine.Object,string,object[])
0x0000023041123e71 (Mono JIT Code) UnityEngine.Logger:LogFormat (UnityEngine.LogType,string,object[])
0x000002304112382d (Mono JIT Code) Colossal.Logging.UnityLogger:Log (Colossal.Logging.Level,string,System.Exception)
0x00000230abd5e193 (Mono JIT Code) Colossal.Logging.UnityLogger:WarnFormat (string,object[])
0x00000230a61e3769 (Mono JIT Code) Colossal.IO.AssetDatabase.FileSystemDataSource:AddEntry (Colossal.IO.AssetDatabase.DataSourceModification,bool,string,System.Type,long,long,bool,Colossal.Hash128,Colossal.Hash128,string,bool,System.Collections.Generic.List`1<System.ValueTuple`2<System.Type, Colossal.IO.AssetDatabase.Identifier>>)
0x00000230a622563b (Mono JIT Code) Colossal.IO.AssetDatabase.FileSystemDataSource:PopulateFromPackage (bool,bool,Colossal.Hash128,long,System.Collections.Generic.List`1<System.ValueTuple`2<System.Type, Colossal.IO.AssetDatabase.Identifier>>)
0x00000230a61e39c3 (Mono JIT Code) Colossal.IO.AssetDatabase.FileSystemDataSource:AddEntry (Colossal.IO.AssetDatabase.DataSourceModification,bool,string,System.Type,long,long,bool,Colossal.Hash128,Colossal.Hash128,string,bool,System.Collections.Generic.List`1<System.ValueTuple`2<System.Type, Colossal.IO.AssetDatabase.Identifier>>)
0x00000230a61e0e7b (Mono JIT Code) Colossal.IO.AssetDatabase.FileSystemDataSource:PopulateFromDirectory (string,bool,System.Threading.CancellationToken,System.Collections.Generic.List`1<System.ValueTuple`2<System.Type, Colossal.IO.AssetDatabase.Identifier>>)
0x00000230abd4b073 (Mono JIT Code) Colossal.IO.AssetDatabase.ParadoxModsDataSource/<OnActivePlaysetChanged>d__24:MoveNext ()
0x0000023042b2f312 (Mono JIT Code) System.Runtime.CompilerServices.AsyncMethodBuilderCore/MoveNextRunner:InvokeMoveNext (object)
0x0000023041222aae (Mono JIT Code) System.Threading.ExecutionContext:RunInternal (System.Threading.ExecutionContext,System.Threading.ContextCallback,object,bool)
0x00000230412223db (Mono JIT Code) System.Threading.ExecutionContext:Run (System.Threading.ExecutionContext,System.Threading.ContextCallback,object,bool)
0x0000023042b2f1cb (Mono JIT Code) System.Runtime.CompilerServices.AsyncMethodBuilderCore/MoveNextRunner:Run ()
0x0000023044ff6cca (Mono JIT Code) System.Threading.Tasks.AwaitTaskContinuation:InvokeAction (object)
0x0000023042b32175 (Mono JIT Code) System.Threading.Tasks.AwaitTaskContinuation:RunCallback (System.Threading.ContextCallback,object,System.Threading.Tasks.Task&)
0x0000023042b31fd3 (Mono JIT Code) System.Threading.Tasks.SynchronizationContextAwaitTaskContinuation:Run (System.Threading.Tasks.Task,bool)
0x0000023042b2ded7 (Mono JIT Code) System.Threading.Tasks.Task:FinishContinuations ()
0x0000023042b2da73 (Mono JIT Code) System.Threading.Tasks.Task:FinishStageThree ()
0x0000023042b2d853 (Mono JIT Code) System.Threading.Tasks.Task`1<System.Threading.Tasks.VoidTaskResult>:TrySetResult (System.Threading.Tasks.VoidTaskResult)
0x0000023042b31083 (Mono JIT Code) System.Runtime.CompilerServices.AsyncTaskMethodBuilder`1<System.Threading.Tasks.VoidTaskResult>:SetResult (System.Threading.Tasks.VoidTaskResult)
0x0000023042b216b3 (Mono JIT Code) System.Runtime.CompilerServices.AsyncTaskMethodBuilder`1<System.Threading.Tasks.VoidTaskResult>:SetResult (System.Threading.Tasks.Task`1<System.Threading.Tasks.VoidTaskResult>)
0x0000023042b2160b (Mono JIT Code) System.Runtime.CompilerServices.AsyncTaskMethodBuilder:SetResult ()
0x00000230abd4cbeb (Mono JIT Code) Game.Threading.UnityTask/<WaitForGPUFrame>d__2:MoveNext ()
0x0000023042b2f312 (Mono JIT Code) System.Runtime.CompilerServices.AsyncMethodBuilderCore/MoveNextRunner:InvokeMoveNext (object)
0x0000023041222aae (Mono JIT Code) System.Threading.ExecutionContext:RunInternal (System.Threading.ExecutionContext,System.Threading.ContextCallback,object,bool)
0x00000230412223db (Mono JIT Code) System.Threading.ExecutionContext:Run (System.Threading.ExecutionContext,System.Threading.ContextCallback,object,bool)
0x0000023042b2f1cb (Mono JIT Code) System.Runtime.CompilerServices.AsyncMethodBuilderCore/MoveNextRunner:Run ()
0x0000023044ff6cca (Mono JIT Code) System.Threading.Tasks.AwaitTaskContinuation:InvokeAction (object)
0x0000023042b32175 (Mono JIT Code) System.Threading.Tasks.AwaitTaskContinuation:RunCallback (System.Threading.ContextCallback,object,System.Threading.Tasks.Task&)
0x0000023042b31fd3 (Mono JIT Code) System.Threading.Tasks.SynchronizationContextAwaitTaskContinuation:Run (System.Threading.Tasks.Task,bool)
0x0000023042b2ded7 (Mono JIT Code) System.Threading.Tasks.Task:FinishContinuations ()
0x0000023042b2da73 (Mono JIT Code) System.Threading.Tasks.Task:FinishStageThree ()
0x0000022fc4b750e3 (Mono JIT Code) System.Threading.Tasks.Task`1<bool>:TrySetResult (bool)
0x0000022fc4b74f93 (Mono JIT Code) System.Threading.Tasks.TaskCompletionSource`1<bool>:TrySetResult (bool)
0x0000022fc4b8c0d3 (Mono JIT Code) System.Threading.Tasks.TaskCompletionSource`1<bool>:SetResult (bool)
0x00000230abd4dbcb (Mono JIT Code) Game.Threading.UnityTask/<>c__DisplayClass2_0:<WaitForGPUFrame>b__0 (UnityEngine.Rendering.AsyncGPUReadbackRequest)
0x0000022fc4b70554 (Mono JIT Code) (wrapper runtime-invoke) <Module>:runtime_invoke_void__this___AsyncGPUReadbackRequest (object,intptr,intptr,intptr)
0x00007ff810874b7e (mono-2.0-bdwgc) mono_jit_set_domain
0x00007ff8107ad204 (mono-2.0-bdwgc) mono_object_get_virtual_method
0x00007ff8107ad37c (mono-2.0-bdwgc) mono_runtime_invoke
0x00007ffff8ce1288 (UnityPlayer) 
0x00007ffff8ce173b (UnityPlayer) 
0x00007ffff8dcf778 (UnityPlayer) 
0x00007ffff8dcf964 (UnityPlayer) 
0x00007ffff8dcfe82 (UnityPlayer) 
0x00007ffff90233db (UnityPlayer) 
0x00007ffff9025dab (UnityPlayer) 
0x00007ffff902910b (UnityPlayer) 
0x00007ffff90293ab (UnityPlayer) UnityMain
0x00007ff7fb0611f6 (Cities2) 
0x00007ff96a6ae8d7 (KERNEL32) BaseThreadInitThunk
0x00007ff96bb4c53c (ntdll) RtlUserThreadStart

[FileSystem] [WARN]  Collision detected with new Asset C:/Users/bwort/AppData/LocalLow/Colossal Order/Cities Skylines II/.cache/Mods/mods_subscribed/101898_2/USA Southwest Pack.cok:Residential_Decoration_Normal_ee5f65de036a0ee2d04fbc8398b48180.Texture (6861a8bcafe6be11e89f232eabf47541) in data source 'ParadoxModsDataSource' (Last: C:/Users/bwort/AppData/LocalLow/Colossal Order/Cities Skylines II/.cache/Mods/mods_subscribed/101898_2/USA Southwest Pack.cok:Residential_Decoration_Normal_ee5f65de036a0ee2d04fbc8398b48180.Texture)
0x00007ffff922350d (UnityPlayer) UnityMain
0x00007ffff9223288 (UnityPlayer) UnityMain
0x00007ffff9209cd9 (UnityPlayer) UnityMain
0x00007ffff98a9e51 (UnityPlayer) UnityMain
0x00007ffff888b105 (UnityPlayer) 
0x0000023042b80f33 (Mono JIT Code) (wrapper managed-to-native) UnityEngine.DebugLogHandler:Internal_Log (UnityEngine.LogType,UnityEngine.LogOption,string,UnityEngine.Object)
0x0000023042b80e4b (Mono JIT Code) UnityEngine.DebugLogHandler:LogFormat (UnityEngine.LogType,UnityEngine.Object,string,object[])
0x0000023041124a6a (Mono JIT Code) Colossal.Logging.CustomLogHandler:PostProcessFormat (UnityEngine.LogType,Colossal.Logging.Level,UnityEngine.Object,string,Colossal.Logging.ILog,System.Exception)
0x00000230411241ab (Mono JIT Code) Colossal.Logging.CustomLogHandler:LogFormat (UnityEngine.LogType,UnityEngine.Object,string,object[])
0x0000023041123e71 (Mono JIT Code) UnityEngine.Logger:LogFormat (UnityEngine.LogType,string,object[])
0x000002304112382d (Mono JIT Code) Colossal.Logging.UnityLogger:Log (Colossal.Logging.Level,string,System.Exception)
0x00000230abd5e193 (Mono JIT Code) Colossal.Logging.UnityLogger:WarnFormat (string,object[])
0x00000230a61e3769 (Mono JIT Code) Colossal.IO.AssetDatabase.FileSystemDataSource:AddEntry (Colossal.IO.AssetDatabase.DataSourceModification,bool,string,System.Type,long,long,bool,Colossal.Hash128,Colossal.Hash128,string,bool,System.Collections.Generic.List`1<System.ValueTuple`2<System.Type, Colossal.IO.AssetDatabase.Identifier>>)
0x00000230a622563b (Mono JIT Code) Colossal.IO.AssetDatabase.FileSystemDataSource:PopulateFromPackage (bool,bool,Colossal.Hash128,long,System.Collections.Generic.List`1<System.ValueTuple`2<System.Type, Colossal.IO.AssetDatabase.Identifier>>)
0x00000230a61e39c3 (Mono JIT Code) Colossal.IO.AssetDatabase.FileSystemDataSource:AddEntry (Colossal.IO.AssetDatabase.DataSourceModification,bool,string,System.Type,long,long,bool,Colossal.Hash128,Colossal.Hash128,string,bool,System.Collections.Generic.List`1<System.ValueTuple`2<System.Type, Colossal.IO.AssetDatabase.Identifier>>)
0x00000230a61e0e7b (Mono JIT Code) Colossal.IO.AssetDatabase.FileSystemDataSource:PopulateFromDirectory (string,bool,System.Threading.CancellationToken,System.Collections.Generic.List`1<System.ValueTuple`2<System.Type, Colossal.IO.AssetDatabase.Identifier>>)
0x00000230abd4b073 (Mono JIT Code) Colossal.IO.AssetDatabase.ParadoxModsDataSource/<OnActivePlaysetChanged>d__24:MoveNext ()
0x0000023042b2f312 (Mono JIT Code) System.Runtime.CompilerServices.AsyncMethodBuilderCore/MoveNextRunner:InvokeMoveNext (object)
0x0000023041222aae (Mono JIT Code) System.Threading.ExecutionContext:RunInternal (System.Threading.ExecutionContext,System.Threading.ContextCallback,object,bool)
0x00000230412223db (Mono JIT Code) System.Threading.ExecutionContext:Run (System.Threading.ExecutionContext,System.Threading.ContextCallback,object,bool)
0x0000023042b2f1cb (Mono JIT Code) System.Runtime.CompilerServices.AsyncMethodBuilderCore/MoveNextRunner:Run ()
0x0000023044ff6cca (Mono JIT Code) System.Threading.Tasks.AwaitTaskContinuation:InvokeAction (object)
0x0000023042b32175 (Mono JIT Code) System.Threading.Tasks.AwaitTaskContinuation:RunCallback (System.Threading.ContextCallback,object,System.Threading.Tasks.Task&)
0x0000023042b31fd3 (Mono JIT Code) System.Threading.Tasks.SynchronizationContextAwaitTaskContinuation:Run (System.Threading.Tasks.Task,bool)
0x0000023042b2ded7 (Mono JIT Code) System.Threading.Tasks.Task:FinishContinuations ()
0x0000023042b2da73 (Mono JIT Code) System.Threading.Tasks.Task:FinishStageThree ()
0x0000023042b2d853 (Mono JIT Code) System.Threading.Tasks.Task`1<System.Threading.Tasks.VoidTaskResult>:TrySetResult (System.Threading.Tasks.VoidTaskResult)
0x0000023042b31083 (Mono JIT Code) System.Runtime.CompilerServices.AsyncTaskMethodBuilder`1<System.Threading.Tasks.VoidTaskResult>:SetResult (System.Threading.Tasks.VoidTaskResult)
0x0000023042b216b3 (Mono JIT Code) System.Runtime.CompilerServices.AsyncTaskMethodBuilder`1<System.Threading.Tasks.VoidTaskResult>:SetResult (System.Threading.Tasks.Task`1<System.Threading.Tasks.VoidTaskResult>)
0x0000023042b2160b (Mono JIT Code) System.Runtime.CompilerServices.AsyncTaskMethodBuilder:SetResult ()
0x00000230abd4cbeb (Mono JIT Code) Game.Threading.UnityTask/<WaitForGPUFrame>d__2:MoveNext ()
0x0000023042b2f312 (Mono JIT Code) System.Runtime.CompilerServices.AsyncMethodBuilderCore/MoveNextRunner:InvokeMoveNext (object)
0x0000023041222aae (Mono JIT Code) System.Threading.ExecutionContext:RunInternal (System.Threading.ExecutionContext,System.Threading.ContextCallback,object,bool)
0x00000230412223db (Mono JIT Code) System.Threading.ExecutionContext:Run (System.Threading.ExecutionContext,System.Threading.ContextCallback,object,bool)
0x0000023042b2f1cb (Mono JIT Code) System.Runtime.CompilerServices.AsyncMethodBuilderCore/MoveNextRunner:Run ()
0x0000023044ff6cca (Mono JIT Code) System.Threading.Tasks.AwaitTaskContinuation:InvokeAction (object)
0x0000023042b32175 (Mono JIT Code) System.Threading.Tasks.AwaitTaskContinuation:RunCallback (System.Threading.ContextCallback,object,System.Threading.Tasks.Task&)
0x0000023042b31fd3 (Mono JIT Code) System.Threading.Tasks.SynchronizationContextAwaitTaskContinuation:Run (System.Threading.Tasks.Task,bool)
0x0000023042b2ded7 (Mono JIT Code) System.Threading.Tasks.Task:FinishContinuations ()
0x0000023042b2da73 (Mono JIT Code) System.Threading.Tasks.Task:FinishStageThree ()
0x0000022fc4b750e3 (Mono JIT Code) System.Threading.Tasks.Task`1<bool>:TrySetResult (bool)
0x0000022fc4b74f93 (Mono JIT Code) System.Threading.Tasks.TaskCompletionSource`1<bool>:TrySetResult (bool)
0x0000022fc4b8c0d3 (Mono JIT Code) System.Threading.Tasks.TaskCompletionSource`1<bool>:SetResult (bool)
0x00000230abd4dbcb (Mono JIT Code) Game.Threading.UnityTask/<>c__DisplayClass2_0:<WaitForGPUFrame>b__0 (UnityEngine.Rendering.AsyncGPUReadbackRequest)
0x0000022fc4b70554 (Mono JIT Code) (wrapper runtime-invoke) <Module>:runtime_invoke_void__this___AsyncGPUReadbackRequest (object,intptr,intptr,intptr)
0x00007ff810874b7e (mono-2.0-bdwgc) mono_jit_set_domain
0x00007ff8107ad204 (mono-2.0-bdwgc) mono_object_get_virtual_method
0x00007ff8107ad37c (mono-2.0-bdwgc) mono_runtime_invoke
0x00007ffff8ce1288 (UnityPlayer) 
0x00007ffff8ce173b (UnityPlayer) 
0x00007ffff8dcf778 (UnityPlayer) 
0x00007ffff8dcf964 (UnityPlayer) 
0x00007ffff8dcfe82 (UnityPlayer) 
0x00007ffff90233db (UnityPlayer) 
0x00007ffff9025dab (UnityPlayer) 
0x00007ffff902910b (UnityPlayer) 
0x00007ffff90293ab (UnityPlayer) UnityMain
0x00007ff7fb0611f6 (Cities2) 
0x00007ff96a6ae8d7 (KERNEL32) BaseThreadInitThunk
0x00007ff96bb4c53c (ntdll) RtlUserThreadStart

[FileSystem] [WARN]  Collision detected with new Asset C:/Users/bwort/AppData/LocalLow/Colossal Order/Cities Skylines II/.cache/Mods/mods_subscribed/101898_2/USA Southwest Pack.cok:Office_Decoration_MaskMap_28717b7a3bbce0db346c3f728a043152.Texture (0afd03212b9811c998b544649d77d83e) in data source 'ParadoxModsDataSource' (Last: C:/Users/bwort/AppData/LocalLow/Colossal Order/Cities Skylines II/.cache/Mods/mods_subscribed/101898_2/USA Southwest Pack.cok:Office_Decoration_MaskMap_28717b7a3bbce0db346c3f728a043152.Texture)
0x00007ffff922350d (UnityPlayer) UnityMain
0x00007ffff9223288 (UnityPlayer) UnityMain
0x00007ffff9209cd9 (UnityPlayer) UnityMain
0x00007ffff98a9e51 (UnityPlayer) UnityMain
0x00007ffff888b105 (UnityPlayer) 
0x0000023042b80f33 (Mono JIT Code) (wrapper managed-to-native) UnityEngine.DebugLogHandler:Internal_Log (UnityEngine.LogType,UnityEngine.LogOption,string,UnityEngine.Object)
0x0000023042b80e4b (Mono JIT Code) UnityEngine.DebugLogHandler:LogFormat (UnityEngine.LogType,UnityEngine.Object,string,object[])
0x0000023041124a6a (Mono JIT Code) Colossal.Logging.CustomLogHandler:PostProcessFormat (UnityEngine.LogType,Colossal.Logging.Level,UnityEngine.Object,string,Colossal.Logging.ILog,System.Exception)
0x00000230411241ab (Mono JIT Code) Colossal.Logging.CustomLogHandler:LogFormat (UnityEngine.LogType,UnityEngine.Object,string,object[])
0x0000023041123e71 (Mono JIT Code) UnityEngine.Logger:LogFormat (UnityEngine.LogType,string,object[])
0x000002304112382d (Mono JIT Code) Colossal.Logging.UnityLogger:Log (Colossal.Logging.Level,string,System.Exception)
0x00000230abd5e193 (Mono JIT Code) Colossal.Logging.UnityLogger:WarnFormat (string,object[])
0x00000230a61e3769 (Mono JIT Code) Colossal.IO.AssetDatabase.FileSystemDataSource:AddEntry (Colossal.IO.AssetDatabase.DataSourceModification,bool,string,System.Type,long,long,bool,Colossal.Hash128,Colossal.Hash128,string,bool,System.Collections.Generic.List`1<System.ValueTuple`2<System.Type, Colossal.IO.AssetDatabase.Identifier>>)
0x00000230a622563b (Mono JIT Code) Colossal.IO.AssetDatabase.FileSystemDataSource:PopulateFromPackage (bool,bool,Colossal.Hash128,long,System.Collections.Generic.List`1<System.ValueTuple`2<System.Type, Colossal.IO.AssetDatabase.Identifier>>)
0x00000230a61e39c3 (Mono JIT Code) Colossal.IO.AssetDatabase.FileSystemDataSource:AddEntry (Colossal.IO.AssetDatabase.DataSourceModification,bool,string,System.Type,long,long,bool,Colossal.Hash128,Colossal.Hash128,string,bool,System.Collections.Generic.List`1<System.ValueTuple`2<System.Type, Colossal.IO.AssetDatabase.Identifier>>)
0x00000230a61e0e7b (Mono JIT Code) Colossal.IO.AssetDatabase.FileSystemDataSource:PopulateFromDirectory (string,bool,System.Threading.CancellationToken,System.Collections.Generic.List`1<System.ValueTuple`2<System.Type, Colossal.IO.AssetDatabase.Identifier>>)
0x00000230abd4b073 (Mono JIT Code) Colossal.IO.AssetDatabase.ParadoxModsDataSource/<OnActivePlaysetChanged>d__24:MoveNext ()
0x0000023042b2f312 (Mono JIT Code) System.Runtime.CompilerServices.AsyncMethodBuilderCore/MoveNextRunner:InvokeMoveNext (object)
0x0000023041222aae (Mono JIT Code) System.Threading.ExecutionContext:RunInternal (System.Threading.ExecutionContext,System.Threading.ContextCallback,object,bool)
0x00000230412223db (Mono JIT Code) System.Threading.ExecutionContext:Run (System.Threading.ExecutionContext,System.Threading.ContextCallback,object,bool)
0x0000023042b2f1cb (Mono JIT Code) System.Runtime.CompilerServices.AsyncMethodBuilderCore/MoveNextRunner:Run ()
0x0000023044ff6cca (Mono JIT Code) System.Threading.Tasks.AwaitTaskContinuation:InvokeAction (object)
0x0000023042b32175 (Mono JIT Code) System.Threading.Tasks.AwaitTaskContinuation:RunCallback (System.Threading.ContextCallback,object,System.Threading.Tasks.Task&)
0x0000023042b31fd3 (Mono JIT Code) System.Threading.Tasks.SynchronizationContextAwaitTaskContinuation:Run (System.Threading.Tasks.Task,bool)
0x0000023042b2ded7 (Mono JIT Code) System.Threading.Tasks.Task:FinishContinuations ()
0x0000023042b2da73 (Mono JIT Code) System.Threading.Tasks.Task:FinishStageThree ()
0x0000023042b2d853 (Mono JIT Code) System.Threading.Tasks.Task`1<System.Threading.Tasks.VoidTaskResult>:TrySetResult (System.Threading.Tasks.VoidTaskResult)
0x0000023042b31083 (Mono JIT Code) System.Runtime.CompilerServices.AsyncTaskMethodBuilder`1<System.Threading.Tasks.VoidTaskResult>:SetResult (System.Threading.Tasks.VoidTaskResult)
0x0000023042b216b3 (Mono JIT Code) System.Runtime.CompilerServices.AsyncTaskMethodBuilder`1<System.Threading.Tasks.VoidTaskResult>:SetResult (System.Threading.Tasks.Task`1<System.Threading.Tasks.VoidTaskResult>)
0x0000023042b2160b (Mono JIT Code) System.Runtime.CompilerServices.AsyncTaskMethodBuilder:SetResult ()
0x00000230abd4cbeb (Mono JIT Code) Game.Threading.UnityTask/<WaitForGPUFrame>d__2:MoveNext ()
0x0000023042b2f312 (Mono JIT Code) System.Runtime.CompilerServices.AsyncMethodBuilderCore/MoveNextRunner:InvokeMoveNext (object)
0x0000023041222aae (Mono JIT Code) System.Threading.ExecutionContext:RunInternal (System.Threading.ExecutionContext,System.Threading.ContextCallback,object,bool)
0x00000230412223db (Mono JIT Code) System.Threading.ExecutionContext:Run (System.Threading.ExecutionContext,System.Threading.ContextCallback,object,bool)
0x0000023042b2f1cb (Mono JIT Code) System.Runtime.CompilerServices.AsyncMethodBuilderCore/MoveNextRunner:Run ()
0x0000023044ff6cca (Mono JIT Code) System.Threading.Tasks.AwaitTaskContinuation:InvokeAction (object)
0x0000023042b32175 (Mono JIT Code) System.Threading.Tasks.AwaitTaskContinuation:RunCallback (System.Threading.ContextCallback,object,System.Threading.Tasks.Task&)
0x0000023042b31fd3 (Mono JIT Code) System.Threading.Tasks.SynchronizationContextAwaitTaskContinuation:Run (System.Threading.Tasks.Task,bool)
0x0000023042b2ded7 (Mono JIT Code) System.Threading.Tasks.Task:FinishContinuations ()
0x0000023042b2da73 (Mono JIT Code) System.Threading.Tasks.Task:FinishStageThree ()
0x0000022fc4b750e3 (Mono JIT Code) System.Threading.Tasks.Task`1<bool>:TrySetResult (bool)
0x0000022fc4b74f93 (Mono JIT Code) System.Threading.Tasks.TaskCompletionSource`1<bool>:TrySetResult (bool)
0x0000022fc4b8c0d3 (Mono JIT Code) System.Threading.Tasks.TaskCompletionSource`1<bool>:SetResult (bool)
0x00000230abd4dbcb (Mono JIT Code) Game.Threading.UnityTask/<>c__DisplayClass2_0:<WaitForGPUFrame>b__0 (UnityEngine.Rendering.AsyncGPUReadbackRequest)
0x0000022fc4b70554 (Mono JIT Code) (wrapper runtime-invoke) <Module>:runtime_invoke_void__this___AsyncGPUReadbackRequest (object,intptr,intptr,intptr)
0x00007ff810874b7e (mono-2.0-bdwgc) mono_jit_set_domain
0x00007ff8107ad204 (mono-2.0-bdwgc) mono_object_get_virtual_method
0x00007ff8107ad37c (mono-2.0-bdwgc) mono_runtime_invoke
0x00007ffff8ce1288 (UnityPlayer) 
0x00007ffff8ce173b (UnityPlayer) 
0x00007ffff8dcf778 (UnityPlayer) 
0x00007ffff8dcf964 (UnityPlayer) 
0x00007ffff8dcfe82 (UnityPlayer) 
0x00007ffff90233db (UnityPlayer) 
0x00007ffff9025dab (UnityPlayer) 
0x00007ffff902910b (UnityPlayer) 
0x00007ffff90293ab (UnityPlayer) UnityMain
0x00007ff7fb0611f6 (Cities2) 
0x00007ff96a6ae8d7 (KERNEL32) BaseThreadInitThunk
0x00007ff96bb4c53c (ntdll) RtlUserThreadStart

[FileSystem] [WARN]  Collision detected with new Asset C:/Users/bwort/AppData/LocalLow/Colossal Order/Cities Skylines II/.cache/Mods/mods_subscribed/101898_2/USA Southwest Pack.cok:Default_Interior_6849c54588cd5339eb85dcc93a53a60e.Texture (1d3d6c764876637aae17f02736721011) in data source 'ParadoxModsDataSource' (Last: C:/Users/bwort/AppData/LocalLow/Colossal Order/Cities Skylines II/.cache/Mods/mods_subscribed/101898_2/USA Southwest Pack.cok:Default_Interior_6849c54588cd5339eb85dcc93a53a60e.Texture)
0x00007ffff922350d (UnityPlayer) UnityMain
0x00007ffff9223288 (UnityPlayer) UnityMain
0x00007ffff9209cd9 (UnityPlayer) UnityMain
0x00007ffff98a9e51 (UnityPlayer) UnityMain
0x00007ffff888b105 (UnityPlayer) 
0x0000023042b80f33 (Mono JIT Code) (wrapper managed-to-native) UnityEngine.DebugLogHandler:Internal_Log (UnityEngine.LogType,UnityEngine.LogOption,string,UnityEngine.Object)
0x0000023042b80e4b (Mono JIT Code) UnityEngine.DebugLogHandler:LogFormat (UnityEngine.LogType,UnityEngine.Object,string,object[])
0x0000023041124a6a (Mono JIT Code) Colossal.Logging.CustomLogHandler:PostProcessFormat (UnityEngine.LogType,Colossal.Logging.Level,UnityEngine.Object,string,Colossal.Logging.ILog,System.Exception)
0x00000230411241ab (Mono JIT Code) Colossal.Logging.CustomLogHandler:LogFormat (UnityEngine.LogType,UnityEngine.Object,string,object[])
0x0000023041123e71 (Mono JIT Code) UnityEngine.Logger:LogFormat (UnityEngine.LogType,string,object[])
0x000002304112382d (Mono JIT Code) Colossal.Logging.UnityLogger:Log (Colossal.Logging.Level,string,System.Exception)
0x00000230abd5e193 (Mono JIT Code) Colossal.Logging.UnityLogger:WarnFormat (string,object[])
0x00000230a61e3769 (Mono JIT Code) Colossal.IO.AssetDatabase.FileSystemDataSource:AddEntry (Colossal.IO.AssetDatabase.DataSourceModification,bool,string,System.Type,long,long,bool,Colossal.Hash128,Colossal.Hash128,string,bool,System.Collections.Generic.List`1<System.ValueTuple`2<System.Type, Colossal.IO.AssetDatabase.Identifier>>)
0x00000230a622563b (Mono JIT Code) Colossal.IO.AssetDatabase.FileSystemDataSource:PopulateFromPackage (bool,bool,Colossal.Hash128,long,System.Collections.Generic.List`1<System.ValueTuple`2<System.Type, Colossal.IO.AssetDatabase.Identifier>>)
0x00000230a61e39c3 (Mono JIT Code) Colossal.IO.AssetDatabase.FileSystemDataSource:AddEntry (Colossal.IO.AssetDatabase.DataSourceModification,bool,string,System.Type,long,long,bool,Colossal.Hash128,Colossal.Hash128,string,bool,System.Collections.Generic.List`1<System.ValueTuple`2<System.Type, Colossal.IO.AssetDatabase.Identifier>>)
0x00000230a61e0e7b (Mono JIT Code) Colossal.IO.AssetDatabase.FileSystemDataSource:PopulateFromDirectory (string,bool,System.Threading.CancellationToken,System.Collections.Generic.List`1<System.ValueTuple`2<System.Type, Colossal.IO.AssetDatabase.Identifier>>)
0x00000230abd4b073 (Mono JIT Code) Colossal.IO.AssetDatabase.ParadoxModsDataSource/<OnActivePlaysetChanged>d__24:MoveNext ()
0x0000023042b2f312 (Mono JIT Code) System.Runtime.CompilerServices.AsyncMethodBuilderCore/MoveNextRunner:InvokeMoveNext (object)
0x0000023041222aae (Mono JIT Code) System.Threading.ExecutionContext:RunInternal (System.Threading.ExecutionContext,System.Threading.ContextCallback,object,bool)
0x00000230412223db (Mono JIT Code) System.Threading.ExecutionContext:Run (System.Threading.ExecutionContext,System.Threading.ContextCallback,object,bool)
0x0000023042b2f1cb (Mono JIT Code) System.Runtime.CompilerServices.AsyncMethodBuilderCore/MoveNextRunner:Run ()
0x0000023044ff6cca (Mono JIT Code) System.Threading.Tasks.AwaitTaskContinuation:InvokeAction (object)
0x0000023042b32175 (Mono JIT Code) System.Threading.Tasks.AwaitTaskContinuation:RunCallback (System.Threading.ContextCallback,object,System.Threading.Tasks.Task&)
0x0000023042b31fd3 (Mono JIT Code) System.Threading.Tasks.SynchronizationContextAwaitTaskContinuation:Run (System.Threading.Tasks.Task,bool)
0x0000023042b2ded7 (Mono JIT Code) System.Threading.Tasks.Task:FinishContinuations ()
0x0000023042b2da73 (Mono JIT Code) System.Threading.Tasks.Task:FinishStageThree ()
0x0000023042b2d853 (Mono JIT Code) System.Threading.Tasks.Task`1<System.Threading.Tasks.VoidTaskResult>:TrySetResult (System.Threading.Tasks.VoidTaskResult)
0x0000023042b31083 (Mono JIT Code) System.Runtime.CompilerServices.AsyncTaskMethodBuilder`1<System.Threading.Tasks.VoidTaskResult>:SetResult (System.Threading.Tasks.VoidTaskResult)
0x0000023042b216b3 (Mono JIT Code) System.Runtime.CompilerServices.AsyncTaskMethodBuilder`1<System.Threading.Tasks.VoidTaskResult>:SetResult (System.Threading.Tasks.Task`1<System.Threading.Tasks.VoidTaskResult>)
0x0000023042b2160b (Mono JIT Code) System.Runtime.CompilerServices.AsyncTaskMethodBuilder:SetResult ()
0x00000230abd4cbeb (Mono JIT Code) Game.Threading.UnityTask/<WaitForGPUFrame>d__2:MoveNext ()
0x0000023042b2f312 (Mono JIT Code) System.Runtime.CompilerServices.AsyncMethodBuilderCore/MoveNextRunner:InvokeMoveNext (object)
0x0000023041222aae (Mono JIT Code) System.Threading.ExecutionContext:RunInternal (System.Threading.ExecutionContext,System.Threading.ContextCallback,object,bool)
0x00000230412223db (Mono JIT Code) System.Threading.ExecutionContext:Run (System.Threading.ExecutionContext,System.Threading.ContextCallback,object,bool)
0x0000023042b2f1cb (Mono JIT Code) System.Runtime.CompilerServices.AsyncMethodBuilderCore/MoveNextRunner:Run ()
0x0000023044ff6cca (Mono JIT Code) System.Threading.Tasks.AwaitTaskContinuation:InvokeAction (object)
0x0000023042b32175 (Mono JIT Code) System.Threading.Tasks.AwaitTaskContinuation:RunCallback (System.Threading.ContextCallback,object,System.Threading.Tasks.Task&)
0x0000023042b31fd3 (Mono JIT Code) System.Threading.Tasks.SynchronizationContextAwaitTaskContinuation:Run (System.Threading.Tasks.Task,bool)
0x0000023042b2ded7 (Mono JIT Code) System.Threading.Tasks.Task:FinishContinuations ()
0x0000023042b2da73 (Mono JIT Code) System.Threading.Tasks.Task:FinishStageThree ()
0x0000022fc4b750e3 (Mono JIT Code) System.Threading.Tasks.Task`1<bool>:TrySetResult (bool)
0x0000022fc4b74f93 (Mono JIT Code) System.Threading.Tasks.TaskCompletionSource`1<bool>:TrySetResult (bool)
0x0000022fc4b8c0d3 (Mono JIT Code) System.Threading.Tasks.TaskCompletionSource`1<bool>:SetResult (bool)
0x00000230abd4dbcb (Mono JIT Code) Game.Threading.UnityTask/<>c__DisplayClass2_0:<WaitForGPUFrame>b__0 (UnityEngine.Rendering.AsyncGPUReadbackRequest)
0x0000022fc4b70554 (Mono JIT Code) (wrapper runtime-invoke) <Module>:runtime_invoke_void__this___AsyncGPUReadbackRequest (object,intptr,intptr,intptr)
0x00007ff810874b7e (mono-2.0-bdwgc) mono_jit_set_domain
0x00007ff8107ad204 (mono-2.0-bdwgc) mono_object_get_virtual_method
0x00007ff8107ad37c (mono-2.0-bdwgc) mono_runtime_invoke
0x00007ffff8ce1288 (UnityPlayer) 
0x00007ffff8ce173b (UnityPlayer) 
0x00007ffff8dcf778 (UnityPlayer) 
0x00007ffff8dcf964 (UnityPlayer) 
0x00007ffff8dcfe82 (UnityPlayer) 
0x00007ffff90233db (UnityPlayer) 
0x00007ffff9025dab (UnityPlayer) 
0x00007ffff902910b (UnityPlayer) 
0x00007ffff90293ab (UnityPlayer) UnityMain
0x00007ff7fb0611f6 (Cities2) 
0x00007ff96a6ae8d7 (KERNEL32) BaseThreadInitThunk
0x00007ff96bb4c53c (ntdll) RtlUserThreadStart

[FileSystem] [WARN]  Collision detected with new Asset C:/Users/bwort/AppData/LocalLow/Colossal Order/Cities Skylines II/.cache/Mods/mods_subscribed/101898_2/USA Southwest Pack.cok:Residential_Decoration_BaseColor_64d385301e2a43b576d68cb073d4dffd.Texture (b8b57c50f34eddfc32d501cf4094d31f) in data source 'ParadoxModsDataSource' (Last: C:/Users/bwort/AppData/LocalLow/Colossal Order/Cities Skylines II/.cache/Mods/mods_subscribed/101898_2/USA Southwest Pack.cok:Residential_Decoration_BaseColor_64d385301e2a43b576d68cb073d4dffd.Texture)
0x00007ffff922350d (UnityPlayer) UnityMain
0x00007ffff9223288 (UnityPlayer) UnityMain
0x00007ffff9209cd9 (UnityPlayer) UnityMain
0x00007ffff98a9e51 (UnityPlayer) UnityMain
0x00007ffff888b105 (UnityPlayer) 
0x0000023042b80f33 (Mono JIT Code) (wrapper managed-to-native) UnityEngine.DebugLogHandler:Internal_Log (UnityEngine.LogType,UnityEngine.LogOption,string,UnityEngine.Object)
0x0000023042b80e4b (Mono JIT Code) UnityEngine.DebugLogHandler:LogFormat (UnityEngine.LogType,UnityEngine.Object,string,object[])
0x0000023041124a6a (Mono JIT Code) Colossal.Logging.CustomLogHandler:PostProcessFormat (UnityEngine.LogType,Colossal.Logging.Level,UnityEngine.Object,string,Colossal.Logging.ILog,System.Exception)
0x00000230411241ab (Mono JIT Code) Colossal.Logging.CustomLogHandler:LogFormat (UnityEngine.LogType,UnityEngine.Object,string,object[])
0x0000023041123e71 (Mono JIT Code) UnityEngine.Logger:LogFormat (UnityEngine.LogType,string,object[])
0x000002304112382d (Mono JIT Code) Colossal.Logging.UnityLogger:Log (Colossal.Logging.Level,string,System.Exception)
0x00000230abd5e193 (Mono JIT Code) Colossal.Logging.UnityLogger:WarnFormat (string,object[])
0x00000230a61e3769 (Mono JIT Code) Colossal.IO.AssetDatabase.FileSystemDataSource:AddEntry (Colossal.IO.AssetDatabase.DataSourceModification,bool,string,System.Type,long,long,bool,Colossal.Hash128,Colossal.Hash128,string,bool,System.Collections.Generic.List`1<System.ValueTuple`2<System.Type, Colossal.IO.AssetDatabase.Identifier>>)
0x00000230a622563b (Mono JIT Code) Colossal.IO.AssetDatabase.FileSystemDataSource:PopulateFromPackage (bool,bool,Colossal.Hash128,long,System.Collections.Generic.List`1<System.ValueTuple`2<System.Type, Colossal.IO.AssetDatabase.Identifier>>)
0x00000230a61e39c3 (Mono JIT Code) Colossal.IO.AssetDatabase.FileSystemDataSource:AddEntry (Colossal.IO.AssetDatabase.DataSourceModification,bool,string,System.Type,long,long,bool,Colossal.Hash128,Colossal.Hash128,string,bool,System.Collections.Generic.List`1<System.ValueTuple`2<System.Type, Colossal.IO.AssetDatabase.Identifier>>)
0x00000230a61e0e7b (Mono JIT Code) Colossal.IO.AssetDatabase.FileSystemDataSource:PopulateFromDirectory (string,bool,System.Threading.CancellationToken,System.Collections.Generic.List`1<System.ValueTuple`2<System.Type, Colossal.IO.AssetDatabase.Identifier>>)
0x00000230abd4b073 (Mono JIT Code) Colossal.IO.AssetDatabase.ParadoxModsDataSource/<OnActivePlaysetChanged>d__24:MoveNext ()
0x0000023042b2f312 (Mono JIT Code) System.Runtime.CompilerServices.AsyncMethodBuilderCore/MoveNextRunner:InvokeMoveNext (object)
0x0000023041222aae (Mono JIT Code) System.Threading.ExecutionContext:RunInternal (System.Threading.ExecutionContext,System.Threading.ContextCallback,object,bool)
0x00000230412223db (Mono JIT Code) System.Threading.ExecutionContext:Run (System.Threading.ExecutionContext,System.Threading.ContextCallback,object,bool)
0x0000023042b2f1cb (Mono JIT Code) System.Runtime.CompilerServices.AsyncMethodBuilderCore/MoveNextRunner:Run ()
0x0000023044ff6cca (Mono JIT Code) System.Threading.Tasks.AwaitTaskContinuation:InvokeAction (object)
0x0000023042b32175 (Mono JIT Code) System.Threading.Tasks.AwaitTaskContinuation:RunCallback (System.Threading.ContextCallback,object,System.Threading.Tasks.Task&)
0x0000023042b31fd3 (Mono JIT Code) System.Threading.Tasks.SynchronizationContextAwaitTaskContinuation:Run (System.Threading.Tasks.Task,bool)
0x0000023042b2ded7 (Mono JIT Code) System.Threading.Tasks.Task:FinishContinuations ()
0x0000023042b2da73 (Mono JIT Code) System.Threading.Tasks.Task:FinishStageThree ()
0x0000023042b2d853 (Mono JIT Code) System.Threading.Tasks.Task`1<System.Threading.Tasks.VoidTaskResult>:TrySetResult (System.Threading.Tasks.VoidTaskResult)
0x0000023042b31083 (Mono JIT Code) System.Runtime.CompilerServices.AsyncTaskMethodBuilder`1<System.Threading.Tasks.VoidTaskResult>:SetResult (System.Threading.Tasks.VoidTaskResult)
0x0000023042b216b3 (Mono JIT Code) System.Runtime.CompilerServices.AsyncTaskMethodBuilder`1<System.Threading.Tasks.VoidTaskResult>:SetResult (System.Threading.Tasks.Task`1<System.Threading.Tasks.VoidTaskResult>)
0x0000023042b2160b (Mono JIT Code) System.Runtime.CompilerServices.AsyncTaskMethodBuilder:SetResult ()
0x00000230abd4cbeb (Mono JIT Code) Game.Threading.UnityTask/<WaitForGPUFrame>d__2:MoveNext ()
0x0000023042b2f312 (Mono JIT Code) System.Runtime.CompilerServices.AsyncMethodBuilderCore/MoveNextRunner:InvokeMoveNext (object)
0x0000023041222aae (Mono JIT Code) System.Threading.ExecutionContext:RunInternal (System.Threading.ExecutionContext,System.Threading.ContextCallback,object,bool)
0x00000230412223db (Mono JIT Code) System.Threading.ExecutionContext:Run (System.Threading.ExecutionContext,System.Threading.ContextCallback,object,bool)
0x0000023042b2f1cb (Mono JIT Code) System.Runtime.CompilerServices.AsyncMethodBuilderCore/MoveNextRunner:Run ()
0x0000023044ff6cca (Mono JIT Code) System.Threading.Tasks.AwaitTaskContinuation:InvokeAction (object)
0x0000023042b32175 (Mono JIT Code) System.Threading.Tasks.AwaitTaskContinuation:RunCallback (System.Threading.ContextCallback,object,System.Threading.Tasks.Task&)
0x0000023042b31fd3 (Mono JIT Code) System.Threading.Tasks.SynchronizationContextAwaitTaskContinuation:Run (System.Threading.Tasks.Task,bool)
0x0000023042b2ded7 (Mono JIT Code) System.Threading.Tasks.Task:FinishContinuations ()
0x0000023042b2da73 (Mono JIT Code) System.Threading.Tasks.Task:FinishStageThree ()
0x0000022fc4b750e3 (Mono JIT Code) System.Threading.Tasks.Task`1<bool>:TrySetResult (bool)
0x0000022fc4b74f93 (Mono JIT Code) System.Threading.Tasks.TaskCompletionSource`1<bool>:TrySetResult (bool)
0x0000022fc4b8c0d3 (Mono JIT Code) System.Threading.Tasks.TaskCompletionSource`1<bool>:SetResult (bool)
0x00000230abd4dbcb (Mono JIT Code) Game.Threading.UnityTask/<>c__DisplayClass2_0:<WaitForGPUFrame>b__0 (UnityEngine.Rendering.AsyncGPUReadbackRequest)
0x0000022fc4b70554 (Mono JIT Code) (wrapper runtime-invoke) <Module>:runtime_invoke_void__this___AsyncGPUReadbackRequest (object,intptr,intptr,intptr)
0x00007ff810874b7e (mono-2.0-bdwgc) mono_jit_set_domain
0x00007ff8107ad204 (mono-2.0-bdwgc) mono_object_get_virtual_method
0x00007ff8107ad37c (mono-2.0-bdwgc) mono_runtime_invoke
0x00007ffff8ce1288 (UnityPlayer) 
0x00007ffff8ce173b (UnityPlayer) 
0x00007ffff8dcf778 (UnityPlayer) 
0x00007ffff8dcf964 (UnityPlayer) 
0x00007ffff8dcfe82 (UnityPlayer) 
0x00007ffff90233db (UnityPlayer) 
0x00007ffff9025dab (UnityPlayer) 
0x00007ffff902910b (UnityPlayer) 
0x00007ffff90293ab (UnityPlayer) UnityMain
0x00007ff7fb0611f6 (Cities2) 
0x00007ff96a6ae8d7 (KERNEL32) BaseThreadInitThunk
0x00007ff96bb4c53c (ntdll) RtlUserThreadStart

[FileSystem] [WARN]  Collision detected with new Asset C:/Users/bwort/AppData/LocalLow/Colossal Order/Cities Skylines II/.cache/Mods/mods_subscribed/101898_2/USA Southwest Pack.cok:Office_Decoration_MaskMap_166a5360a33e23cd789fc231f815f697.Texture (23745f91eaf49cd38467fe792002d083) in data source 'ParadoxModsDataSource' (Last: C:/Users/bwort/AppData/LocalLow/Colossal Order/Cities Skylines II/.cache/Mods/mods_subscribed/101898_2/USA Southwest Pack.cok:Office_Decoration_MaskMap_166a5360a33e23cd789fc231f815f697.Texture)
0x00007ffff922350d (UnityPlayer) UnityMain
0x00007ffff9223288 (UnityPlayer) UnityMain
0x00007ffff9209cd9 (UnityPlayer) UnityMain
0x00007ffff98a9e51 (UnityPlayer) UnityMain
0x00007ffff888b105 (UnityPlayer) 
0x0000023042b80f33 (Mono JIT Code) (wrapper managed-to-native) UnityEngine.DebugLogHandler:Internal_Log (UnityEngine.LogType,UnityEngine.LogOption,string,UnityEngine.Object)
0x0000023042b80e4b (Mono JIT Code) UnityEngine.DebugLogHandler:LogFormat (UnityEngine.LogType,UnityEngine.Object,string,object[])
0x0000023041124a6a (Mono JIT Code) Colossal.Logging.CustomLogHandler:PostProcessFormat (UnityEngine.LogType,Colossal.Logging.Level,UnityEngine.Object,string,Colossal.Logging.ILog,System.Exception)
0x00000230411241ab (Mono JIT Code) Colossal.Logging.CustomLogHandler:LogFormat (UnityEngine.LogType,UnityEngine.Object,string,object[])
0x0000023041123e71 (Mono JIT Code) UnityEngine.Logger:LogFormat (UnityEngine.LogType,string,object[])
0x000002304112382d (Mono JIT Code) Colossal.Logging.UnityLogger:Log (Colossal.Logging.Level,string,System.Exception)
0x00000230abd5e193 (Mono JIT Code) Colossal.Logging.UnityLogger:WarnFormat (string,object[])
0x00000230a61e3769 (Mono JIT Code) Colossal.IO.AssetDatabase.FileSystemDataSource:AddEntry (Colossal.IO.AssetDatabase.DataSourceModification,bool,string,System.Type,long,long,bool,Colossal.Hash128,Colossal.Hash128,string,bool,System.Collections.Generic.List`1<System.ValueTuple`2<System.Type, Colossal.IO.AssetDatabase.Identifier>>)
0x00000230a622563b (Mono JIT Code) Colossal.IO.AssetDatabase.FileSystemDataSource:PopulateFromPackage (bool,bool,Colossal.Hash128,long,System.Collections.Generic.List`1<System.ValueTuple`2<System.Type, Colossal.IO.AssetDatabase.Identifier>>)
0x00000230a61e39c3 (Mono JIT Code) Colossal.IO.AssetDatabase.FileSystemDataSource:AddEntry (Colossal.IO.AssetDatabase.DataSourceModification,bool,string,System.Type,long,long,bool,Colossal.Hash128,Colossal.Hash128,string,bool,System.Collections.Generic.List`1<System.ValueTuple`2<System.Type, Colossal.IO.AssetDatabase.Identifier>>)
0x00000230a61e0e7b (Mono JIT Code) Colossal.IO.AssetDatabase.FileSystemDataSource:PopulateFromDirectory (string,bool,System.Threading.CancellationToken,System.Collections.Generic.List`1<System.ValueTuple`2<System.Type, Colossal.IO.AssetDatabase.Identifier>>)
0x00000230abd4b073 (Mono JIT Code) Colossal.IO.AssetDatabase.ParadoxModsDataSource/<OnActivePlaysetChanged>d__24:MoveNext ()
0x0000023042b2f312 (Mono JIT Code) System.Runtime.CompilerServices.AsyncMethodBuilderCore/MoveNextRunner:InvokeMoveNext (object)
0x0000023041222aae (Mono JIT Code) System.Threading.ExecutionContext:RunInternal (System.Threading.ExecutionContext,System.Threading.ContextCallback,object,bool)
0x00000230412223db (Mono JIT Code) System.Threading.ExecutionContext:Run (System.Threading.ExecutionContext,System.Threading.ContextCallback,object,bool)
0x0000023042b2f1cb (Mono JIT Code) System.Runtime.CompilerServices.AsyncMethodBuilderCore/MoveNextRunner:Run ()
0x0000023044ff6cca (Mono JIT Code) System.Threading.Tasks.AwaitTaskContinuation:InvokeAction (object)
0x0000023042b32175 (Mono JIT Code) System.Threading.Tasks.AwaitTaskContinuation:RunCallback (System.Threading.ContextCallback,object,System.Threading.Tasks.Task&)
0x0000023042b31fd3 (Mono JIT Code) System.Threading.Tasks.SynchronizationContextAwaitTaskContinuation:Run (System.Threading.Tasks.Task,bool)
0x0000023042b2ded7 (Mono JIT Code) System.Threading.Tasks.Task:FinishContinuations ()
0x0000023042b2da73 (Mono JIT Code) System.Threading.Tasks.Task:FinishStageThree ()
0x0000023042b2d853 (Mono JIT Code) System.Threading.Tasks.Task`1<System.Threading.Tasks.VoidTaskResult>:TrySetResult (System.Threading.Tasks.VoidTaskResult)
0x0000023042b31083 (Mono JIT Code) System.Runtime.CompilerServices.AsyncTaskMethodBuilder`1<System.Threading.Tasks.VoidTaskResult>:SetResult (System.Threading.Tasks.VoidTaskResult)
0x0000023042b216b3 (Mono JIT Code) System.Runtime.CompilerServices.AsyncTaskMethodBuilder`1<System.Threading.Tasks.VoidTaskResult>:SetResult (System.Threading.Tasks.Task`1<System.Threading.Tasks.VoidTaskResult>)
0x0000023042b2160b (Mono JIT Code) System.Runtime.CompilerServices.AsyncTaskMethodBuilder:SetResult ()
0x00000230abd4cbeb (Mono JIT Code) Game.Threading.UnityTask/<WaitForGPUFrame>d__2:MoveNext ()
0x0000023042b2f312 (Mono JIT Code) System.Runtime.CompilerServices.AsyncMethodBuilderCore/MoveNextRunner:InvokeMoveNext (object)
0x0000023041222aae (Mono JIT Code) System.Threading.ExecutionContext:RunInternal (System.Threading.ExecutionContext,System.Threading.ContextCallback,object,bool)
0x00000230412223db (Mono JIT Code) System.Threading.ExecutionContext:Run (System.Threading.ExecutionContext,System.Threading.ContextCallback,object,bool)
0x0000023042b2f1cb (Mono JIT Code) System.Runtime.CompilerServices.AsyncMethodBuilderCore/MoveNextRunner:Run ()
0x0000023044ff6cca (Mono JIT Code) System.Threading.Tasks.AwaitTaskContinuation:InvokeAction (object)
0x0000023042b32175 (Mono JIT Code) System.Threading.Tasks.AwaitTaskContinuation:RunCallback (System.Threading.ContextCallback,object,System.Threading.Tasks.Task&)
0x0000023042b31fd3 (Mono JIT Code) System.Threading.Tasks.SynchronizationContextAwaitTaskContinuation:Run (System.Threading.Tasks.Task,bool)
0x0000023042b2ded7 (Mono JIT Code) System.Threading.Tasks.Task:FinishContinuations ()
0x0000023042b2da73 (Mono JIT Code) System.Threading.Tasks.Task:FinishStageThree ()
0x0000022fc4b750e3 (Mono JIT Code) System.Threading.Tasks.Task`1<bool>:TrySetResult (bool)
0x0000022fc4b74f93 (Mono JIT Code) System.Threading.Tasks.TaskCompletionSource`1<bool>:TrySetResult (bool)
0x0000022fc4b8c0d3 (Mono JIT Code) System.Threading.Tasks.TaskCompletionSource`1<bool>:SetResult (bool)
0x00000230abd4dbcb (Mono JIT Code) Game.Threading.UnityTask/<>c__DisplayClass2_0:<WaitForGPUFrame>b__0 (UnityEngine.Rendering.AsyncGPUReadbackRequest)
0x0000022fc4b70554 (Mono JIT Code) (wrapper runtime-invoke) <Module>:runtime_invoke_void__this___AsyncGPUReadbackRequest (object,intptr,intptr,intptr)
0x00007ff810874b7e (mono-2.0-bdwgc) mono_jit_set_domain
0x00007ff8107ad204 (mono-2.0-bdwgc) mono_object_get_virtual_method
0x00007ff8107ad37c (mono-2.0-bdwgc) mono_runtime_invoke
0x00007ffff8ce1288 (UnityPlayer) 
0x00007ffff8ce173b (UnityPlayer) 
0x00007ffff8dcf778 (UnityPlayer) 
0x00007ffff8dcf964 (UnityPlayer) 
0x00007ffff8dcfe82 (UnityPlayer) 
0x00007ffff90233db (UnityPlayer) 
0x00007ffff9025dab (UnityPlayer) 
0x00007ffff902910b (UnityPlayer) 
0x00007ffff90293ab (UnityPlayer) UnityMain
0x00007ff7fb0611f6 (Cities2) 
0x00007ff96a6ae8d7 (KERNEL32) BaseThreadInitThunk
0x00007ff96bb4c53c (ntdll) RtlUserThreadStart

[FileSystem] [WARN]  Collision detected with new Asset C:/Users/bwort/AppData/LocalLow/Colossal Order/Cities Skylines II/.cache/Mods/mods_subscribed/101898_2/USA Southwest Pack.cok:Office_Decoration_MaskMap_bf571e802fed59f431532c067e38dabf.Texture (b01760d39221cf93353b66254e1da27a) in data source 'ParadoxModsDataSource' (Last: C:/Users/bwort/AppData/LocalLow/Colossal Order/Cities Skylines II/.cache/Mods/mods_subscribed/101898_2/USA Southwest Pack.cok:Office_Decoration_MaskMap_bf571e802fed59f431532c067e38dabf.Texture)
0x00007ffff922350d (UnityPlayer) UnityMain
0x00007ffff9223288 (UnityPlayer) UnityMain
0x00007ffff9209cd9 (UnityPlayer) UnityMain
0x00007ffff98a9e51 (UnityPlayer) UnityMain
0x00007ffff888b105 (UnityPlayer) 
0x0000023042b80f33 (Mono JIT Code) (wrapper managed-to-native) UnityEngine.DebugLogHandler:Internal_Log (UnityEngine.LogType,UnityEngine.LogOption,string,UnityEngine.Object)
0x0000023042b80e4b (Mono JIT Code) UnityEngine.DebugLogHandler:LogFormat (UnityEngine.LogType,UnityEngine.Object,string,object[])
0x0000023041124a6a (Mono JIT Code) Colossal.Logging.CustomLogHandler:PostProcessFormat (UnityEngine.LogType,Colossal.Logging.Level,UnityEngine.Object,string,Colossal.Logging.ILog,System.Exception)
0x00000230411241ab (Mono JIT Code) Colossal.Logging.CustomLogHandler:LogFormat (UnityEngine.LogType,UnityEngine.Object,string,object[])
0x0000023041123e71 (Mono JIT Code) UnityEngine.Logger:LogFormat (UnityEngine.LogType,string,object[])
0x000002304112382d (Mono JIT Code) Colossal.Logging.UnityLogger:Log (Colossal.Logging.Level,string,System.Exception)
0x00000230abd5e193 (Mono JIT Code) Colossal.Logging.UnityLogger:WarnFormat (string,object[])
0x00000230a61e3769 (Mono JIT Code) Colossal.IO.AssetDatabase.FileSystemDataSource:AddEntry (Colossal.IO.AssetDatabase.DataSourceModification,bool,string,System.Type,long,long,bool,Colossal.Hash128,Colossal.Hash128,string,bool,System.Collections.Generic.List`1<System.ValueTuple`2<System.Type, Colossal.IO.AssetDatabase.Identifier>>)
0x00000230a622563b (Mono JIT Code) Colossal.IO.AssetDatabase.FileSystemDataSource:PopulateFromPackage (bool,bool,Colossal.Hash128,long,System.Collections.Generic.List`1<System.ValueTuple`2<System.Type, Colossal.IO.AssetDatabase.Identifier>>)
0x00000230a61e39c3 (Mono JIT Code) Colossal.IO.AssetDatabase.FileSystemDataSource:AddEntry (Colossal.IO.AssetDatabase.DataSourceModification,bool,string,System.Type,long,long,bool,Colossal.Hash128,Colossal.Hash128,string,bool,System.Collections.Generic.List`1<System.ValueTuple`2<System.Type, Colossal.IO.AssetDatabase.Identifier>>)
0x00000230a61e0e7b (Mono JIT Code) Colossal.IO.AssetDatabase.FileSystemDataSource:PopulateFromDirectory (string,bool,System.Threading.CancellationToken,System.Collections.Generic.List`1<System.ValueTuple`2<System.Type, Colossal.IO.AssetDatabase.Identifier>>)
0x00000230abd4b073 (Mono JIT Code) Colossal.IO.AssetDatabase.ParadoxModsDataSource/<OnActivePlaysetChanged>d__24:MoveNext ()
0x0000023042b2f312 (Mono JIT Code) System.Runtime.CompilerServices.AsyncMethodBuilderCore/MoveNextRunner:InvokeMoveNext (object)
0x0000023041222aae (Mono JIT Code) System.Threading.ExecutionContext:RunInternal (System.Threading.ExecutionContext,System.Threading.ContextCallback,object,bool)
0x00000230412223db (Mono JIT Code) System.Threading.ExecutionContext:Run (System.Threading.ExecutionContext,System.Threading.ContextCallback,object,bool)
0x0000023042b2f1cb (Mono JIT Code) System.Runtime.CompilerServices.AsyncMethodBuilderCore/MoveNextRunner:Run ()
0x0000023044ff6cca (Mono JIT Code) System.Threading.Tasks.AwaitTaskContinuation:InvokeAction (object)
0x0000023042b32175 (Mono JIT Code) System.Threading.Tasks.AwaitTaskContinuation:RunCallback (System.Threading.ContextCallback,object,System.Threading.Tasks.Task&)
0x0000023042b31fd3 (Mono JIT Code) System.Threading.Tasks.SynchronizationContextAwaitTaskContinuation:Run (System.Threading.Tasks.Task,bool)
0x0000023042b2ded7 (Mono JIT Code) System.Threading.Tasks.Task:FinishContinuations ()
0x0000023042b2da73 (Mono JIT Code) System.Threading.Tasks.Task:FinishStageThree ()
0x0000023042b2d853 (Mono JIT Code) System.Threading.Tasks.Task`1<System.Threading.Tasks.VoidTaskResult>:TrySetResult (System.Threading.Tasks.VoidTaskResult)
0x0000023042b31083 (Mono JIT Code) System.Runtime.CompilerServices.AsyncTaskMethodBuilder`1<System.Threading.Tasks.VoidTaskResult>:SetResult (System.Threading.Tasks.VoidTaskResult)
0x0000023042b216b3 (Mono JIT Code) System.Runtime.CompilerServices.AsyncTaskMethodBuilder`1<System.Threading.Tasks.VoidTaskResult>:SetResult (System.Threading.Tasks.Task`1<System.Threading.Tasks.VoidTaskResult>)
0x0000023042b2160b (Mono JIT Code) System.Runtime.CompilerServices.AsyncTaskMethodBuilder:SetResult ()
0x00000230abd4cbeb (Mono JIT Code) Game.Threading.UnityTask/<WaitForGPUFrame>d__2:MoveNext ()
0x0000023042b2f312 (Mono JIT Code) System.Runtime.CompilerServices.AsyncMethodBuilderCore/MoveNextRunner:InvokeMoveNext (object)
0x0000023041222aae (Mono JIT Code) System.Threading.ExecutionContext:RunInternal (System.Threading.ExecutionContext,System.Threading.ContextCallback,object,bool)
0x00000230412223db (Mono JIT Code) System.Threading.ExecutionContext:Run (System.Threading.ExecutionContext,System.Threading.ContextCallback,object,bool)
0x0000023042b2f1cb (Mono JIT Code) System.Runtime.CompilerServices.AsyncMethodBuilderCore/MoveNextRunner:Run ()
0x0000023044ff6cca (Mono JIT Code) System.Threading.Tasks.AwaitTaskContinuation:InvokeAction (object)
0x0000023042b32175 (Mono JIT Code) System.Threading.Tasks.AwaitTaskContinuation:RunCallback (System.Threading.ContextCallback,object,System.Threading.Tasks.Task&)
0x0000023042b31fd3 (Mono JIT Code) System.Threading.Tasks.SynchronizationContextAwaitTaskContinuation:Run (System.Threading.Tasks.Task,bool)
0x0000023042b2ded7 (Mono JIT Code) System.Threading.Tasks.Task:FinishContinuations ()
0x0000023042b2da73 (Mono JIT Code) System.Threading.Tasks.Task:FinishStageThree ()
0x0000022fc4b750e3 (Mono JIT Code) System.Threading.Tasks.Task`1<bool>:TrySetResult (bool)
0x0000022fc4b74f93 (Mono JIT Code) System.Threading.Tasks.TaskCompletionSource`1<bool>:TrySetResult (bool)
0x0000022fc4b8c0d3 (Mono JIT Code) System.Threading.Tasks.TaskCompletionSource`1<bool>:SetResult (bool)
0x00000230abd4dbcb (Mono JIT Code) Game.Threading.UnityTask/<>c__DisplayClass2_0:<WaitForGPUFrame>b__0 (UnityEngine.Rendering.AsyncGPUReadbackRequest)
0x0000022fc4b70554 (Mono JIT Code) (wrapper runtime-invoke) <Module>:runtime_invoke_void__this___AsyncGPUReadbackRequest (object,intptr,intptr,intptr)
0x00007ff810874b7e (mono-2.0-bdwgc) mono_jit_set_domain
0x00007ff8107ad204 (mono-2.0-bdwgc) mono_object_get_virtual_method
0x00007ff8107ad37c (mono-2.0-bdwgc) mono_runtime_invoke
0x00007ffff8ce1288 (UnityPlayer) 
0x00007ffff8ce173b (UnityPlayer) 
0x00007ffff8dcf778 (UnityPlayer) 
0x00007ffff8dcf964 (UnityPlayer) 
0x00007ffff8dcfe82 (UnityPlayer) 
0x00007ffff90233db (UnityPlayer) 
0x00007ffff9025dab (UnityPlayer) 
0x00007ffff902910b (UnityPlayer) 
0x00007ffff90293ab (UnityPlayer) UnityMain
0x00007ff7fb0611f6 (Cities2) 
0x00007ff96a6ae8d7 (KERNEL32) BaseThreadInitThunk
0x00007ff96bb4c53c (ntdll) RtlUserThreadStart

[FileSystem] [WARN]  Collision detected with new Asset C:/Users/bwort/AppData/LocalLow/Colossal Order/Cities Skylines II/.cache/Mods/mods_subscribed/101898_2/USA Southwest Pack.cok:Default_Interior_3a8805e8a9f3404503b75627efc6bd6d.Texture (e6a2fd68ea7812a72e68078db325876e) in data source 'ParadoxModsDataSource' (Last: C:/Users/bwort/AppData/LocalLow/Colossal Order/Cities Skylines II/.cache/Mods/mods_subscribed/101898_2/USA Southwest Pack.cok:Default_Interior_3a8805e8a9f3404503b75627efc6bd6d.Texture)
0x00007ffff922350d (UnityPlayer) UnityMain
0x00007ffff9223288 (UnityPlayer) UnityMain
0x00007ffff9209cd9 (UnityPlayer) UnityMain
0x00007ffff98a9e51 (UnityPlayer) UnityMain
0x00007ffff888b105 (UnityPlayer) 
0x0000023042b80f33 (Mono JIT Code) (wrapper managed-to-native) UnityEngine.DebugLogHandler:Internal_Log (UnityEngine.LogType,UnityEngine.LogOption,string,UnityEngine.Object)
0x0000023042b80e4b (Mono JIT Code) UnityEngine.DebugLogHandler:LogFormat (UnityEngine.LogType,UnityEngine.Object,string,object[])
0x0000023041124a6a (Mono JIT Code) Colossal.Logging.CustomLogHandler:PostProcessFormat (UnityEngine.LogType,Colossal.Logging.Level,UnityEngine.Object,string,Colossal.Logging.ILog,System.Exception)
0x00000230411241ab (Mono JIT Code) Colossal.Logging.CustomLogHandler:LogFormat (UnityEngine.LogType,UnityEngine.Object,string,object[])
0x0000023041123e71 (Mono JIT Code) UnityEngine.Logger:LogFormat (UnityEngine.LogType,string,object[])
0x000002304112382d (Mono JIT Code) Colossal.Logging.UnityLogger:Log (Colossal.Logging.Level,string,System.Exception)
0x00000230abd5e193 (Mono JIT Code) Colossal.Logging.UnityLogger:WarnFormat (string,object[])
0x00000230a61e3769 (Mono JIT Code) Colossal.IO.AssetDatabase.FileSystemDataSource:AddEntry (Colossal.IO.AssetDatabase.DataSourceModification,bool,string,System.Type,long,long,bool,Colossal.Hash128,Colossal.Hash128,string,bool,System.Collections.Generic.List`1<System.ValueTuple`2<System.Type, Colossal.IO.AssetDatabase.Identifier>>)
0x00000230a622563b (Mono JIT Code) Colossal.IO.AssetDatabase.FileSystemDataSource:PopulateFromPackage (bool,bool,Colossal.Hash128,long,System.Collections.Generic.List`1<System.ValueTuple`2<System.Type, Colossal.IO.AssetDatabase.Identifier>>)
0x00000230a61e39c3 (Mono JIT Code) Colossal.IO.AssetDatabase.FileSystemDataSource:AddEntry (Colossal.IO.AssetDatabase.DataSourceModification,bool,string,System.Type,long,long,bool,Colossal.Hash128,Colossal.Hash128,string,bool,System.Collections.Generic.List`1<System.ValueTuple`2<System.Type, Colossal.IO.AssetDatabase.Identifier>>)
0x00000230a61e0e7b (Mono JIT Code) Colossal.IO.AssetDatabase.FileSystemDataSource:PopulateFromDirectory (string,bool,System.Threading.CancellationToken,System.Collections.Generic.List`1<System.ValueTuple`2<System.Type, Colossal.IO.AssetDatabase.Identifier>>)
0x00000230abd4b073 (Mono JIT Code) Colossal.IO.AssetDatabase.ParadoxModsDataSource/<OnActivePlaysetChanged>d__24:MoveNext ()
0x0000023042b2f312 (Mono JIT Code) System.Runtime.CompilerServices.AsyncMethodBuilderCore/MoveNextRunner:InvokeMoveNext (object)
0x0000023041222aae (Mono JIT Code) System.Threading.ExecutionContext:RunInternal (System.Threading.ExecutionContext,System.Threading.ContextCallback,object,bool)
0x00000230412223db (Mono JIT Code) System.Threading.ExecutionContext:Run (System.Threading.ExecutionContext,System.Threading.ContextCallback,object,bool)
0x0000023042b2f1cb (Mono JIT Code) System.Runtime.CompilerServices.AsyncMethodBuilderCore/MoveNextRunner:Run ()
0x0000023044ff6cca (Mono JIT Code) System.Threading.Tasks.AwaitTaskContinuation:InvokeAction (object)
0x0000023042b32175 (Mono JIT Code) System.Threading.Tasks.AwaitTaskContinuation:RunCallback (System.Threading.ContextCallback,object,System.Threading.Tasks.Task&)
0x0000023042b31fd3 (Mono JIT Code) System.Threading.Tasks.SynchronizationContextAwaitTaskContinuation:Run (System.Threading.Tasks.Task,bool)
0x0000023042b2ded7 (Mono JIT Code) System.Threading.Tasks.Task:FinishContinuations ()
0x0000023042b2da73 (Mono JIT Code) System.Threading.Tasks.Task:FinishStageThree ()
0x0000023042b2d853 (Mono JIT Code) System.Threading.Tasks.Task`1<System.Threading.Tasks.VoidTaskResult>:TrySetResult (System.Threading.Tasks.VoidTaskResult)
0x0000023042b31083 (Mono JIT Code) System.Runtime.CompilerServices.AsyncTaskMethodBuilder`1<System.Threading.Tasks.VoidTaskResult>:SetResult (System.Threading.Tasks.VoidTaskResult)
0x0000023042b216b3 (Mono JIT Code) System.Runtime.CompilerServices.AsyncTaskMethodBuilder`1<System.Threading.Tasks.VoidTaskResult>:SetResult (System.Threading.Tasks.Task`1<System.Threading.Tasks.VoidTaskResult>)
0x0000023042b2160b (Mono JIT Code) System.Runtime.CompilerServices.AsyncTaskMethodBuilder:SetResult ()
0x00000230abd4cbeb (Mono JIT Code) Game.Threading.UnityTask/<WaitForGPUFrame>d__2:MoveNext ()
0x0000023042b2f312 (Mono JIT Code) System.Runtime.CompilerServices.AsyncMethodBuilderCore/MoveNextRunner:InvokeMoveNext (object)
0x0000023041222aae (Mono JIT Code) System.Threading.ExecutionContext:RunInternal (System.Threading.ExecutionContext,System.Threading.ContextCallback,object,bool)
0x00000230412223db (Mono JIT Code) System.Threading.ExecutionContext:Run (System.Threading.ExecutionContext,System.Threading.ContextCallback,object,bool)
0x0000023042b2f1cb (Mono JIT Code) System.Runtime.CompilerServices.AsyncMethodBuilderCore/MoveNextRunner:Run ()
0x0000023044ff6cca (Mono JIT Code) System.Threading.Tasks.AwaitTaskContinuation:InvokeAction (object)
0x0000023042b32175 (Mono JIT Code) System.Threading.Tasks.AwaitTaskContinuation:RunCallback (System.Threading.ContextCallback,object,System.Threading.Tasks.Task&)
0x0000023042b31fd3 (Mono JIT Code) System.Threading.Tasks.SynchronizationContextAwaitTaskContinuation:Run (System.Threading.Tasks.Task,bool)
0x0000023042b2ded7 (Mono JIT Code) System.Threading.Tasks.Task:FinishContinuations ()
0x0000023042b2da73 (Mono JIT Code) System.Threading.Tasks.Task:FinishStageThree ()
0x0000022fc4b750e3 (Mono JIT Code) System.Threading.Tasks.Task`1<bool>:TrySetResult (bool)
0x0000022fc4b74f93 (Mono JIT Code) System.Threading.Tasks.TaskCompletionSource`1<bool>:TrySetResult (bool)
0x0000022fc4b8c0d3 (Mono JIT Code) System.Threading.Tasks.TaskCompletionSource`1<bool>:SetResult (bool)
0x00000230abd4dbcb (Mono JIT Code) Game.Threading.UnityTask/<>c__DisplayClass2_0:<WaitForGPUFrame>b__0 (UnityEngine.Rendering.AsyncGPUReadbackRequest)
0x0000022fc4b70554 (Mono JIT Code) (wrapper runtime-invoke) <Module>:runtime_invoke_void__this___AsyncGPUReadbackRequest (object,intptr,intptr,intptr)
0x00007ff810874b7e (mono-2.0-bdwgc) mono_jit_set_domain
0x00007ff8107ad204 (mono-2.0-bdwgc) mono_object_get_virtual_method
0x00007ff8107ad37c (mono-2.0-bdwgc) mono_runtime_invoke
0x00007ffff8ce1288 (UnityPlayer) 
0x00007ffff8ce173b (UnityPlayer) 
0x00007ffff8dcf778 (UnityPlayer) 
0x00007ffff8dcf964 (UnityPlayer) 
0x00007ffff8dcfe82 (UnityPlayer) 
0x00007ffff90233db (UnityPlayer) 
0x00007ffff9025dab (UnityPlayer) 
0x00007ffff902910b (UnityPlayer) 
0x00007ffff90293ab (UnityPlayer) UnityMain
0x00007ff7fb0611f6 (Cities2) 
0x00007ff96a6ae8d7 (KERNEL32) BaseThreadInitThunk
0x00007ff96bb4c53c (ntdll) RtlUserThreadStart

[FileSystem] [WARN]  Collision detected with new Asset C:/Users/bwort/AppData/LocalLow/Colossal Order/Cities Skylines II/.cache/Mods/mods_subscribed/101898_2/USA Southwest Pack.cok:Office_Decoration_MaskMap_07bd2e71791c71bae14492a15f8ea552.Texture (55456667b0834293024450716ac23567) in data source 'ParadoxModsDataSource' (Last: C:/Users/bwort/AppData/LocalLow/Colossal Order/Cities Skylines II/.cache/Mods/mods_subscribed/101898_2/USA Southwest Pack.cok:Office_Decoration_MaskMap_07bd2e71791c71bae14492a15f8ea552.Texture)
0x00007ffff922350d (UnityPlayer) UnityMain
0x00007ffff9223288 (UnityPlayer) UnityMain
0x00007ffff9209cd9 (UnityPlayer) UnityMain
0x00007ffff98a9e51 (UnityPlayer) UnityMain
0x00007ffff888b105 (UnityPlayer) 
0x0000023042b80f33 (Mono JIT Code) (wrapper managed-to-native) UnityEngine.DebugLogHandler:Internal_Log (UnityEngine.LogType,UnityEngine.LogOption,string,UnityEngine.Object)
0x0000023042b80e4b (Mono JIT Code) UnityEngine.DebugLogHandler:LogFormat (UnityEngine.LogType,UnityEngine.Object,string,object[])
0x0000023041124a6a (Mono JIT Code) Colossal.Logging.CustomLogHandler:PostProcessFormat (UnityEngine.LogType,Colossal.Logging.Level,UnityEngine.Object,string,Colossal.Logging.ILog,System.Exception)
0x00000230411241ab (Mono JIT Code) Colossal.Logging.CustomLogHandler:LogFormat (UnityEngine.LogType,UnityEngine.Object,string,object[])
0x0000023041123e71 (Mono JIT Code) UnityEngine.Logger:LogFormat (UnityEngine.LogType,string,object[])
0x000002304112382d (Mono JIT Code) Colossal.Logging.UnityLogger:Log (Colossal.Logging.Level,string,System.Exception)
0x00000230abd5e193 (Mono JIT Code) Colossal.Logging.UnityLogger:WarnFormat (string,object[])
0x00000230a61e3769 (Mono JIT Code) Colossal.IO.AssetDatabase.FileSystemDataSource:AddEntry (Colossal.IO.AssetDatabase.DataSourceModification,bool,string,System.Type,long,long,bool,Colossal.Hash128,Colossal.Hash128,string,bool,System.Collections.Generic.List`1<System.ValueTuple`2<System.Type, Colossal.IO.AssetDatabase.Identifier>>)
0x00000230a622563b (Mono JIT Code) Colossal.IO.AssetDatabase.FileSystemDataSource:PopulateFromPackage (bool,bool,Colossal.Hash128,long,System.Collections.Generic.List`1<System.ValueTuple`2<System.Type, Colossal.IO.AssetDatabase.Identifier>>)
0x00000230a61e39c3 (Mono JIT Code) Colossal.IO.AssetDatabase.FileSystemDataSource:AddEntry (Colossal.IO.AssetDatabase.DataSourceModification,bool,string,System.Type,long,long,bool,Colossal.Hash128,Colossal.Hash128,string,bool,System.Collections.Generic.List`1<System.ValueTuple`2<System.Type, Colossal.IO.AssetDatabase.Identifier>>)
0x00000230a61e0e7b (Mono JIT Code) Colossal.IO.AssetDatabase.FileSystemDataSource:PopulateFromDirectory (string,bool,System.Threading.CancellationToken,System.Collections.Generic.List`1<System.ValueTuple`2<System.Type, Colossal.IO.AssetDatabase.Identifier>>)
0x00000230abd4b073 (Mono JIT Code) Colossal.IO.AssetDatabase.ParadoxModsDataSource/<OnActivePlaysetChanged>d__24:MoveNext ()
0x0000023042b2f312 (Mono JIT Code) System.Runtime.CompilerServices.AsyncMethodBuilderCore/MoveNextRunner:InvokeMoveNext (object)
0x0000023041222aae (Mono JIT Code) System.Threading.ExecutionContext:RunInternal (System.Threading.ExecutionContext,System.Threading.ContextCallback,object,bool)
0x00000230412223db (Mono JIT Code) System.Threading.ExecutionContext:Run (System.Threading.ExecutionContext,System.Threading.ContextCallback,object,bool)
0x0000023042b2f1cb (Mono JIT Code) System.Runtime.CompilerServices.AsyncMethodBuilderCore/MoveNextRunner:Run ()
0x0000023044ff6cca (Mono JIT Code) System.Threading.Tasks.AwaitTaskContinuation:InvokeAction (object)
0x0000023042b32175 (Mono JIT Code) System.Threading.Tasks.AwaitTaskContinuation:RunCallback (System.Threading.ContextCallback,object,System.Threading.Tasks.Task&)
0x0000023042b31fd3 (Mono JIT Code) System.Threading.Tasks.SynchronizationContextAwaitTaskContinuation:Run (System.Threading.Tasks.Task,bool)
0x0000023042b2ded7 (Mono JIT Code) System.Threading.Tasks.Task:FinishContinuations ()
0x0000023042b2da73 (Mono JIT Code) System.Threading.Tasks.Task:FinishStageThree ()
0x0000023042b2d853 (Mono JIT Code) System.Threading.Tasks.Task`1<System.Threading.Tasks.VoidTaskResult>:TrySetResult (System.Threading.Tasks.VoidTaskResult)
0x0000023042b31083 (Mono JIT Code) System.Runtime.CompilerServices.AsyncTaskMethodBuilder`1<System.Threading.Tasks.VoidTaskResult>:SetResult (System.Threading.Tasks.VoidTaskResult)
0x0000023042b216b3 (Mono JIT Code) System.Runtime.CompilerServices.AsyncTaskMethodBuilder`1<System.Threading.Tasks.VoidTaskResult>:SetResult (System.Threading.Tasks.Task`1<System.Threading.Tasks.VoidTaskResult>)
0x0000023042b2160b (Mono JIT Code) System.Runtime.CompilerServices.AsyncTaskMethodBuilder:SetResult ()
0x00000230abd4cbeb (Mono JIT Code) Game.Threading.UnityTask/<WaitForGPUFrame>d__2:MoveNext ()
0x0000023042b2f312 (Mono JIT Code) System.Runtime.CompilerServices.AsyncMethodBuilderCore/MoveNextRunner:InvokeMoveNext (object)
0x0000023041222aae (Mono JIT Code) System.Threading.ExecutionContext:RunInternal (System.Threading.ExecutionContext,System.Threading.ContextCallback,object,bool)
0x00000230412223db (Mono JIT Code) System.Threading.ExecutionContext:Run (System.Threading.ExecutionContext,System.Threading.ContextCallback,object,bool)
0x0000023042b2f1cb (Mono JIT Code) System.Runtime.CompilerServices.AsyncMethodBuilderCore/MoveNextRunner:Run ()
0x0000023044ff6cca (Mono JIT Code) System.Threading.Tasks.AwaitTaskContinuation:InvokeAction (object)
0x0000023042b32175 (Mono JIT Code) System.Threading.Tasks.AwaitTaskContinuation:RunCallback (System.Threading.ContextCallback,object,System.Threading.Tasks.Task&)
0x0000023042b31fd3 (Mono JIT Code) System.Threading.Tasks.SynchronizationContextAwaitTaskContinuation:Run (System.Threading.Tasks.Task,bool)
0x0000023042b2ded7 (Mono JIT Code) System.Threading.Tasks.Task:FinishContinuations ()
0x0000023042b2da73 (Mono JIT Code) System.Threading.Tasks.Task:FinishStageThree ()
0x0000022fc4b750e3 (Mono JIT Code) System.Threading.Tasks.Task`1<bool>:TrySetResult (bool)
0x0000022fc4b74f93 (Mono JIT Code) System.Threading.Tasks.TaskCompletionSource`1<bool>:TrySetResult (bool)
0x0000022fc4b8c0d3 (Mono JIT Code) System.Threading.Tasks.TaskCompletionSource`1<bool>:SetResult (bool)
0x00000230abd4dbcb (Mono JIT Code) Game.Threading.UnityTask/<>c__DisplayClass2_0:<WaitForGPUFrame>b__0 (UnityEngine.Rendering.AsyncGPUReadbackRequest)
0x0000022fc4b70554 (Mono JIT Code) (wrapper runtime-invoke) <Module>:runtime_invoke_void__this___AsyncGPUReadbackRequest (object,intptr,intptr,intptr)
0x00007ff810874b7e (mono-2.0-bdwgc) mono_jit_set_domain
0x00007ff8107ad204 (mono-2.0-bdwgc) mono_object_get_virtual_method
0x00007ff8107ad37c (mono-2.0-bdwgc) mono_runtime_invoke
0x00007ffff8ce1288 (UnityPlayer) 
0x00007ffff8ce173b (UnityPlayer) 
0x00007ffff8dcf778 (UnityPlayer) 
0x00007ffff8dcf964 (UnityPlayer) 
0x00007ffff8dcfe82 (UnityPlayer) 
0x00007ffff90233db (UnityPlayer) 
0x00007ffff9025dab (UnityPlayer) 
0x00007ffff902910b (UnityPlayer) 
0x00007ffff90293ab (UnityPlayer) UnityMain
0x00007ff7fb0611f6 (Cities2) 
0x00007ff96a6ae8d7 (KERNEL32) BaseThreadInitThunk
0x00007ff96bb4c53c (ntdll) RtlUserThreadStart

[FileSystem] [WARN]  Collision detected with new Asset C:/Users/bwort/AppData/LocalLow/Colossal Order/Cities Skylines II/.cache/Mods/mods_subscribed/101898_2/USA Southwest Pack.cok:Office_Decoration_Normal_a1639c0b84a70df84ef028a0dbb8f206.Texture (5b285e5a696abf3f641f6b9e0a680850) in data source 'ParadoxModsDataSource' (Last: C:/Users/bwort/AppData/LocalLow/Colossal Order/Cities Skylines II/.cache/Mods/mods_subscribed/101898_2/USA Southwest Pack.cok:Office_Decoration_Normal_a1639c0b84a70df84ef028a0dbb8f206.Texture)
0x00007ffff922350d (UnityPlayer) UnityMain
0x00007ffff9223288 (UnityPlayer) UnityMain
0x00007ffff9209cd9 (UnityPlayer) UnityMain
0x00007ffff98a9e51 (UnityPlayer) UnityMain
0x00007ffff888b105 (UnityPlayer) 
0x0000023042b80f33 (Mono JIT Code) (wrapper managed-to-native) UnityEngine.DebugLogHandler:Internal_Log (UnityEngine.LogType,UnityEngine.LogOption,string,UnityEngine.Object)
0x0000023042b80e4b (Mono JIT Code) UnityEngine.DebugLogHandler:LogFormat (UnityEngine.LogType,UnityEngine.Object,string,object[])
0x0000023041124a6a (Mono JIT Code) Colossal.Logging.CustomLogHandler:PostProcessFormat (UnityEngine.LogType,Colossal.Logging.Level,UnityEngine.Object,string,Colossal.Logging.ILog,System.Exception)
0x00000230411241ab (Mono JIT Code) Colossal.Logging.CustomLogHandler:LogFormat (UnityEngine.LogType,UnityEngine.Object,string,object[])
0x0000023041123e71 (Mono JIT Code) UnityEngine.Logger:LogFormat (UnityEngine.LogType,string,object[])
0x000002304112382d (Mono JIT Code) Colossal.Logging.UnityLogger:Log (Colossal.Logging.Level,string,System.Exception)
0x00000230abd5e193 (Mono JIT Code) Colossal.Logging.UnityLogger:WarnFormat (string,object[])
0x00000230a61e3769 (Mono JIT Code) Colossal.IO.AssetDatabase.FileSystemDataSource:AddEntry (Colossal.IO.AssetDatabase.DataSourceModification,bool,string,System.Type,long,long,bool,Colossal.Hash128,Colossal.Hash128,string,bool,System.Collections.Generic.List`1<System.ValueTuple`2<System.Type, Colossal.IO.AssetDatabase.Identifier>>)
0x00000230a622563b (Mono JIT Code) Colossal.IO.AssetDatabase.FileSystemDataSource:PopulateFromPackage (bool,bool,Colossal.Hash128,long,System.Collections.Generic.List`1<System.ValueTuple`2<System.Type, Colossal.IO.AssetDatabase.Identifier>>)
0x00000230a61e39c3 (Mono JIT Code) Colossal.IO.AssetDatabase.FileSystemDataSource:AddEntry (Colossal.IO.AssetDatabase.DataSourceModification,bool,string,System.Type,long,long,bool,Colossal.Hash128,Colossal.Hash128,string,bool,System.Collections.Generic.List`1<System.ValueTuple`2<System.Type, Colossal.IO.AssetDatabase.Identifier>>)
0x00000230a61e0e7b (Mono JIT Code) Colossal.IO.AssetDatabase.FileSystemDataSource:PopulateFromDirectory (string,bool,System.Threading.CancellationToken,System.Collections.Generic.List`1<System.ValueTuple`2<System.Type, Colossal.IO.AssetDatabase.Identifier>>)
0x00000230abd4b073 (Mono JIT Code) Colossal.IO.AssetDatabase.ParadoxModsDataSource/<OnActivePlaysetChanged>d__24:MoveNext ()
0x0000023042b2f312 (Mono JIT Code) System.Runtime.CompilerServices.AsyncMethodBuilderCore/MoveNextRunner:InvokeMoveNext (object)
0x0000023041222aae (Mono JIT Code) System.Threading.ExecutionContext:RunInternal (System.Threading.ExecutionContext,System.Threading.ContextCallback,object,bool)
0x00000230412223db (Mono JIT Code) System.Threading.ExecutionContext:Run (System.Threading.ExecutionContext,System.Threading.ContextCallback,object,bool)
0x0000023042b2f1cb (Mono JIT Code) System.Runtime.CompilerServices.AsyncMethodBuilderCore/MoveNextRunner:Run ()
0x0000023044ff6cca (Mono JIT Code) System.Threading.Tasks.AwaitTaskContinuation:InvokeAction (object)
0x0000023042b32175 (Mono JIT Code) System.Threading.Tasks.AwaitTaskContinuation:RunCallback (System.Threading.ContextCallback,object,System.Threading.Tasks.Task&)
0x0000023042b31fd3 (Mono JIT Code) System.Threading.Tasks.SynchronizationContextAwaitTaskContinuation:Run (System.Threading.Tasks.Task,bool)
0x0000023042b2ded7 (Mono JIT Code) System.Threading.Tasks.Task:FinishContinuations ()
0x0000023042b2da73 (Mono JIT Code) System.Threading.Tasks.Task:FinishStageThree ()
0x0000023042b2d853 (Mono JIT Code) System.Threading.Tasks.Task`1<System.Threading.Tasks.VoidTaskResult>:TrySetResult (System.Threading.Tasks.VoidTaskResult)
0x0000023042b31083 (Mono JIT Code) System.Runtime.CompilerServices.AsyncTaskMethodBuilder`1<System.Threading.Tasks.VoidTaskResult>:SetResult (System.Threading.Tasks.VoidTaskResult)
0x0000023042b216b3 (Mono JIT Code) System.Runtime.CompilerServices.AsyncTaskMethodBuilder`1<System.Threading.Tasks.VoidTaskResult>:SetResult (System.Threading.Tasks.Task`1<System.Threading.Tasks.VoidTaskResult>)
0x0000023042b2160b (Mono JIT Code) System.Runtime.CompilerServices.AsyncTaskMethodBuilder:SetResult ()
0x00000230abd4cbeb (Mono JIT Code) Game.Threading.UnityTask/<WaitForGPUFrame>d__2:MoveNext ()
0x0000023042b2f312 (Mono JIT Code) System.Runtime.CompilerServices.AsyncMethodBuilderCore/MoveNextRunner:InvokeMoveNext (object)
0x0000023041222aae (Mono JIT Code) System.Threading.ExecutionContext:RunInternal (System.Threading.ExecutionContext,System.Threading.ContextCallback,object,bool)
0x00000230412223db (Mono JIT Code) System.Threading.ExecutionContext:Run (System.Threading.ExecutionContext,System.Threading.ContextCallback,object,bool)
0x0000023042b2f1cb (Mono JIT Code) System.Runtime.CompilerServices.AsyncMethodBuilderCore/MoveNextRunner:Run ()
0x0000023044ff6cca (Mono JIT Code) System.Threading.Tasks.AwaitTaskContinuation:InvokeAction (object)
0x0000023042b32175 (Mono JIT Code) System.Threading.Tasks.AwaitTaskContinuation:RunCallback (System.Threading.ContextCallback,object,System.Threading.Tasks.Task&)
0x0000023042b31fd3 (Mono JIT Code) System.Threading.Tasks.SynchronizationContextAwaitTaskContinuation:Run (System.Threading.Tasks.Task,bool)
0x0000023042b2ded7 (Mono JIT Code) System.Threading.Tasks.Task:FinishContinuations ()
0x0000023042b2da73 (Mono JIT Code) System.Threading.Tasks.Task:FinishStageThree ()
0x0000022fc4b750e3 (Mono JIT Code) System.Threading.Tasks.Task`1<bool>:TrySetResult (bool)
0x0000022fc4b74f93 (Mono JIT Code) System.Threading.Tasks.TaskCompletionSource`1<bool>:TrySetResult (bool)
0x0000022fc4b8c0d3 (Mono JIT Code) System.Threading.Tasks.TaskCompletionSource`1<bool>:SetResult (bool)
0x00000230abd4dbcb (Mono JIT Code) Game.Threading.UnityTask/<>c__DisplayClass2_0:<WaitForGPUFrame>b__0 (UnityEngine.Rendering.AsyncGPUReadbackRequest)
0x0000022fc4b70554 (Mono JIT Code) (wrapper runtime-invoke) <Module>:runtime_invoke_void__this___AsyncGPUReadbackRequest (object,intptr,intptr,intptr)
0x00007ff810874b7e (mono-2.0-bdwgc) mono_jit_set_domain
0x00007ff8107ad204 (mono-2.0-bdwgc) mono_object_get_virtual_method
0x00007ff8107ad37c (mono-2.0-bdwgc) mono_runtime_invoke
0x00007ffff8ce1288 (UnityPlayer) 
0x00007ffff8ce173b (UnityPlayer) 
0x00007ffff8dcf778 (UnityPlayer) 
0x00007ffff8dcf964 (UnityPlayer) 
0x00007ffff8dcfe82 (UnityPlayer) 
0x00007ffff90233db (UnityPlayer) 
0x00007ffff9025dab (UnityPlayer) 
0x00007ffff902910b (UnityPlayer) 
0x00007ffff90293ab (UnityPlayer) UnityMain
0x00007ff7fb0611f6 (Cities2) 
0x00007ff96a6ae8d7 (KERNEL32) BaseThreadInitThunk
0x00007ff96bb4c53c (ntdll) RtlUserThreadStart

[FileSystem] [WARN]  Collision detected with new Asset C:/Users/bwort/AppData/LocalLow/Colossal Order/Cities Skylines II/.cache/Mods/mods_subscribed/101898_2/USA Southwest Pack.cok:Residential_Decoration_Normal_f61341d2c3d98fa43734292ae9458669.Texture (e595ea5057f7b4ea60975efc39949953) in data source 'ParadoxModsDataSource' (Last: C:/Users/bwort/AppData/LocalLow/Colossal Order/Cities Skylines II/.cache/Mods/mods_subscribed/101898_2/USA Southwest Pack.cok:Residential_Decoration_Normal_f61341d2c3d98fa43734292ae9458669.Texture)
0x00007ffff922350d (UnityPlayer) UnityMain
0x00007ffff9223288 (UnityPlayer) UnityMain
0x00007ffff9209cd9 (UnityPlayer) UnityMain
0x00007ffff98a9e51 (UnityPlayer) UnityMain
0x00007ffff888b105 (UnityPlayer) 
0x0000023042b80f33 (Mono JIT Code) (wrapper managed-to-native) UnityEngine.DebugLogHandler:Internal_Log (UnityEngine.LogType,UnityEngine.LogOption,string,UnityEngine.Object)
0x0000023042b80e4b (Mono JIT Code) UnityEngine.DebugLogHandler:LogFormat (UnityEngine.LogType,UnityEngine.Object,string,object[])
0x0000023041124a6a (Mono JIT Code) Colossal.Logging.CustomLogHandler:PostProcessFormat (UnityEngine.LogType,Colossal.Logging.Level,UnityEngine.Object,string,Colossal.Logging.ILog,System.Exception)
0x00000230411241ab (Mono JIT Code) Colossal.Logging.CustomLogHandler:LogFormat (UnityEngine.LogType,UnityEngine.Object,string,object[])
0x0000023041123e71 (Mono JIT Code) UnityEngine.Logger:LogFormat (UnityEngine.LogType,string,object[])
0x000002304112382d (Mono JIT Code) Colossal.Logging.UnityLogger:Log (Colossal.Logging.Level,string,System.Exception)
0x00000230abd5e193 (Mono JIT Code) Colossal.Logging.UnityLogger:WarnFormat (string,object[])
0x00000230a61e3769 (Mono JIT Code) Colossal.IO.AssetDatabase.FileSystemDataSource:AddEntry (Colossal.IO.AssetDatabase.DataSourceModification,bool,string,System.Type,long,long,bool,Colossal.Hash128,Colossal.Hash128,string,bool,System.Collections.Generic.List`1<System.ValueTuple`2<System.Type, Colossal.IO.AssetDatabase.Identifier>>)
0x00000230a622563b (Mono JIT Code) Colossal.IO.AssetDatabase.FileSystemDataSource:PopulateFromPackage (bool,bool,Colossal.Hash128,long,System.Collections.Generic.List`1<System.ValueTuple`2<System.Type, Colossal.IO.AssetDatabase.Identifier>>)
0x00000230a61e39c3 (Mono JIT Code) Colossal.IO.AssetDatabase.FileSystemDataSource:AddEntry (Colossal.IO.AssetDatabase.DataSourceModification,bool,string,System.Type,long,long,bool,Colossal.Hash128,Colossal.Hash128,string,bool,System.Collections.Generic.List`1<System.ValueTuple`2<System.Type, Colossal.IO.AssetDatabase.Identifier>>)
0x00000230a61e0e7b (Mono JIT Code) Colossal.IO.AssetDatabase.FileSystemDataSource:PopulateFromDirectory (string,bool,System.Threading.CancellationToken,System.Collections.Generic.List`1<System.ValueTuple`2<System.Type, Colossal.IO.AssetDatabase.Identifier>>)
0x00000230abd4b073 (Mono JIT Code) Colossal.IO.AssetDatabase.ParadoxModsDataSource/<OnActivePlaysetChanged>d__24:MoveNext ()
0x0000023042b2f312 (Mono JIT Code) System.Runtime.CompilerServices.AsyncMethodBuilderCore/MoveNextRunner:InvokeMoveNext (object)
0x0000023041222aae (Mono JIT Code) System.Threading.ExecutionContext:RunInternal (System.Threading.ExecutionContext,System.Threading.ContextCallback,object,bool)
0x00000230412223db (Mono JIT Code) System.Threading.ExecutionContext:Run (System.Threading.ExecutionContext,System.Threading.ContextCallback,object,bool)
0x0000023042b2f1cb (Mono JIT Code) System.Runtime.CompilerServices.AsyncMethodBuilderCore/MoveNextRunner:Run ()
0x0000023044ff6cca (Mono JIT Code) System.Threading.Tasks.AwaitTaskContinuation:InvokeAction (object)
0x0000023042b32175 (Mono JIT Code) System.Threading.Tasks.AwaitTaskContinuation:RunCallback (System.Threading.ContextCallback,object,System.Threading.Tasks.Task&)
0x0000023042b31fd3 (Mono JIT Code) System.Threading.Tasks.SynchronizationContextAwaitTaskContinuation:Run (System.Threading.Tasks.Task,bool)
0x0000023042b2ded7 (Mono JIT Code) System.Threading.Tasks.Task:FinishContinuations ()
0x0000023042b2da73 (Mono JIT Code) System.Threading.Tasks.Task:FinishStageThree ()
0x0000023042b2d853 (Mono JIT Code) System.Threading.Tasks.Task`1<System.Threading.Tasks.VoidTaskResult>:TrySetResult (System.Threading.Tasks.VoidTaskResult)
0x0000023042b31083 (Mono JIT Code) System.Runtime.CompilerServices.AsyncTaskMethodBuilder`1<System.Threading.Tasks.VoidTaskResult>:SetResult (System.Threading.Tasks.VoidTaskResult)
0x0000023042b216b3 (Mono JIT Code) System.Runtime.CompilerServices.AsyncTaskMethodBuilder`1<System.Threading.Tasks.VoidTaskResult>:SetResult (System.Threading.Tasks.Task`1<System.Threading.Tasks.VoidTaskResult>)
0x0000023042b2160b (Mono JIT Code) System.Runtime.CompilerServices.AsyncTaskMethodBuilder:SetResult ()
0x00000230abd4cbeb (Mono JIT Code) Game.Threading.UnityTask/<WaitForGPUFrame>d__2:MoveNext ()
0x0000023042b2f312 (Mono JIT Code) System.Runtime.CompilerServices.AsyncMethodBuilderCore/MoveNextRunner:InvokeMoveNext (object)
0x0000023041222aae (Mono JIT Code) System.Threading.ExecutionContext:RunInternal (System.Threading.ExecutionContext,System.Threading.ContextCallback,object,bool)
0x00000230412223db (Mono JIT Code) System.Threading.ExecutionContext:Run (System.Threading.ExecutionContext,System.Threading.ContextCallback,object,bool)
0x0000023042b2f1cb (Mono JIT Code) System.Runtime.CompilerServices.AsyncMethodBuilderCore/MoveNextRunner:Run ()
0x0000023044ff6cca (Mono JIT Code) System.Threading.Tasks.AwaitTaskContinuation:InvokeAction (object)
0x0000023042b32175 (Mono JIT Code) System.Threading.Tasks.AwaitTaskContinuation:RunCallback (System.Threading.ContextCallback,object,System.Threading.Tasks.Task&)
0x0000023042b31fd3 (Mono JIT Code) System.Threading.Tasks.SynchronizationContextAwaitTaskContinuation:Run (System.Threading.Tasks.Task,bool)
0x0000023042b2ded7 (Mono JIT Code) System.Threading.Tasks.Task:FinishContinuations ()
0x0000023042b2da73 (Mono JIT Code) System.Threading.Tasks.Task:FinishStageThree ()
0x0000022fc4b750e3 (Mono JIT Code) System.Threading.Tasks.Task`1<bool>:TrySetResult (bool)
0x0000022fc4b74f93 (Mono JIT Code) System.Threading.Tasks.TaskCompletionSource`1<bool>:TrySetResult (bool)
0x0000022fc4b8c0d3 (Mono JIT Code) System.Threading.Tasks.TaskCompletionSource`1<bool>:SetResult (bool)
0x00000230abd4dbcb (Mono JIT Code) Game.Threading.UnityTask/<>c__DisplayClass2_0:<WaitForGPUFrame>b__0 (UnityEngine.Rendering.AsyncGPUReadbackRequest)
0x0000022fc4b70554 (Mono JIT Code) (wrapper runtime-invoke) <Module>:runtime_invoke_void__this___AsyncGPUReadbackRequest (object,intptr,intptr,intptr)
0x00007ff810874b7e (mono-2.0-bdwgc) mono_jit_set_domain
0x00007ff8107ad204 (mono-2.0-bdwgc) mono_object_get_virtual_method
0x00007ff8107ad37c (mono-2.0-bdwgc) mono_runtime_invoke
0x00007ffff8ce1288 (UnityPlayer) 
0x00007ffff8ce173b (UnityPlayer) 
0x00007ffff8dcf778 (UnityPlayer) 
0x00007ffff8dcf964 (UnityPlayer) 
0x00007ffff8dcfe82 (UnityPlayer) 
0x00007ffff90233db (UnityPlayer) 
0x00007ffff9025dab (UnityPlayer) 
0x00007ffff902910b (UnityPlayer) 
0x00007ffff90293ab (UnityPlayer) UnityMain
0x00007ff7fb0611f6 (Cities2) 
0x00007ff96a6ae8d7 (KERNEL32) BaseThreadInitThunk
0x00007ff96bb4c53c (ntdll) RtlUserThreadStart

[FileSystem] [WARN]  Collision detected with new Asset C:/Users/bwort/AppData/LocalLow/Colossal Order/Cities Skylines II/.cache/Mods/mods_subscribed/101898_2/USA Southwest Pack.cok:Office_Decoration_BaseColor_09fc85012dffbe9215dd8cfbae1105df.Texture (01b45e6f3f2809109ea66887ac08d006) in data source 'ParadoxModsDataSource' (Last: C:/Users/bwort/AppData/LocalLow/Colossal Order/Cities Skylines II/.cache/Mods/mods_subscribed/101898_2/USA Southwest Pack.cok:Office_Decoration_BaseColor_09fc85012dffbe9215dd8cfbae1105df.Texture)
0x00007ffff922350d (UnityPlayer) UnityMain
0x00007ffff9223288 (UnityPlayer) UnityMain
0x00007ffff9209cd9 (UnityPlayer) UnityMain
0x00007ffff98a9e51 (UnityPlayer) UnityMain
0x00007ffff888b105 (UnityPlayer) 
0x0000023042b80f33 (Mono JIT Code) (wrapper managed-to-native) UnityEngine.DebugLogHandler:Internal_Log (UnityEngine.LogType,UnityEngine.LogOption,string,UnityEngine.Object)
0x0000023042b80e4b (Mono JIT Code) UnityEngine.DebugLogHandler:LogFormat (UnityEngine.LogType,UnityEngine.Object,string,object[])
0x0000023041124a6a (Mono JIT Code) Colossal.Logging.CustomLogHandler:PostProcessFormat (UnityEngine.LogType,Colossal.Logging.Level,UnityEngine.Object,string,Colossal.Logging.ILog,System.Exception)
0x00000230411241ab (Mono JIT Code) Colossal.Logging.CustomLogHandler:LogFormat (UnityEngine.LogType,UnityEngine.Object,string,object[])
0x0000023041123e71 (Mono JIT Code) UnityEngine.Logger:LogFormat (UnityEngine.LogType,string,object[])
0x000002304112382d (Mono JIT Code) Colossal.Logging.UnityLogger:Log (Colossal.Logging.Level,string,System.Exception)
0x00000230abd5e193 (Mono JIT Code) Colossal.Logging.UnityLogger:WarnFormat (string,object[])
0x00000230a61e3769 (Mono JIT Code) Colossal.IO.AssetDatabase.FileSystemDataSource:AddEntry (Colossal.IO.AssetDatabase.DataSourceModification,bool,string,System.Type,long,long,bool,Colossal.Hash128,Colossal.Hash128,string,bool,System.Collections.Generic.List`1<System.ValueTuple`2<System.Type, Colossal.IO.AssetDatabase.Identifier>>)
0x00000230a622563b (Mono JIT Code) Colossal.IO.AssetDatabase.FileSystemDataSource:PopulateFromPackage (bool,bool,Colossal.Hash128,long,System.Collections.Generic.List`1<System.ValueTuple`2<System.Type, Colossal.IO.AssetDatabase.Identifier>>)
0x00000230a61e39c3 (Mono JIT Code) Colossal.IO.AssetDatabase.FileSystemDataSource:AddEntry (Colossal.IO.AssetDatabase.DataSourceModification,bool,string,System.Type,long,long,bool,Colossal.Hash128,Colossal.Hash128,string,bool,System.Collections.Generic.List`1<System.ValueTuple`2<System.Type, Colossal.IO.AssetDatabase.Identifier>>)
0x00000230a61e0e7b (Mono JIT Code) Colossal.IO.AssetDatabase.FileSystemDataSource:PopulateFromDirectory (string,bool,System.Threading.CancellationToken,System.Collections.Generic.List`1<System.ValueTuple`2<System.Type, Colossal.IO.AssetDatabase.Identifier>>)
0x00000230abd4b073 (Mono JIT Code) Colossal.IO.AssetDatabase.ParadoxModsDataSource/<OnActivePlaysetChanged>d__24:MoveNext ()
0x0000023042b2f312 (Mono JIT Code) System.Runtime.CompilerServices.AsyncMethodBuilderCore/MoveNextRunner:InvokeMoveNext (object)
0x0000023041222aae (Mono JIT Code) System.Threading.ExecutionContext:RunInternal (System.Threading.ExecutionContext,System.Threading.ContextCallback,object,bool)
0x00000230412223db (Mono JIT Code) System.Threading.ExecutionContext:Run (System.Threading.ExecutionContext,System.Threading.ContextCallback,object,bool)
0x0000023042b2f1cb (Mono JIT Code) System.Runtime.CompilerServices.AsyncMethodBuilderCore/MoveNextRunner:Run ()
0x0000023044ff6cca (Mono JIT Code) System.Threading.Tasks.AwaitTaskContinuation:InvokeAction (object)
0x0000023042b32175 (Mono JIT Code) System.Threading.Tasks.AwaitTaskContinuation:RunCallback (System.Threading.ContextCallback,object,System.Threading.Tasks.Task&)
0x0000023042b31fd3 (Mono JIT Code) System.Threading.Tasks.SynchronizationContextAwaitTaskContinuation:Run (System.Threading.Tasks.Task,bool)
0x0000023042b2ded7 (Mono JIT Code) System.Threading.Tasks.Task:FinishContinuations ()
0x0000023042b2da73 (Mono JIT Code) System.Threading.Tasks.Task:FinishStageThree ()
0x0000023042b2d853 (Mono JIT Code) System.Threading.Tasks.Task`1<System.Threading.Tasks.VoidTaskResult>:TrySetResult (System.Threading.Tasks.VoidTaskResult)
0x0000023042b31083 (Mono JIT Code) System.Runtime.CompilerServices.AsyncTaskMethodBuilder`1<System.Threading.Tasks.VoidTaskResult>:SetResult (System.Threading.Tasks.VoidTaskResult)
0x0000023042b216b3 (Mono JIT Code) System.Runtime.CompilerServices.AsyncTaskMethodBuilder`1<System.Threading.Tasks.VoidTaskResult>:SetResult (System.Threading.Tasks.Task`1<System.Threading.Tasks.VoidTaskResult>)
0x0000023042b2160b (Mono JIT Code) System.Runtime.CompilerServices.AsyncTaskMethodBuilder:SetResult ()
0x00000230abd4cbeb (Mono JIT Code) Game.Threading.UnityTask/<WaitForGPUFrame>d__2:MoveNext ()
0x0000023042b2f312 (Mono JIT Code) System.Runtime.CompilerServices.AsyncMethodBuilderCore/MoveNextRunner:InvokeMoveNext (object)
0x0000023041222aae (Mono JIT Code) System.Threading.ExecutionContext:RunInternal (System.Threading.ExecutionContext,System.Threading.ContextCallback,object,bool)
0x00000230412223db (Mono JIT Code) System.Threading.ExecutionContext:Run (System.Threading.ExecutionContext,System.Threading.ContextCallback,object,bool)
0x0000023042b2f1cb (Mono JIT Code) System.Runtime.CompilerServices.AsyncMethodBuilderCore/MoveNextRunner:Run ()
0x0000023044ff6cca (Mono JIT Code) System.Threading.Tasks.AwaitTaskContinuation:InvokeAction (object)
0x0000023042b32175 (Mono JIT Code) System.Threading.Tasks.AwaitTaskContinuation:RunCallback (System.Threading.ContextCallback,object,System.Threading.Tasks.Task&)
0x0000023042b31fd3 (Mono JIT Code) System.Threading.Tasks.SynchronizationContextAwaitTaskContinuation:Run (System.Threading.Tasks.Task,bool)
0x0000023042b2ded7 (Mono JIT Code) System.Threading.Tasks.Task:FinishContinuations ()
0x0000023042b2da73 (Mono JIT Code) System.Threading.Tasks.Task:FinishStageThree ()
0x0000022fc4b750e3 (Mono JIT Code) System.Threading.Tasks.Task`1<bool>:TrySetResult (bool)
0x0000022fc4b74f93 (Mono JIT Code) System.Threading.Tasks.TaskCompletionSource`1<bool>:TrySetResult (bool)
0x0000022fc4b8c0d3 (Mono JIT Code) System.Threading.Tasks.TaskCompletionSource`1<bool>:SetResult (bool)
0x00000230abd4dbcb (Mono JIT Code) Game.Threading.UnityTask/<>c__DisplayClass2_0:<WaitForGPUFrame>b__0 (UnityEngine.Rendering.AsyncGPUReadbackRequest)
0x0000022fc4b70554 (Mono JIT Code) (wrapper runtime-invoke) <Module>:runtime_invoke_void__this___AsyncGPUReadbackRequest (object,intptr,intptr,intptr)
0x00007ff810874b7e (mono-2.0-bdwgc) mono_jit_set_domain
0x00007ff8107ad204 (mono-2.0-bdwgc) mono_object_get_virtual_method
0x00007ff8107ad37c (mono-2.0-bdwgc) mono_runtime_invoke
0x00007ffff8ce1288 (UnityPlayer) 
0x00007ffff8ce173b (UnityPlayer) 
0x00007ffff8dcf778 (UnityPlayer) 
0x00007ffff8dcf964 (UnityPlayer) 
0x00007ffff8dcfe82 (UnityPlayer) 
0x00007ffff90233db (UnityPlayer) 
0x00007ffff9025dab (UnityPlayer) 
0x00007ffff902910b (UnityPlayer) 
0x00007ffff90293ab (UnityPlayer) UnityMain
0x00007ff7fb0611f6 (Cities2) 
0x00007ff96a6ae8d7 (KERNEL32) BaseThreadInitThunk
0x00007ff96bb4c53c (ntdll) RtlUserThreadStart

[FileSystem] [WARN]  Collision detected with new Asset C:/Users/bwort/AppData/LocalLow/Colossal Order/Cities Skylines II/.cache/Mods/mods_subscribed/101898_2/USA Southwest Pack.cok:ResidentialHigh_Interior01_1b7514b0b7c6d0f771443ef17caabac7.Texture (94dffe89d940773211767822543af38d) in data source 'ParadoxModsDataSource' (Last: C:/Users/bwort/AppData/LocalLow/Colossal Order/Cities Skylines II/.cache/Mods/mods_subscribed/101898_2/USA Southwest Pack.cok:ResidentialHigh_Interior01_1b7514b0b7c6d0f771443ef17caabac7.Texture)
0x00007ffff922350d (UnityPlayer) UnityMain
0x00007ffff9223288 (UnityPlayer) UnityMain
0x00007ffff9209cd9 (UnityPlayer) UnityMain
0x00007ffff98a9e51 (UnityPlayer) UnityMain
0x00007ffff888b105 (UnityPlayer) 
0x0000023042b80f33 (Mono JIT Code) (wrapper managed-to-native) UnityEngine.DebugLogHandler:Internal_Log (UnityEngine.LogType,UnityEngine.LogOption,string,UnityEngine.Object)
0x0000023042b80e4b (Mono JIT Code) UnityEngine.DebugLogHandler:LogFormat (UnityEngine.LogType,UnityEngine.Object,string,object[])
0x0000023041124a6a (Mono JIT Code) Colossal.Logging.CustomLogHandler:PostProcessFormat (UnityEngine.LogType,Colossal.Logging.Level,UnityEngine.Object,string,Colossal.Logging.ILog,System.Exception)
0x00000230411241ab (Mono JIT Code) Colossal.Logging.CustomLogHandler:LogFormat (UnityEngine.LogType,UnityEngine.Object,string,object[])
0x0000023041123e71 (Mono JIT Code) UnityEngine.Logger:LogFormat (UnityEngine.LogType,string,object[])
0x000002304112382d (Mono JIT Code) Colossal.Logging.UnityLogger:Log (Colossal.Logging.Level,string,System.Exception)
0x00000230abd5e193 (Mono JIT Code) Colossal.Logging.UnityLogger:WarnFormat (string,object[])
0x00000230a61e3769 (Mono JIT Code) Colossal.IO.AssetDatabase.FileSystemDataSource:AddEntry (Colossal.IO.AssetDatabase.DataSourceModification,bool,string,System.Type,long,long,bool,Colossal.Hash128,Colossal.Hash128,string,bool,System.Collections.Generic.List`1<System.ValueTuple`2<System.Type, Colossal.IO.AssetDatabase.Identifier>>)
0x00000230a622563b (Mono JIT Code) Colossal.IO.AssetDatabase.FileSystemDataSource:PopulateFromPackage (bool,bool,Colossal.Hash128,long,System.Collections.Generic.List`1<System.ValueTuple`2<System.Type, Colossal.IO.AssetDatabase.Identifier>>)
0x00000230a61e39c3 (Mono JIT Code) Colossal.IO.AssetDatabase.FileSystemDataSource:AddEntry (Colossal.IO.AssetDatabase.DataSourceModification,bool,string,System.Type,long,long,bool,Colossal.Hash128,Colossal.Hash128,string,bool,System.Collections.Generic.List`1<System.ValueTuple`2<System.Type, Colossal.IO.AssetDatabase.Identifier>>)
0x00000230a61e0e7b (Mono JIT Code) Colossal.IO.AssetDatabase.FileSystemDataSource:PopulateFromDirectory (string,bool,System.Threading.CancellationToken,System.Collections.Generic.List`1<System.ValueTuple`2<System.Type, Colossal.IO.AssetDatabase.Identifier>>)
0x00000230abd4b073 (Mono JIT Code) Colossal.IO.AssetDatabase.ParadoxModsDataSource/<OnActivePlaysetChanged>d__24:MoveNext ()
0x0000023042b2f312 (Mono JIT Code) System.Runtime.CompilerServices.AsyncMethodBuilderCore/MoveNextRunner:InvokeMoveNext (object)
0x0000023041222aae (Mono JIT Code) System.Threading.ExecutionContext:RunInternal (System.Threading.ExecutionContext,System.Threading.ContextCallback,object,bool)
0x00000230412223db (Mono JIT Code) System.Threading.ExecutionContext:Run (System.Threading.ExecutionContext,System.Threading.ContextCallback,object,bool)
0x0000023042b2f1cb (Mono JIT Code) System.Runtime.CompilerServices.AsyncMethodBuilderCore/MoveNextRunner:Run ()
0x0000023044ff6cca (Mono JIT Code) System.Threading.Tasks.AwaitTaskContinuation:InvokeAction (object)
0x0000023042b32175 (Mono JIT Code) System.Threading.Tasks.AwaitTaskContinuation:RunCallback (System.Threading.ContextCallback,object,System.Threading.Tasks.Task&)
0x0000023042b31fd3 (Mono JIT Code) System.Threading.Tasks.SynchronizationContextAwaitTaskContinuation:Run (System.Threading.Tasks.Task,bool)
0x0000023042b2ded7 (Mono JIT Code) System.Threading.Tasks.Task:FinishContinuations ()
0x0000023042b2da73 (Mono JIT Code) System.Threading.Tasks.Task:FinishStageThree ()
0x0000023042b2d853 (Mono JIT Code) System.Threading.Tasks.Task`1<System.Threading.Tasks.VoidTaskResult>:TrySetResult (System.Threading.Tasks.VoidTaskResult)
0x0000023042b31083 (Mono JIT Code) System.Runtime.CompilerServices.AsyncTaskMethodBuilder`1<System.Threading.Tasks.VoidTaskResult>:SetResult (System.Threading.Tasks.VoidTaskResult)
0x0000023042b216b3 (Mono JIT Code) System.Runtime.CompilerServices.AsyncTaskMethodBuilder`1<System.Threading.Tasks.VoidTaskResult>:SetResult (System.Threading.Tasks.Task`1<System.Threading.Tasks.VoidTaskResult>)
0x0000023042b2160b (Mono JIT Code) System.Runtime.CompilerServices.AsyncTaskMethodBuilder:SetResult ()
0x00000230abd4cbeb (Mono JIT Code) Game.Threading.UnityTask/<WaitForGPUFrame>d__2:MoveNext ()
0x0000023042b2f312 (Mono JIT Code) System.Runtime.CompilerServices.AsyncMethodBuilderCore/MoveNextRunner:InvokeMoveNext (object)
0x0000023041222aae (Mono JIT Code) System.Threading.ExecutionContext:RunInternal (System.Threading.ExecutionContext,System.Threading.ContextCallback,object,bool)
0x00000230412223db (Mono JIT Code) System.Threading.ExecutionContext:Run (System.Threading.ExecutionContext,System.Threading.ContextCallback,object,bool)
0x0000023042b2f1cb (Mono JIT Code) System.Runtime.CompilerServices.AsyncMethodBuilderCore/MoveNextRunner:Run ()
0x0000023044ff6cca (Mono JIT Code) System.Threading.Tasks.AwaitTaskContinuation:InvokeAction (object)
0x0000023042b32175 (Mono JIT Code) System.Threading.Tasks.AwaitTaskContinuation:RunCallback (System.Threading.ContextCallback,object,System.Threading.Tasks.Task&)
0x0000023042b31fd3 (Mono JIT Code) System.Threading.Tasks.SynchronizationContextAwaitTaskContinuation:Run (System.Threading.Tasks.Task,bool)
0x0000023042b2ded7 (Mono JIT Code) System.Threading.Tasks.Task:FinishContinuations ()
0x0000023042b2da73 (Mono JIT Code) System.Threading.Tasks.Task:FinishStageThree ()
0x0000022fc4b750e3 (Mono JIT Code) System.Threading.Tasks.Task`1<bool>:TrySetResult (bool)
0x0000022fc4b74f93 (Mono JIT Code) System.Threading.Tasks.TaskCompletionSource`1<bool>:TrySetResult (bool)
0x0000022fc4b8c0d3 (Mono JIT Code) System.Threading.Tasks.TaskCompletionSource`1<bool>:SetResult (bool)
0x00000230abd4dbcb (Mono JIT Code) Game.Threading.UnityTask/<>c__DisplayClass2_0:<WaitForGPUFrame>b__0 (UnityEngine.Rendering.AsyncGPUReadbackRequest)
0x0000022fc4b70554 (Mono JIT Code) (wrapper runtime-invoke) <Module>:runtime_invoke_void__this___AsyncGPUReadbackRequest (object,intptr,intptr,intptr)
0x00007ff810874b7e (mono-2.0-bdwgc) mono_jit_set_domain
0x00007ff8107ad204 (mono-2.0-bdwgc) mono_object_get_virtual_method
0x00007ff8107ad37c (mono-2.0-bdwgc) mono_runtime_invoke
0x00007ffff8ce1288 (UnityPlayer) 
0x00007ffff8ce173b (UnityPlayer) 
0x00007ffff8dcf778 (UnityPlayer) 
0x00007ffff8dcf964 (UnityPlayer) 
0x00007ffff8dcfe82 (UnityPlayer) 
0x00007ffff90233db (UnityPlayer) 
0x00007ffff9025dab (UnityPlayer) 
0x00007ffff902910b (UnityPlayer) 
0x00007ffff90293ab (UnityPlayer) UnityMain
0x00007ff7fb0611f6 (Cities2) 
0x00007ff96a6ae8d7 (KERNEL32) BaseThreadInitThunk
0x00007ff96bb4c53c (ntdll) RtlUserThreadStart

[FileSystem] [WARN]  Collision detected with new Asset C:/Users/bwort/AppData/LocalLow/Colossal Order/Cities Skylines II/.cache/Mods/mods_subscribed/101898_2/USA Southwest Pack.cok:Office_Decoration_Normal_747a36e84a84688e54fdd5826900aa48.Texture (e1c0ba53de3e8bccdcb93d1aa6158cef) in data source 'ParadoxModsDataSource' (Last: C:/Users/bwort/AppData/LocalLow/Colossal Order/Cities Skylines II/.cache/Mods/mods_subscribed/101898_2/USA Southwest Pack.cok:Office_Decoration_Normal_747a36e84a84688e54fdd5826900aa48.Texture)
0x00007ffff922350d (UnityPlayer) UnityMain
0x00007ffff9223288 (UnityPlayer) UnityMain
0x00007ffff9209cd9 (UnityPlayer) UnityMain
0x00007ffff98a9e51 (UnityPlayer) UnityMain
0x00007ffff888b105 (UnityPlayer) 
0x0000023042b80f33 (Mono JIT Code) (wrapper managed-to-native) UnityEngine.DebugLogHandler:Internal_Log (UnityEngine.LogType,UnityEngine.LogOption,string,UnityEngine.Object)
0x0000023042b80e4b (Mono JIT Code) UnityEngine.DebugLogHandler:LogFormat (UnityEngine.LogType,UnityEngine.Object,string,object[])
0x0000023041124a6a (Mono JIT Code) Colossal.Logging.CustomLogHandler:PostProcessFormat (UnityEngine.LogType,Colossal.Logging.Level,UnityEngine.Object,string,Colossal.Logging.ILog,System.Exception)
0x00000230411241ab (Mono JIT Code) Colossal.Logging.CustomLogHandler:LogFormat (UnityEngine.LogType,UnityEngine.Object,string,object[])
0x0000023041123e71 (Mono JIT Code) UnityEngine.Logger:LogFormat (UnityEngine.LogType,string,object[])
0x000002304112382d (Mono JIT Code) Colossal.Logging.UnityLogger:Log (Colossal.Logging.Level,string,System.Exception)
0x00000230abd5e193 (Mono JIT Code) Colossal.Logging.UnityLogger:WarnFormat (string,object[])
0x00000230a61e3769 (Mono JIT Code) Colossal.IO.AssetDatabase.FileSystemDataSource:AddEntry (Colossal.IO.AssetDatabase.DataSourceModification,bool,string,System.Type,long,long,bool,Colossal.Hash128,Colossal.Hash128,string,bool,System.Collections.Generic.List`1<System.ValueTuple`2<System.Type, Colossal.IO.AssetDatabase.Identifier>>)
0x00000230a622563b (Mono JIT Code) Colossal.IO.AssetDatabase.FileSystemDataSource:PopulateFromPackage (bool,bool,Colossal.Hash128,long,System.Collections.Generic.List`1<System.ValueTuple`2<System.Type, Colossal.IO.AssetDatabase.Identifier>>)
0x00000230a61e39c3 (Mono JIT Code) Colossal.IO.AssetDatabase.FileSystemDataSource:AddEntry (Colossal.IO.AssetDatabase.DataSourceModification,bool,string,System.Type,long,long,bool,Colossal.Hash128,Colossal.Hash128,string,bool,System.Collections.Generic.List`1<System.ValueTuple`2<System.Type, Colossal.IO.AssetDatabase.Identifier>>)
0x00000230a61e0e7b (Mono JIT Code) Colossal.IO.AssetDatabase.FileSystemDataSource:PopulateFromDirectory (string,bool,System.Threading.CancellationToken,System.Collections.Generic.List`1<System.ValueTuple`2<System.Type, Colossal.IO.AssetDatabase.Identifier>>)
0x00000230abd4b073 (Mono JIT Code) Colossal.IO.AssetDatabase.ParadoxModsDataSource/<OnActivePlaysetChanged>d__24:MoveNext ()
0x0000023042b2f312 (Mono JIT Code) System.Runtime.CompilerServices.AsyncMethodBuilderCore/MoveNextRunner:InvokeMoveNext (object)
0x0000023041222aae (Mono JIT Code) System.Threading.ExecutionContext:RunInternal (System.Threading.ExecutionContext,System.Threading.ContextCallback,object,bool)
0x00000230412223db (Mono JIT Code) System.Threading.ExecutionContext:Run (System.Threading.ExecutionContext,System.Threading.ContextCallback,object,bool)
0x0000023042b2f1cb (Mono JIT Code) System.Runtime.CompilerServices.AsyncMethodBuilderCore/MoveNextRunner:Run ()
0x0000023044ff6cca (Mono JIT Code) System.Threading.Tasks.AwaitTaskContinuation:InvokeAction (object)
0x0000023042b32175 (Mono JIT Code) System.Threading.Tasks.AwaitTaskContinuation:RunCallback (System.Threading.ContextCallback,object,System.Threading.Tasks.Task&)
0x0000023042b31fd3 (Mono JIT Code) System.Threading.Tasks.SynchronizationContextAwaitTaskContinuation:Run (System.Threading.Tasks.Task,bool)
0x0000023042b2ded7 (Mono JIT Code) System.Threading.Tasks.Task:FinishContinuations ()
0x0000023042b2da73 (Mono JIT Code) System.Threading.Tasks.Task:FinishStageThree ()
0x0000023042b2d853 (Mono JIT Code) System.Threading.Tasks.Task`1<System.Threading.Tasks.VoidTaskResult>:TrySetResult (System.Threading.Tasks.VoidTaskResult)
0x0000023042b31083 (Mono JIT Code) System.Runtime.CompilerServices.AsyncTaskMethodBuilder`1<System.Threading.Tasks.VoidTaskResult>:SetResult (System.Threading.Tasks.VoidTaskResult)
0x0000023042b216b3 (Mono JIT Code) System.Runtime.CompilerServices.AsyncTaskMethodBuilder`1<System.Threading.Tasks.VoidTaskResult>:SetResult (System.Threading.Tasks.Task`1<System.Threading.Tasks.VoidTaskResult>)
0x0000023042b2160b (Mono JIT Code) System.Runtime.CompilerServices.AsyncTaskMethodBuilder:SetResult ()
0x00000230abd4cbeb (Mono JIT Code) Game.Threading.UnityTask/<WaitForGPUFrame>d__2:MoveNext ()
0x0000023042b2f312 (Mono JIT Code) System.Runtime.CompilerServices.AsyncMethodBuilderCore/MoveNextRunner:InvokeMoveNext (object)
0x0000023041222aae (Mono JIT Code) System.Threading.ExecutionContext:RunInternal (System.Threading.ExecutionContext,System.Threading.ContextCallback,object,bool)
0x00000230412223db (Mono JIT Code) System.Threading.ExecutionContext:Run (System.Threading.ExecutionContext,System.Threading.ContextCallback,object,bool)
0x0000023042b2f1cb (Mono JIT Code) System.Runtime.CompilerServices.AsyncMethodBuilderCore/MoveNextRunner:Run ()
0x0000023044ff6cca (Mono JIT Code) System.Threading.Tasks.AwaitTaskContinuation:InvokeAction (object)
0x0000023042b32175 (Mono JIT Code) System.Threading.Tasks.AwaitTaskContinuation:RunCallback (System.Threading.ContextCallback,object,System.Threading.Tasks.Task&)
0x0000023042b31fd3 (Mono JIT Code) System.Threading.Tasks.SynchronizationContextAwaitTaskContinuation:Run (System.Threading.Tasks.Task,bool)
0x0000023042b2ded7 (Mono JIT Code) System.Threading.Tasks.Task:FinishContinuations ()
0x0000023042b2da73 (Mono JIT Code) System.Threading.Tasks.Task:FinishStageThree ()
0x0000022fc4b750e3 (Mono JIT Code) System.Threading.Tasks.Task`1<bool>:TrySetResult (bool)
0x0000022fc4b74f93 (Mono JIT Code) System.Threading.Tasks.TaskCompletionSource`1<bool>:TrySetResult (bool)
0x0000022fc4b8c0d3 (Mono JIT Code) System.Threading.Tasks.TaskCompletionSource`1<bool>:SetResult (bool)
0x00000230abd4dbcb (Mono JIT Code) Game.Threading.UnityTask/<>c__DisplayClass2_0:<WaitForGPUFrame>b__0 (UnityEngine.Rendering.AsyncGPUReadbackRequest)
0x0000022fc4b70554 (Mono JIT Code) (wrapper runtime-invoke) <Module>:runtime_invoke_void__this___AsyncGPUReadbackRequest (object,intptr,intptr,intptr)
0x00007ff810874b7e (mono-2.0-bdwgc) mono_jit_set_domain
0x00007ff8107ad204 (mono-2.0-bdwgc) mono_object_get_virtual_method
0x00007ff8107ad37c (mono-2.0-bdwgc) mono_runtime_invoke
0x00007ffff8ce1288 (UnityPlayer) 
0x00007ffff8ce173b (UnityPlayer) 
0x00007ffff8dcf778 (UnityPlayer) 
0x00007ffff8dcf964 (UnityPlayer) 
0x00007ffff8dcfe82 (UnityPlayer) 
0x00007ffff90233db (UnityPlayer) 
0x00007ffff9025dab (UnityPlayer) 
0x00007ffff902910b (UnityPlayer) 
0x00007ffff90293ab (UnityPlayer) UnityMain
0x00007ff7fb0611f6 (Cities2) 
0x00007ff96a6ae8d7 (KERNEL32) BaseThreadInitThunk
0x00007ff96bb4c53c (ntdll) RtlUserThreadStart

[FileSystem] [WARN]  Collision detected with new Asset C:/Users/bwort/AppData/LocalLow/Colossal Order/Cities Skylines II/.cache/Mods/mods_subscribed/101898_2/USA Southwest Pack.cok:Office_Decoration_Normal_1fbd970656374be24cc1f3ec99ddd4cf.Texture (79c267eb63e01c77c2ef1d346139c94c) in data source 'ParadoxModsDataSource' (Last: C:/Users/bwort/AppData/LocalLow/Colossal Order/Cities Skylines II/.cache/Mods/mods_subscribed/101898_2/USA Southwest Pack.cok:Office_Decoration_Normal_1fbd970656374be24cc1f3ec99ddd4cf.Texture)
0x00007ffff922350d (UnityPlayer) UnityMain
0x00007ffff9223288 (UnityPlayer) UnityMain
0x00007ffff9209cd9 (UnityPlayer) UnityMain
0x00007ffff98a9e51 (UnityPlayer) UnityMain
0x00007ffff888b105 (UnityPlayer) 
0x0000023042b80f33 (Mono JIT Code) (wrapper managed-to-native) UnityEngine.DebugLogHandler:Internal_Log (UnityEngine.LogType,UnityEngine.LogOption,string,UnityEngine.Object)
0x0000023042b80e4b (Mono JIT Code) UnityEngine.DebugLogHandler:LogFormat (UnityEngine.LogType,UnityEngine.Object,string,object[])
0x0000023041124a6a (Mono JIT Code) Colossal.Logging.CustomLogHandler:PostProcessFormat (UnityEngine.LogType,Colossal.Logging.Level,UnityEngine.Object,string,Colossal.Logging.ILog,System.Exception)
0x00000230411241ab (Mono JIT Code) Colossal.Logging.CustomLogHandler:LogFormat (UnityEngine.LogType,UnityEngine.Object,string,object[])
0x0000023041123e71 (Mono JIT Code) UnityEngine.Logger:LogFormat (UnityEngine.LogType,string,object[])
0x000002304112382d (Mono JIT Code) Colossal.Logging.UnityLogger:Log (Colossal.Logging.Level,string,System.Exception)
0x00000230abd5e193 (Mono JIT Code) Colossal.Logging.UnityLogger:WarnFormat (string,object[])
0x00000230a61e3769 (Mono JIT Code) Colossal.IO.AssetDatabase.FileSystemDataSource:AddEntry (Colossal.IO.AssetDatabase.DataSourceModification,bool,string,System.Type,long,long,bool,Colossal.Hash128,Colossal.Hash128,string,bool,System.Collections.Generic.List`1<System.ValueTuple`2<System.Type, Colossal.IO.AssetDatabase.Identifier>>)
0x00000230a622563b (Mono JIT Code) Colossal.IO.AssetDatabase.FileSystemDataSource:PopulateFromPackage (bool,bool,Colossal.Hash128,long,System.Collections.Generic.List`1<System.ValueTuple`2<System.Type, Colossal.IO.AssetDatabase.Identifier>>)
0x00000230a61e39c3 (Mono JIT Code) Colossal.IO.AssetDatabase.FileSystemDataSource:AddEntry (Colossal.IO.AssetDatabase.DataSourceModification,bool,string,System.Type,long,long,bool,Colossal.Hash128,Colossal.Hash128,string,bool,System.Collections.Generic.List`1<System.ValueTuple`2<System.Type, Colossal.IO.AssetDatabase.Identifier>>)
0x00000230a61e0e7b (Mono JIT Code) Colossal.IO.AssetDatabase.FileSystemDataSource:PopulateFromDirectory (string,bool,System.Threading.CancellationToken,System.Collections.Generic.List`1<System.ValueTuple`2<System.Type, Colossal.IO.AssetDatabase.Identifier>>)
0x00000230abd4b073 (Mono JIT Code) Colossal.IO.AssetDatabase.ParadoxModsDataSource/<OnActivePlaysetChanged>d__24:MoveNext ()
0x0000023042b2f312 (Mono JIT Code) System.Runtime.CompilerServices.AsyncMethodBuilderCore/MoveNextRunner:InvokeMoveNext (object)
0x0000023041222aae (Mono JIT Code) System.Threading.ExecutionContext:RunInternal (System.Threading.ExecutionContext,System.Threading.ContextCallback,object,bool)
0x00000230412223db (Mono JIT Code) System.Threading.ExecutionContext:Run (System.Threading.ExecutionContext,System.Threading.ContextCallback,object,bool)
0x0000023042b2f1cb (Mono JIT Code) System.Runtime.CompilerServices.AsyncMethodBuilderCore/MoveNextRunner:Run ()
0x0000023044ff6cca (Mono JIT Code) System.Threading.Tasks.AwaitTaskContinuation:InvokeAction (object)
0x0000023042b32175 (Mono JIT Code) System.Threading.Tasks.AwaitTaskContinuation:RunCallback (System.Threading.ContextCallback,object,System.Threading.Tasks.Task&)
0x0000023042b31fd3 (Mono JIT Code) System.Threading.Tasks.SynchronizationContextAwaitTaskContinuation:Run (System.Threading.Tasks.Task,bool)
0x0000023042b2ded7 (Mono JIT Code) System.Threading.Tasks.Task:FinishContinuations ()
0x0000023042b2da73 (Mono JIT Code) System.Threading.Tasks.Task:FinishStageThree ()
0x0000023042b2d853 (Mono JIT Code) System.Threading.Tasks.Task`1<System.Threading.Tasks.VoidTaskResult>:TrySetResult (System.Threading.Tasks.VoidTaskResult)
0x0000023042b31083 (Mono JIT Code) System.Runtime.CompilerServices.AsyncTaskMethodBuilder`1<System.Threading.Tasks.VoidTaskResult>:SetResult (System.Threading.Tasks.VoidTaskResult)
0x0000023042b216b3 (Mono JIT Code) System.Runtime.CompilerServices.AsyncTaskMethodBuilder`1<System.Threading.Tasks.VoidTaskResult>:SetResult (System.Threading.Tasks.Task`1<System.Threading.Tasks.VoidTaskResult>)
0x0000023042b2160b (Mono JIT Code) System.Runtime.CompilerServices.AsyncTaskMethodBuilder:SetResult ()
0x00000230abd4cbeb (Mono JIT Code) Game.Threading.UnityTask/<WaitForGPUFrame>d__2:MoveNext ()
0x0000023042b2f312 (Mono JIT Code) System.Runtime.CompilerServices.AsyncMethodBuilderCore/MoveNextRunner:InvokeMoveNext (object)
0x0000023041222aae (Mono JIT Code) System.Threading.ExecutionContext:RunInternal (System.Threading.ExecutionContext,System.Threading.ContextCallback,object,bool)
0x00000230412223db (Mono JIT Code) System.Threading.ExecutionContext:Run (System.Threading.ExecutionContext,System.Threading.ContextCallback,object,bool)
0x0000023042b2f1cb (Mono JIT Code) System.Runtime.CompilerServices.AsyncMethodBuilderCore/MoveNextRunner:Run ()
0x0000023044ff6cca (Mono JIT Code) System.Threading.Tasks.AwaitTaskContinuation:InvokeAction (object)
0x0000023042b32175 (Mono JIT Code) System.Threading.Tasks.AwaitTaskContinuation:RunCallback (System.Threading.ContextCallback,object,System.Threading.Tasks.Task&)
0x0000023042b31fd3 (Mono JIT Code) System.Threading.Tasks.SynchronizationContextAwaitTaskContinuation:Run (System.Threading.Tasks.Task,bool)
0x0000023042b2ded7 (Mono JIT Code) System.Threading.Tasks.Task:FinishContinuations ()
0x0000023042b2da73 (Mono JIT Code) System.Threading.Tasks.Task:FinishStageThree ()
0x0000022fc4b750e3 (Mono JIT Code) System.Threading.Tasks.Task`1<bool>:TrySetResult (bool)
0x0000022fc4b74f93 (Mono JIT Code) System.Threading.Tasks.TaskCompletionSource`1<bool>:TrySetResult (bool)
0x0000022fc4b8c0d3 (Mono JIT Code) System.Threading.Tasks.TaskCompletionSource`1<bool>:SetResult (bool)
0x00000230abd4dbcb (Mono JIT Code) Game.Threading.UnityTask/<>c__DisplayClass2_0:<WaitForGPUFrame>b__0 (UnityEngine.Rendering.AsyncGPUReadbackRequest)
0x0000022fc4b70554 (Mono JIT Code) (wrapper runtime-invoke) <Module>:runtime_invoke_void__this___AsyncGPUReadbackRequest (object,intptr,intptr,intptr)
0x00007ff810874b7e (mono-2.0-bdwgc) mono_jit_set_domain
0x00007ff8107ad204 (mono-2.0-bdwgc) mono_object_get_virtual_method
0x00007ff8107ad37c (mono-2.0-bdwgc) mono_runtime_invoke
0x00007ffff8ce1288 (UnityPlayer) 
0x00007ffff8ce173b (UnityPlayer) 
0x00007ffff8dcf778 (UnityPlayer) 
0x00007ffff8dcf964 (UnityPlayer) 
0x00007ffff8dcfe82 (UnityPlayer) 
0x00007ffff90233db (UnityPlayer) 
0x00007ffff9025dab (UnityPlayer) 
0x00007ffff902910b (UnityPlayer) 
0x00007ffff90293ab (UnityPlayer) UnityMain
0x00007ff7fb0611f6 (Cities2) 
0x00007ff96a6ae8d7 (KERNEL32) BaseThreadInitThunk
0x00007ff96bb4c53c (ntdll) RtlUserThreadStart

[FileSystem] [WARN]  Collision detected with new Asset C:/Users/bwort/AppData/LocalLow/Colossal Order/Cities Skylines II/.cache/Mods/mods_subscribed/101898_2/USA Southwest Pack.cok:Office_Decoration_Normal_df19da722c6670c968626a0c4173f3c5.Texture (6f690710dbd90dbf2cb27cdc209e51ef) in data source 'ParadoxModsDataSource' (Last: C:/Users/bwort/AppData/LocalLow/Colossal Order/Cities Skylines II/.cache/Mods/mods_subscribed/101898_2/USA Southwest Pack.cok:Office_Decoration_Normal_df19da722c6670c968626a0c4173f3c5.Texture)
0x00007ffff922350d (UnityPlayer) UnityMain
0x00007ffff9223288 (UnityPlayer) UnityMain
0x00007ffff9209cd9 (UnityPlayer) UnityMain
0x00007ffff98a9e51 (UnityPlayer) UnityMain
0x00007ffff888b105 (UnityPlayer) 
0x0000023042b80f33 (Mono JIT Code) (wrapper managed-to-native) UnityEngine.DebugLogHandler:Internal_Log (UnityEngine.LogType,UnityEngine.LogOption,string,UnityEngine.Object)
0x0000023042b80e4b (Mono JIT Code) UnityEngine.DebugLogHandler:LogFormat (UnityEngine.LogType,UnityEngine.Object,string,object[])
0x0000023041124a6a (Mono JIT Code) Colossal.Logging.CustomLogHandler:PostProcessFormat (UnityEngine.LogType,Colossal.Logging.Level,UnityEngine.Object,string,Colossal.Logging.ILog,System.Exception)
0x00000230411241ab (Mono JIT Code) Colossal.Logging.CustomLogHandler:LogFormat (UnityEngine.LogType,UnityEngine.Object,string,object[])
0x0000023041123e71 (Mono JIT Code) UnityEngine.Logger:LogFormat (UnityEngine.LogType,string,object[])
0x000002304112382d (Mono JIT Code) Colossal.Logging.UnityLogger:Log (Colossal.Logging.Level,string,System.Exception)
0x00000230abd5e193 (Mono JIT Code) Colossal.Logging.UnityLogger:WarnFormat (string,object[])
0x00000230a61e3769 (Mono JIT Code) Colossal.IO.AssetDatabase.FileSystemDataSource:AddEntry (Colossal.IO.AssetDatabase.DataSourceModification,bool,string,System.Type,long,long,bool,Colossal.Hash128,Colossal.Hash128,string,bool,System.Collections.Generic.List`1<System.ValueTuple`2<System.Type, Colossal.IO.AssetDatabase.Identifier>>)
0x00000230a622563b (Mono JIT Code) Colossal.IO.AssetDatabase.FileSystemDataSource:PopulateFromPackage (bool,bool,Colossal.Hash128,long,System.Collections.Generic.List`1<System.ValueTuple`2<System.Type, Colossal.IO.AssetDatabase.Identifier>>)
0x00000230a61e39c3 (Mono JIT Code) Colossal.IO.AssetDatabase.FileSystemDataSource:AddEntry (Colossal.IO.AssetDatabase.DataSourceModification,bool,string,System.Type,long,long,bool,Colossal.Hash128,Colossal.Hash128,string,bool,System.Collections.Generic.List`1<System.ValueTuple`2<System.Type, Colossal.IO.AssetDatabase.Identifier>>)
0x00000230a61e0e7b (Mono JIT Code) Colossal.IO.AssetDatabase.FileSystemDataSource:PopulateFromDirectory (string,bool,System.Threading.CancellationToken,System.Collections.Generic.List`1<System.ValueTuple`2<System.Type, Colossal.IO.AssetDatabase.Identifier>>)
0x00000230abd4b073 (Mono JIT Code) Colossal.IO.AssetDatabase.ParadoxModsDataSource/<OnActivePlaysetChanged>d__24:MoveNext ()
0x0000023042b2f312 (Mono JIT Code) System.Runtime.CompilerServices.AsyncMethodBuilderCore/MoveNextRunner:InvokeMoveNext (object)
0x0000023041222aae (Mono JIT Code) System.Threading.ExecutionContext:RunInternal (System.Threading.ExecutionContext,System.Threading.ContextCallback,object,bool)
0x00000230412223db (Mono JIT Code) System.Threading.ExecutionContext:Run (System.Threading.ExecutionContext,System.Threading.ContextCallback,object,bool)
0x0000023042b2f1cb (Mono JIT Code) System.Runtime.CompilerServices.AsyncMethodBuilderCore/MoveNextRunner:Run ()
0x0000023044ff6cca (Mono JIT Code) System.Threading.Tasks.AwaitTaskContinuation:InvokeAction (object)
0x0000023042b32175 (Mono JIT Code) System.Threading.Tasks.AwaitTaskContinuation:RunCallback (System.Threading.ContextCallback,object,System.Threading.Tasks.Task&)
0x0000023042b31fd3 (Mono JIT Code) System.Threading.Tasks.SynchronizationContextAwaitTaskContinuation:Run (System.Threading.Tasks.Task,bool)
0x0000023042b2ded7 (Mono JIT Code) System.Threading.Tasks.Task:FinishContinuations ()
0x0000023042b2da73 (Mono JIT Code) System.Threading.Tasks.Task:FinishStageThree ()
0x0000023042b2d853 (Mono JIT Code) System.Threading.Tasks.Task`1<System.Threading.Tasks.VoidTaskResult>:TrySetResult (System.Threading.Tasks.VoidTaskResult)
0x0000023042b31083 (Mono JIT Code) System.Runtime.CompilerServices.AsyncTaskMethodBuilder`1<System.Threading.Tasks.VoidTaskResult>:SetResult (System.Threading.Tasks.VoidTaskResult)
0x0000023042b216b3 (Mono JIT Code) System.Runtime.CompilerServices.AsyncTaskMethodBuilder`1<System.Threading.Tasks.VoidTaskResult>:SetResult (System.Threading.Tasks.Task`1<System.Threading.Tasks.VoidTaskResult>)
0x0000023042b2160b (Mono JIT Code) System.Runtime.CompilerServices.AsyncTaskMethodBuilder:SetResult ()
0x00000230abd4cbeb (Mono JIT Code) Game.Threading.UnityTask/<WaitForGPUFrame>d__2:MoveNext ()
0x0000023042b2f312 (Mono JIT Code) System.Runtime.CompilerServices.AsyncMethodBuilderCore/MoveNextRunner:InvokeMoveNext (object)
0x0000023041222aae (Mono JIT Code) System.Threading.ExecutionContext:RunInternal (System.Threading.ExecutionContext,System.Threading.ContextCallback,object,bool)
0x00000230412223db (Mono JIT Code) System.Threading.ExecutionContext:Run (System.Threading.ExecutionContext,System.Threading.ContextCallback,object,bool)
0x0000023042b2f1cb (Mono JIT Code) System.Runtime.CompilerServices.AsyncMethodBuilderCore/MoveNextRunner:Run ()
0x0000023044ff6cca (Mono JIT Code) System.Threading.Tasks.AwaitTaskContinuation:InvokeAction (object)
0x0000023042b32175 (Mono JIT Code) System.Threading.Tasks.AwaitTaskContinuation:RunCallback (System.Threading.ContextCallback,object,System.Threading.Tasks.Task&)
0x0000023042b31fd3 (Mono JIT Code) System.Threading.Tasks.SynchronizationContextAwaitTaskContinuation:Run (System.Threading.Tasks.Task,bool)
0x0000023042b2ded7 (Mono JIT Code) System.Threading.Tasks.Task:FinishContinuations ()
0x0000023042b2da73 (Mono JIT Code) System.Threading.Tasks.Task:FinishStageThree ()
0x0000022fc4b750e3 (Mono JIT Code) System.Threading.Tasks.Task`1<bool>:TrySetResult (bool)
0x0000022fc4b74f93 (Mono JIT Code) System.Threading.Tasks.TaskCompletionSource`1<bool>:TrySetResult (bool)
0x0000022fc4b8c0d3 (Mono JIT Code) System.Threading.Tasks.TaskCompletionSource`1<bool>:SetResult (bool)
0x00000230abd4dbcb (Mono JIT Code) Game.Threading.UnityTask/<>c__DisplayClass2_0:<WaitForGPUFrame>b__0 (UnityEngine.Rendering.AsyncGPUReadbackRequest)
0x0000022fc4b70554 (Mono JIT Code) (wrapper runtime-invoke) <Module>:runtime_invoke_void__this___AsyncGPUReadbackRequest (object,intptr,intptr,intptr)
0x00007ff810874b7e (mono-2.0-bdwgc) mono_jit_set_domain
0x00007ff8107ad204 (mono-2.0-bdwgc) mono_object_get_virtual_method
0x00007ff8107ad37c (mono-2.0-bdwgc) mono_runtime_invoke
0x00007ffff8ce1288 (UnityPlayer) 
0x00007ffff8ce173b (UnityPlayer) 
0x00007ffff8dcf778 (UnityPlayer) 
0x00007ffff8dcf964 (UnityPlayer) 
0x00007ffff8dcfe82 (UnityPlayer) 
0x00007ffff90233db (UnityPlayer) 
0x00007ffff9025dab (UnityPlayer) 
0x00007ffff902910b (UnityPlayer) 
0x00007ffff90293ab (UnityPlayer) UnityMain
0x00007ff7fb0611f6 (Cities2) 
0x00007ff96a6ae8d7 (KERNEL32) BaseThreadInitThunk
0x00007ff96bb4c53c (ntdll) RtlUserThreadStart

[FileSystem] [WARN]  Collision detected with new Asset C:/Users/bwort/AppData/LocalLow/Colossal Order/Cities Skylines II/.cache/Mods/mods_subscribed/101898_2/USA Southwest Pack.cok:Office_Decoration_BaseColor_d1491fb54b515baf0e722120b1ed0763.Texture (c3aebc1dd5606e0625a0fea083898b4f) in data source 'ParadoxModsDataSource' (Last: C:/Users/bwort/AppData/LocalLow/Colossal Order/Cities Skylines II/.cache/Mods/mods_subscribed/101898_2/USA Southwest Pack.cok:Office_Decoration_BaseColor_d1491fb54b515baf0e722120b1ed0763.Texture)
0x00007ffff922350d (UnityPlayer) UnityMain
0x00007ffff9223288 (UnityPlayer) UnityMain
0x00007ffff9209cd9 (UnityPlayer) UnityMain
0x00007ffff98a9e51 (UnityPlayer) UnityMain
0x00007ffff888b105 (UnityPlayer) 
0x0000023042b80f33 (Mono JIT Code) (wrapper managed-to-native) UnityEngine.DebugLogHandler:Internal_Log (UnityEngine.LogType,UnityEngine.LogOption,string,UnityEngine.Object)
0x0000023042b80e4b (Mono JIT Code) UnityEngine.DebugLogHandler:LogFormat (UnityEngine.LogType,UnityEngine.Object,string,object[])
0x0000023041124a6a (Mono JIT Code) Colossal.Logging.CustomLogHandler:PostProcessFormat (UnityEngine.LogType,Colossal.Logging.Level,UnityEngine.Object,string,Colossal.Logging.ILog,System.Exception)
0x00000230411241ab (Mono JIT Code) Colossal.Logging.CustomLogHandler:LogFormat (UnityEngine.LogType,UnityEngine.Object,string,object[])
0x0000023041123e71 (Mono JIT Code) UnityEngine.Logger:LogFormat (UnityEngine.LogType,string,object[])
0x000002304112382d (Mono JIT Code) Colossal.Logging.UnityLogger:Log (Colossal.Logging.Level,string,System.Exception)
0x00000230abd5e193 (Mono JIT Code) Colossal.Logging.UnityLogger:WarnFormat (string,object[])
0x00000230a61e3769 (Mono JIT Code) Colossal.IO.AssetDatabase.FileSystemDataSource:AddEntry (Colossal.IO.AssetDatabase.DataSourceModification,bool,string,System.Type,long,long,bool,Colossal.Hash128,Colossal.Hash128,string,bool,System.Collections.Generic.List`1<System.ValueTuple`2<System.Type, Colossal.IO.AssetDatabase.Identifier>>)
0x00000230a622563b (Mono JIT Code) Colossal.IO.AssetDatabase.FileSystemDataSource:PopulateFromPackage (bool,bool,Colossal.Hash128,long,System.Collections.Generic.List`1<System.ValueTuple`2<System.Type, Colossal.IO.AssetDatabase.Identifier>>)
0x00000230a61e39c3 (Mono JIT Code) Colossal.IO.AssetDatabase.FileSystemDataSource:AddEntry (Colossal.IO.AssetDatabase.DataSourceModification,bool,string,System.Type,long,long,bool,Colossal.Hash128,Colossal.Hash128,string,bool,System.Collections.Generic.List`1<System.ValueTuple`2<System.Type, Colossal.IO.AssetDatabase.Identifier>>)
0x00000230a61e0e7b (Mono JIT Code) Colossal.IO.AssetDatabase.FileSystemDataSource:PopulateFromDirectory (string,bool,System.Threading.CancellationToken,System.Collections.Generic.List`1<System.ValueTuple`2<System.Type, Colossal.IO.AssetDatabase.Identifier>>)
0x00000230abd4b073 (Mono JIT Code) Colossal.IO.AssetDatabase.ParadoxModsDataSource/<OnActivePlaysetChanged>d__24:MoveNext ()
0x0000023042b2f312 (Mono JIT Code) System.Runtime.CompilerServices.AsyncMethodBuilderCore/MoveNextRunner:InvokeMoveNext (object)
0x0000023041222aae (Mono JIT Code) System.Threading.ExecutionContext:RunInternal (System.Threading.ExecutionContext,System.Threading.ContextCallback,object,bool)
0x00000230412223db (Mono JIT Code) System.Threading.ExecutionContext:Run (System.Threading.ExecutionContext,System.Threading.ContextCallback,object,bool)
0x0000023042b2f1cb (Mono JIT Code) System.Runtime.CompilerServices.AsyncMethodBuilderCore/MoveNextRunner:Run ()
0x0000023044ff6cca (Mono JIT Code) System.Threading.Tasks.AwaitTaskContinuation:InvokeAction (object)
0x0000023042b32175 (Mono JIT Code) System.Threading.Tasks.AwaitTaskContinuation:RunCallback (System.Threading.ContextCallback,object,System.Threading.Tasks.Task&)
0x0000023042b31fd3 (Mono JIT Code) System.Threading.Tasks.SynchronizationContextAwaitTaskContinuation:Run (System.Threading.Tasks.Task,bool)
0x0000023042b2ded7 (Mono JIT Code) System.Threading.Tasks.Task:FinishContinuations ()
0x0000023042b2da73 (Mono JIT Code) System.Threading.Tasks.Task:FinishStageThree ()
0x0000023042b2d853 (Mono JIT Code) System.Threading.Tasks.Task`1<System.Threading.Tasks.VoidTaskResult>:TrySetResult (System.Threading.Tasks.VoidTaskResult)
0x0000023042b31083 (Mono JIT Code) System.Runtime.CompilerServices.AsyncTaskMethodBuilder`1<System.Threading.Tasks.VoidTaskResult>:SetResult (System.Threading.Tasks.VoidTaskResult)
0x0000023042b216b3 (Mono JIT Code) System.Runtime.CompilerServices.AsyncTaskMethodBuilder`1<System.Threading.Tasks.VoidTaskResult>:SetResult (System.Threading.Tasks.Task`1<System.Threading.Tasks.VoidTaskResult>)
0x0000023042b2160b (Mono JIT Code) System.Runtime.CompilerServices.AsyncTaskMethodBuilder:SetResult ()
0x00000230abd4cbeb (Mono JIT Code) Game.Threading.UnityTask/<WaitForGPUFrame>d__2:MoveNext ()
0x0000023042b2f312 (Mono JIT Code) System.Runtime.CompilerServices.AsyncMethodBuilderCore/MoveNextRunner:InvokeMoveNext (object)
0x0000023041222aae (Mono JIT Code) System.Threading.ExecutionContext:RunInternal (System.Threading.ExecutionContext,System.Threading.ContextCallback,object,bool)
0x00000230412223db (Mono JIT Code) System.Threading.ExecutionContext:Run (System.Threading.ExecutionContext,System.Threading.ContextCallback,object,bool)
0x0000023042b2f1cb (Mono JIT Code) System.Runtime.CompilerServices.AsyncMethodBuilderCore/MoveNextRunner:Run ()
0x0000023044ff6cca (Mono JIT Code) System.Threading.Tasks.AwaitTaskContinuation:InvokeAction (object)
0x0000023042b32175 (Mono JIT Code) System.Threading.Tasks.AwaitTaskContinuation:RunCallback (System.Threading.ContextCallback,object,System.Threading.Tasks.Task&)
0x0000023042b31fd3 (Mono JIT Code) System.Threading.Tasks.SynchronizationContextAwaitTaskContinuation:Run (System.Threading.Tasks.Task,bool)
0x0000023042b2ded7 (Mono JIT Code) System.Threading.Tasks.Task:FinishContinuations ()
0x0000023042b2da73 (Mono JIT Code) System.Threading.Tasks.Task:FinishStageThree ()
0x0000022fc4b750e3 (Mono JIT Code) System.Threading.Tasks.Task`1<bool>:TrySetResult (bool)
0x0000022fc4b74f93 (Mono JIT Code) System.Threading.Tasks.TaskCompletionSource`1<bool>:TrySetResult (bool)
0x0000022fc4b8c0d3 (Mono JIT Code) System.Threading.Tasks.TaskCompletionSource`1<bool>:SetResult (bool)
0x00000230abd4dbcb (Mono JIT Code) Game.Threading.UnityTask/<>c__DisplayClass2_0:<WaitForGPUFrame>b__0 (UnityEngine.Rendering.AsyncGPUReadbackRequest)
0x0000022fc4b70554 (Mono JIT Code) (wrapper runtime-invoke) <Module>:runtime_invoke_void__this___AsyncGPUReadbackRequest (object,intptr,intptr,intptr)
0x00007ff810874b7e (mono-2.0-bdwgc) mono_jit_set_domain
0x00007ff8107ad204 (mono-2.0-bdwgc) mono_object_get_virtual_method
0x00007ff8107ad37c (mono-2.0-bdwgc) mono_runtime_invoke
0x00007ffff8ce1288 (UnityPlayer) 
0x00007ffff8ce173b (UnityPlayer) 
0x00007ffff8dcf778 (UnityPlayer) 
0x00007ffff8dcf964 (UnityPlayer) 
0x00007ffff8dcfe82 (UnityPlayer) 
0x00007ffff90233db (UnityPlayer) 
0x00007ffff9025dab (UnityPlayer) 
0x00007ffff902910b (UnityPlayer) 
0x00007ffff90293ab (UnityPlayer) UnityMain
0x00007ff7fb0611f6 (Cities2) 
0x00007ff96a6ae8d7 (KERNEL32) BaseThreadInitThunk
0x00007ff96bb4c53c (ntdll) RtlUserThreadStart

[FileSystem] [WARN]  Collision detected with new Asset C:/Users/bwort/AppData/LocalLow/Colossal Order/Cities Skylines II/.cache/Mods/mods_subscribed/101898_2/USA Southwest Pack.cok:Default_Interior_c97f9f13d1f3a4f0d7ae59a6d7498d72.Texture (03a705fa1afccc3543f7b37da4ee4e1f) in data source 'ParadoxModsDataSource' (Last: C:/Users/bwort/AppData/LocalLow/Colossal Order/Cities Skylines II/.cache/Mods/mods_subscribed/101898_2/USA Southwest Pack.cok:Default_Interior_c97f9f13d1f3a4f0d7ae59a6d7498d72.Texture)
0x00007ffff922350d (UnityPlayer) UnityMain
0x00007ffff9223288 (UnityPlayer) UnityMain
0x00007ffff9209cd9 (UnityPlayer) UnityMain
0x00007ffff98a9e51 (UnityPlayer) UnityMain
0x00007ffff888b105 (UnityPlayer) 
0x0000023042b80f33 (Mono JIT Code) (wrapper managed-to-native) UnityEngine.DebugLogHandler:Internal_Log (UnityEngine.LogType,UnityEngine.LogOption,string,UnityEngine.Object)
0x0000023042b80e4b (Mono JIT Code) UnityEngine.DebugLogHandler:LogFormat (UnityEngine.LogType,UnityEngine.Object,string,object[])
0x0000023041124a6a (Mono JIT Code) Colossal.Logging.CustomLogHandler:PostProcessFormat (UnityEngine.LogType,Colossal.Logging.Level,UnityEngine.Object,string,Colossal.Logging.ILog,System.Exception)
0x00000230411241ab (Mono JIT Code) Colossal.Logging.CustomLogHandler:LogFormat (UnityEngine.LogType,UnityEngine.Object,string,object[])
0x0000023041123e71 (Mono JIT Code) UnityEngine.Logger:LogFormat (UnityEngine.LogType,string,object[])
0x000002304112382d (Mono JIT Code) Colossal.Logging.UnityLogger:Log (Colossal.Logging.Level,string,System.Exception)
0x00000230abd5e193 (Mono JIT Code) Colossal.Logging.UnityLogger:WarnFormat (string,object[])
0x00000230a61e3769 (Mono JIT Code) Colossal.IO.AssetDatabase.FileSystemDataSource:AddEntry (Colossal.IO.AssetDatabase.DataSourceModification,bool,string,System.Type,long,long,bool,Colossal.Hash128,Colossal.Hash128,string,bool,System.Collections.Generic.List`1<System.ValueTuple`2<System.Type, Colossal.IO.AssetDatabase.Identifier>>)
0x00000230a622563b (Mono JIT Code) Colossal.IO.AssetDatabase.FileSystemDataSource:PopulateFromPackage (bool,bool,Colossal.Hash128,long,System.Collections.Generic.List`1<System.ValueTuple`2<System.Type, Colossal.IO.AssetDatabase.Identifier>>)
0x00000230a61e39c3 (Mono JIT Code) Colossal.IO.AssetDatabase.FileSystemDataSource:AddEntry (Colossal.IO.AssetDatabase.DataSourceModification,bool,string,System.Type,long,long,bool,Colossal.Hash128,Colossal.Hash128,string,bool,System.Collections.Generic.List`1<System.ValueTuple`2<System.Type, Colossal.IO.AssetDatabase.Identifier>>)
0x00000230a61e0e7b (Mono JIT Code) Colossal.IO.AssetDatabase.FileSystemDataSource:PopulateFromDirectory (string,bool,System.Threading.CancellationToken,System.Collections.Generic.List`1<System.ValueTuple`2<System.Type, Colossal.IO.AssetDatabase.Identifier>>)
0x00000230abd4b073 (Mono JIT Code) Colossal.IO.AssetDatabase.ParadoxModsDataSource/<OnActivePlaysetChanged>d__24:MoveNext ()
0x0000023042b2f312 (Mono JIT Code) System.Runtime.CompilerServices.AsyncMethodBuilderCore/MoveNextRunner:InvokeMoveNext (object)
0x0000023041222aae (Mono JIT Code) System.Threading.ExecutionContext:RunInternal (System.Threading.ExecutionContext,System.Threading.ContextCallback,object,bool)
0x00000230412223db (Mono JIT Code) System.Threading.ExecutionContext:Run (System.Threading.ExecutionContext,System.Threading.ContextCallback,object,bool)
0x0000023042b2f1cb (Mono JIT Code) System.Runtime.CompilerServices.AsyncMethodBuilderCore/MoveNextRunner:Run ()
0x0000023044ff6cca (Mono JIT Code) System.Threading.Tasks.AwaitTaskContinuation:InvokeAction (object)
0x0000023042b32175 (Mono JIT Code) System.Threading.Tasks.AwaitTaskContinuation:RunCallback (System.Threading.ContextCallback,object,System.Threading.Tasks.Task&)
0x0000023042b31fd3 (Mono JIT Code) System.Threading.Tasks.SynchronizationContextAwaitTaskContinuation:Run (System.Threading.Tasks.Task,bool)
0x0000023042b2ded7 (Mono JIT Code) System.Threading.Tasks.Task:FinishContinuations ()
0x0000023042b2da73 (Mono JIT Code) System.Threading.Tasks.Task:FinishStageThree ()
0x0000023042b2d853 (Mono JIT Code) System.Threading.Tasks.Task`1<System.Threading.Tasks.VoidTaskResult>:TrySetResult (System.Threading.Tasks.VoidTaskResult)
0x0000023042b31083 (Mono JIT Code) System.Runtime.CompilerServices.AsyncTaskMethodBuilder`1<System.Threading.Tasks.VoidTaskResult>:SetResult (System.Threading.Tasks.VoidTaskResult)
0x0000023042b216b3 (Mono JIT Code) System.Runtime.CompilerServices.AsyncTaskMethodBuilder`1<System.Threading.Tasks.VoidTaskResult>:SetResult (System.Threading.Tasks.Task`1<System.Threading.Tasks.VoidTaskResult>)
0x0000023042b2160b (Mono JIT Code) System.Runtime.CompilerServices.AsyncTaskMethodBuilder:SetResult ()
0x00000230abd4cbeb (Mono JIT Code) Game.Threading.UnityTask/<WaitForGPUFrame>d__2:MoveNext ()
0x0000023042b2f312 (Mono JIT Code) System.Runtime.CompilerServices.AsyncMethodBuilderCore/MoveNextRunner:InvokeMoveNext (object)
0x0000023041222aae (Mono JIT Code) System.Threading.ExecutionContext:RunInternal (System.Threading.ExecutionContext,System.Threading.ContextCallback,object,bool)
0x00000230412223db (Mono JIT Code) System.Threading.ExecutionContext:Run (System.Threading.ExecutionContext,System.Threading.ContextCallback,object,bool)
0x0000023042b2f1cb (Mono JIT Code) System.Runtime.CompilerServices.AsyncMethodBuilderCore/MoveNextRunner:Run ()
0x0000023044ff6cca (Mono JIT Code) System.Threading.Tasks.AwaitTaskContinuation:InvokeAction (object)
0x0000023042b32175 (Mono JIT Code) System.Threading.Tasks.AwaitTaskContinuation:RunCallback (System.Threading.ContextCallback,object,System.Threading.Tasks.Task&)
0x0000023042b31fd3 (Mono JIT Code) System.Threading.Tasks.SynchronizationContextAwaitTaskContinuation:Run (System.Threading.Tasks.Task,bool)
0x0000023042b2ded7 (Mono JIT Code) System.Threading.Tasks.Task:FinishContinuations ()
0x0000023042b2da73 (Mono JIT Code) System.Threading.Tasks.Task:FinishStageThree ()
0x0000022fc4b750e3 (Mono JIT Code) System.Threading.Tasks.Task`1<bool>:TrySetResult (bool)
0x0000022fc4b74f93 (Mono JIT Code) System.Threading.Tasks.TaskCompletionSource`1<bool>:TrySetResult (bool)
0x0000022fc4b8c0d3 (Mono JIT Code) System.Threading.Tasks.TaskCompletionSource`1<bool>:SetResult (bool)
0x00000230abd4dbcb (Mono JIT Code) Game.Threading.UnityTask/<>c__DisplayClass2_0:<WaitForGPUFrame>b__0 (UnityEngine.Rendering.AsyncGPUReadbackRequest)
0x0000022fc4b70554 (Mono JIT Code) (wrapper runtime-invoke) <Module>:runtime_invoke_void__this___AsyncGPUReadbackRequest (object,intptr,intptr,intptr)
0x00007ff810874b7e (mono-2.0-bdwgc) mono_jit_set_domain
0x00007ff8107ad204 (mono-2.0-bdwgc) mono_object_get_virtual_method
0x00007ff8107ad37c (mono-2.0-bdwgc) mono_runtime_invoke
0x00007ffff8ce1288 (UnityPlayer) 
0x00007ffff8ce173b (UnityPlayer) 
0x00007ffff8dcf778 (UnityPlayer) 
0x00007ffff8dcf964 (UnityPlayer) 
0x00007ffff8dcfe82 (UnityPlayer) 
0x00007ffff90233db (UnityPlayer) 
0x00007ffff9025dab (UnityPlayer) 
0x00007ffff902910b (UnityPlayer) 
0x00007ffff90293ab (UnityPlayer) UnityMain
0x00007ff7fb0611f6 (Cities2) 
0x00007ff96a6ae8d7 (KERNEL32) BaseThreadInitThunk
0x00007ff96bb4c53c (ntdll) RtlUserThreadStart

[FileSystem] [WARN]  Collision detected with new Asset C:/Users/bwort/AppData/LocalLow/Colossal Order/Cities Skylines II/.cache/Mods/mods_subscribed/101898_2/USA Southwest Pack.cok:Residential_Decoration_BaseColor_174ac91eb71edee1bf32c58e08dea8db.Texture (bc2744693ab3719acae73bbc0fd58d9a) in data source 'ParadoxModsDataSource' (Last: C:/Users/bwort/AppData/LocalLow/Colossal Order/Cities Skylines II/.cache/Mods/mods_subscribed/101898_2/USA Southwest Pack.cok:Residential_Decoration_BaseColor_174ac91eb71edee1bf32c58e08dea8db.Texture)
0x00007ffff922350d (UnityPlayer) UnityMain
0x00007ffff9223288 (UnityPlayer) UnityMain
0x00007ffff9209cd9 (UnityPlayer) UnityMain
0x00007ffff98a9e51 (UnityPlayer) UnityMain
0x00007ffff888b105 (UnityPlayer) 
0x0000023042b80f33 (Mono JIT Code) (wrapper managed-to-native) UnityEngine.DebugLogHandler:Internal_Log (UnityEngine.LogType,UnityEngine.LogOption,string,UnityEngine.Object)
0x0000023042b80e4b (Mono JIT Code) UnityEngine.DebugLogHandler:LogFormat (UnityEngine.LogType,UnityEngine.Object,string,object[])
0x0000023041124a6a (Mono JIT Code) Colossal.Logging.CustomLogHandler:PostProcessFormat (UnityEngine.LogType,Colossal.Logging.Level,UnityEngine.Object,string,Colossal.Logging.ILog,System.Exception)
0x00000230411241ab (Mono JIT Code) Colossal.Logging.CustomLogHandler:LogFormat (UnityEngine.LogType,UnityEngine.Object,string,object[])
0x0000023041123e71 (Mono JIT Code) UnityEngine.Logger:LogFormat (UnityEngine.LogType,string,object[])
0x000002304112382d (Mono JIT Code) Colossal.Logging.UnityLogger:Log (Colossal.Logging.Level,string,System.Exception)
0x00000230abd5e193 (Mono JIT Code) Colossal.Logging.UnityLogger:WarnFormat (string,object[])
0x00000230a61e3769 (Mono JIT Code) Colossal.IO.AssetDatabase.FileSystemDataSource:AddEntry (Colossal.IO.AssetDatabase.DataSourceModification,bool,string,System.Type,long,long,bool,Colossal.Hash128,Colossal.Hash128,string,bool,System.Collections.Generic.List`1<System.ValueTuple`2<System.Type, Colossal.IO.AssetDatabase.Identifier>>)
0x00000230a622563b (Mono JIT Code) Colossal.IO.AssetDatabase.FileSystemDataSource:PopulateFromPackage (bool,bool,Colossal.Hash128,long,System.Collections.Generic.List`1<System.ValueTuple`2<System.Type, Colossal.IO.AssetDatabase.Identifier>>)
0x00000230a61e39c3 (Mono JIT Code) Colossal.IO.AssetDatabase.FileSystemDataSource:AddEntry (Colossal.IO.AssetDatabase.DataSourceModification,bool,string,System.Type,long,long,bool,Colossal.Hash128,Colossal.Hash128,string,bool,System.Collections.Generic.List`1<System.ValueTuple`2<System.Type, Colossal.IO.AssetDatabase.Identifier>>)
0x00000230a61e0e7b (Mono JIT Code) Colossal.IO.AssetDatabase.FileSystemDataSource:PopulateFromDirectory (string,bool,System.Threading.CancellationToken,System.Collections.Generic.List`1<System.ValueTuple`2<System.Type, Colossal.IO.AssetDatabase.Identifier>>)
0x00000230abd4b073 (Mono JIT Code) Colossal.IO.AssetDatabase.ParadoxModsDataSource/<OnActivePlaysetChanged>d__24:MoveNext ()
0x0000023042b2f312 (Mono JIT Code) System.Runtime.CompilerServices.AsyncMethodBuilderCore/MoveNextRunner:InvokeMoveNext (object)
0x0000023041222aae (Mono JIT Code) System.Threading.ExecutionContext:RunInternal (System.Threading.ExecutionContext,System.Threading.ContextCallback,object,bool)
0x00000230412223db (Mono JIT Code) System.Threading.ExecutionContext:Run (System.Threading.ExecutionContext,System.Threading.ContextCallback,object,bool)
0x0000023042b2f1cb (Mono JIT Code) System.Runtime.CompilerServices.AsyncMethodBuilderCore/MoveNextRunner:Run ()
0x0000023044ff6cca (Mono JIT Code) System.Threading.Tasks.AwaitTaskContinuation:InvokeAction (object)
0x0000023042b32175 (Mono JIT Code) System.Threading.Tasks.AwaitTaskContinuation:RunCallback (System.Threading.ContextCallback,object,System.Threading.Tasks.Task&)
0x0000023042b31fd3 (Mono JIT Code) System.Threading.Tasks.SynchronizationContextAwaitTaskContinuation:Run (System.Threading.Tasks.Task,bool)
0x0000023042b2ded7 (Mono JIT Code) System.Threading.Tasks.Task:FinishContinuations ()
0x0000023042b2da73 (Mono JIT Code) System.Threading.Tasks.Task:FinishStageThree ()
0x0000023042b2d853 (Mono JIT Code) System.Threading.Tasks.Task`1<System.Threading.Tasks.VoidTaskResult>:TrySetResult (System.Threading.Tasks.VoidTaskResult)
0x0000023042b31083 (Mono JIT Code) System.Runtime.CompilerServices.AsyncTaskMethodBuilder`1<System.Threading.Tasks.VoidTaskResult>:SetResult (System.Threading.Tasks.VoidTaskResult)
0x0000023042b216b3 (Mono JIT Code) System.Runtime.CompilerServices.AsyncTaskMethodBuilder`1<System.Threading.Tasks.VoidTaskResult>:SetResult (System.Threading.Tasks.Task`1<System.Threading.Tasks.VoidTaskResult>)
0x0000023042b2160b (Mono JIT Code) System.Runtime.CompilerServices.AsyncTaskMethodBuilder:SetResult ()
0x00000230abd4cbeb (Mono JIT Code) Game.Threading.UnityTask/<WaitForGPUFrame>d__2:MoveNext ()
0x0000023042b2f312 (Mono JIT Code) System.Runtime.CompilerServices.AsyncMethodBuilderCore/MoveNextRunner:InvokeMoveNext (object)
0x0000023041222aae (Mono JIT Code) System.Threading.ExecutionContext:RunInternal (System.Threading.ExecutionContext,System.Threading.ContextCallback,object,bool)
0x00000230412223db (Mono JIT Code) System.Threading.ExecutionContext:Run (System.Threading.ExecutionContext,System.Threading.ContextCallback,object,bool)
0x0000023042b2f1cb (Mono JIT Code) System.Runtime.CompilerServices.AsyncMethodBuilderCore/MoveNextRunner:Run ()
0x0000023044ff6cca (Mono JIT Code) System.Threading.Tasks.AwaitTaskContinuation:InvokeAction (object)
0x0000023042b32175 (Mono JIT Code) System.Threading.Tasks.AwaitTaskContinuation:RunCallback (System.Threading.ContextCallback,object,System.Threading.Tasks.Task&)
0x0000023042b31fd3 (Mono JIT Code) System.Threading.Tasks.SynchronizationContextAwaitTaskContinuation:Run (System.Threading.Tasks.Task,bool)
0x0000023042b2ded7 (Mono JIT Code) System.Threading.Tasks.Task:FinishContinuations ()
0x0000023042b2da73 (Mono JIT Code) System.Threading.Tasks.Task:FinishStageThree ()
0x0000022fc4b750e3 (Mono JIT Code) System.Threading.Tasks.Task`1<bool>:TrySetResult (bool)
0x0000022fc4b74f93 (Mono JIT Code) System.Threading.Tasks.TaskCompletionSource`1<bool>:TrySetResult (bool)
0x0000022fc4b8c0d3 (Mono JIT Code) System.Threading.Tasks.TaskCompletionSource`1<bool>:SetResult (bool)
0x00000230abd4dbcb (Mono JIT Code) Game.Threading.UnityTask/<>c__DisplayClass2_0:<WaitForGPUFrame>b__0 (UnityEngine.Rendering.AsyncGPUReadbackRequest)
0x0000022fc4b70554 (Mono JIT Code) (wrapper runtime-invoke) <Module>:runtime_invoke_void__this___AsyncGPUReadbackRequest (object,intptr,intptr,intptr)
0x00007ff810874b7e (mono-2.0-bdwgc) mono_jit_set_domain
0x00007ff8107ad204 (mono-2.0-bdwgc) mono_object_get_virtual_method
0x00007ff8107ad37c (mono-2.0-bdwgc) mono_runtime_invoke
0x00007ffff8ce1288 (UnityPlayer) 
0x00007ffff8ce173b (UnityPlayer) 
0x00007ffff8dcf778 (UnityPlayer) 
0x00007ffff8dcf964 (UnityPlayer) 
0x00007ffff8dcfe82 (UnityPlayer) 
0x00007ffff90233db (UnityPlayer) 
0x00007ffff9025dab (UnityPlayer) 
0x00007ffff902910b (UnityPlayer) 
0x00007ffff90293ab (UnityPlayer) UnityMain
0x00007ff7fb0611f6 (Cities2) 
0x00007ff96a6ae8d7 (KERNEL32) BaseThreadInitThunk
0x00007ff96bb4c53c (ntdll) RtlUserThreadStart

[FileSystem] [WARN]  Collision detected with new Asset C:/Users/bwort/AppData/LocalLow/Colossal Order/Cities Skylines II/.cache/Mods/mods_subscribed/101898_2/USA Southwest Pack.cok:Office_Decoration_BaseColor_3cdf96fa91187c1a0bc62348b8ef0809.Texture (d542be4e0f00e6df695194b9aa97140e) in data source 'ParadoxModsDataSource' (Last: C:/Users/bwort/AppData/LocalLow/Colossal Order/Cities Skylines II/.cache/Mods/mods_subscribed/101898_2/USA Southwest Pack.cok:Office_Decoration_BaseColor_3cdf96fa91187c1a0bc62348b8ef0809.Texture)
0x00007ffff922350d (UnityPlayer) UnityMain
0x00007ffff9223288 (UnityPlayer) UnityMain
0x00007ffff9209cd9 (UnityPlayer) UnityMain
0x00007ffff98a9e51 (UnityPlayer) UnityMain
0x00007ffff888b105 (UnityPlayer) 
0x0000023042b80f33 (Mono JIT Code) (wrapper managed-to-native) UnityEngine.DebugLogHandler:Internal_Log (UnityEngine.LogType,UnityEngine.LogOption,string,UnityEngine.Object)
0x0000023042b80e4b (Mono JIT Code) UnityEngine.DebugLogHandler:LogFormat (UnityEngine.LogType,UnityEngine.Object,string,object[])
0x0000023041124a6a (Mono JIT Code) Colossal.Logging.CustomLogHandler:PostProcessFormat (UnityEngine.LogType,Colossal.Logging.Level,UnityEngine.Object,string,Colossal.Logging.ILog,System.Exception)
0x00000230411241ab (Mono JIT Code) Colossal.Logging.CustomLogHandler:LogFormat (UnityEngine.LogType,UnityEngine.Object,string,object[])
0x0000023041123e71 (Mono JIT Code) UnityEngine.Logger:LogFormat (UnityEngine.LogType,string,object[])
0x000002304112382d (Mono JIT Code) Colossal.Logging.UnityLogger:Log (Colossal.Logging.Level,string,System.Exception)
0x00000230abd5e193 (Mono JIT Code) Colossal.Logging.UnityLogger:WarnFormat (string,object[])
0x00000230a61e3769 (Mono JIT Code) Colossal.IO.AssetDatabase.FileSystemDataSource:AddEntry (Colossal.IO.AssetDatabase.DataSourceModification,bool,string,System.Type,long,long,bool,Colossal.Hash128,Colossal.Hash128,string,bool,System.Collections.Generic.List`1<System.ValueTuple`2<System.Type, Colossal.IO.AssetDatabase.Identifier>>)
0x00000230a622563b (Mono JIT Code) Colossal.IO.AssetDatabase.FileSystemDataSource:PopulateFromPackage (bool,bool,Colossal.Hash128,long,System.Collections.Generic.List`1<System.ValueTuple`2<System.Type, Colossal.IO.AssetDatabase.Identifier>>)
0x00000230a61e39c3 (Mono JIT Code) Colossal.IO.AssetDatabase.FileSystemDataSource:AddEntry (Colossal.IO.AssetDatabase.DataSourceModification,bool,string,System.Type,long,long,bool,Colossal.Hash128,Colossal.Hash128,string,bool,System.Collections.Generic.List`1<System.ValueTuple`2<System.Type, Colossal.IO.AssetDatabase.Identifier>>)
0x00000230a61e0e7b (Mono JIT Code) Colossal.IO.AssetDatabase.FileSystemDataSource:PopulateFromDirectory (string,bool,System.Threading.CancellationToken,System.Collections.Generic.List`1<System.ValueTuple`2<System.Type, Colossal.IO.AssetDatabase.Identifier>>)
0x00000230abd4b073 (Mono JIT Code) Colossal.IO.AssetDatabase.ParadoxModsDataSource/<OnActivePlaysetChanged>d__24:MoveNext ()
0x0000023042b2f312 (Mono JIT Code) System.Runtime.CompilerServices.AsyncMethodBuilderCore/MoveNextRunner:InvokeMoveNext (object)
0x0000023041222aae (Mono JIT Code) System.Threading.ExecutionContext:RunInternal (System.Threading.ExecutionContext,System.Threading.ContextCallback,object,bool)
0x00000230412223db (Mono JIT Code) System.Threading.ExecutionContext:Run (System.Threading.ExecutionContext,System.Threading.ContextCallback,object,bool)
0x0000023042b2f1cb (Mono JIT Code) System.Runtime.CompilerServices.AsyncMethodBuilderCore/MoveNextRunner:Run ()
0x0000023044ff6cca (Mono JIT Code) System.Threading.Tasks.AwaitTaskContinuation:InvokeAction (object)
0x0000023042b32175 (Mono JIT Code) System.Threading.Tasks.AwaitTaskContinuation:RunCallback (System.Threading.ContextCallback,object,System.Threading.Tasks.Task&)
0x0000023042b31fd3 (Mono JIT Code) System.Threading.Tasks.SynchronizationContextAwaitTaskContinuation:Run (System.Threading.Tasks.Task,bool)
0x0000023042b2ded7 (Mono JIT Code) System.Threading.Tasks.Task:FinishContinuations ()
0x0000023042b2da73 (Mono JIT Code) System.Threading.Tasks.Task:FinishStageThree ()
0x0000023042b2d853 (Mono JIT Code) System.Threading.Tasks.Task`1<System.Threading.Tasks.VoidTaskResult>:TrySetResult (System.Threading.Tasks.VoidTaskResult)
0x0000023042b31083 (Mono JIT Code) System.Runtime.CompilerServices.AsyncTaskMethodBuilder`1<System.Threading.Tasks.VoidTaskResult>:SetResult (System.Threading.Tasks.VoidTaskResult)
0x0000023042b216b3 (Mono JIT Code) System.Runtime.CompilerServices.AsyncTaskMethodBuilder`1<System.Threading.Tasks.VoidTaskResult>:SetResult (System.Threading.Tasks.Task`1<System.Threading.Tasks.VoidTaskResult>)
0x0000023042b2160b (Mono JIT Code) System.Runtime.CompilerServices.AsyncTaskMethodBuilder:SetResult ()
0x00000230abd4cbeb (Mono JIT Code) Game.Threading.UnityTask/<WaitForGPUFrame>d__2:MoveNext ()
0x0000023042b2f312 (Mono JIT Code) System.Runtime.CompilerServices.AsyncMethodBuilderCore/MoveNextRunner:InvokeMoveNext (object)
0x0000023041222aae (Mono JIT Code) System.Threading.ExecutionContext:RunInternal (System.Threading.ExecutionContext,System.Threading.ContextCallback,object,bool)
0x00000230412223db (Mono JIT Code) System.Threading.ExecutionContext:Run (System.Threading.ExecutionContext,System.Threading.ContextCallback,object,bool)
0x0000023042b2f1cb (Mono JIT Code) System.Runtime.CompilerServices.AsyncMethodBuilderCore/MoveNextRunner:Run ()
0x0000023044ff6cca (Mono JIT Code) System.Threading.Tasks.AwaitTaskContinuation:InvokeAction (object)
0x0000023042b32175 (Mono JIT Code) System.Threading.Tasks.AwaitTaskContinuation:RunCallback (System.Threading.ContextCallback,object,System.Threading.Tasks.Task&)
0x0000023042b31fd3 (Mono JIT Code) System.Threading.Tasks.SynchronizationContextAwaitTaskContinuation:Run (System.Threading.Tasks.Task,bool)
0x0000023042b2ded7 (Mono JIT Code) System.Threading.Tasks.Task:FinishContinuations ()
0x0000023042b2da73 (Mono JIT Code) System.Threading.Tasks.Task:FinishStageThree ()
0x0000022fc4b750e3 (Mono JIT Code) System.Threading.Tasks.Task`1<bool>:TrySetResult (bool)
0x0000022fc4b74f93 (Mono JIT Code) System.Threading.Tasks.TaskCompletionSource`1<bool>:TrySetResult (bool)
0x0000022fc4b8c0d3 (Mono JIT Code) System.Threading.Tasks.TaskCompletionSource`1<bool>:SetResult (bool)
0x00000230abd4dbcb (Mono JIT Code) Game.Threading.UnityTask/<>c__DisplayClass2_0:<WaitForGPUFrame>b__0 (UnityEngine.Rendering.AsyncGPUReadbackRequest)
0x0000022fc4b70554 (Mono JIT Code) (wrapper runtime-invoke) <Module>:runtime_invoke_void__this___AsyncGPUReadbackRequest (object,intptr,intptr,intptr)
0x00007ff810874b7e (mono-2.0-bdwgc) mono_jit_set_domain
0x00007ff8107ad204 (mono-2.0-bdwgc) mono_object_get_virtual_method
0x00007ff8107ad37c (mono-2.0-bdwgc) mono_runtime_invoke
0x00007ffff8ce1288 (UnityPlayer) 
0x00007ffff8ce173b (UnityPlayer) 
0x00007ffff8dcf778 (UnityPlayer) 
0x00007ffff8dcf964 (UnityPlayer) 
0x00007ffff8dcfe82 (UnityPlayer) 
0x00007ffff90233db (UnityPlayer) 
0x00007ffff9025dab (UnityPlayer) 
0x00007ffff902910b (UnityPlayer) 
0x00007ffff90293ab (UnityPlayer) UnityMain
0x00007ff7fb0611f6 (Cities2) 
0x00007ff96a6ae8d7 (KERNEL32) BaseThreadInitThunk
0x00007ff96bb4c53c (ntdll) RtlUserThreadStart

[FileSystem] [WARN]  Collision detected with new Asset C:/Users/bwort/AppData/LocalLow/Colossal Order/Cities Skylines II/.cache/Mods/mods_subscribed/101898_2/USA Southwest Pack.cok:Office_Decoration_Normal_fa23b4170244b47978306e35388f273c.Texture (eb4c944a41ee12bd5b8160c91d3d3451) in data source 'ParadoxModsDataSource' (Last: C:/Users/bwort/AppData/LocalLow/Colossal Order/Cities Skylines II/.cache/Mods/mods_subscribed/101898_2/USA Southwest Pack.cok:Office_Decoration_Normal_fa23b4170244b47978306e35388f273c.Texture)
0x00007ffff922350d (UnityPlayer) UnityMain
0x00007ffff9223288 (UnityPlayer) UnityMain
0x00007ffff9209cd9 (UnityPlayer) UnityMain
0x00007ffff98a9e51 (UnityPlayer) UnityMain
0x00007ffff888b105 (UnityPlayer) 
0x0000023042b80f33 (Mono JIT Code) (wrapper managed-to-native) UnityEngine.DebugLogHandler:Internal_Log (UnityEngine.LogType,UnityEngine.LogOption,string,UnityEngine.Object)
0x0000023042b80e4b (Mono JIT Code) UnityEngine.DebugLogHandler:LogFormat (UnityEngine.LogType,UnityEngine.Object,string,object[])
0x0000023041124a6a (Mono JIT Code) Colossal.Logging.CustomLogHandler:PostProcessFormat (UnityEngine.LogType,Colossal.Logging.Level,UnityEngine.Object,string,Colossal.Logging.ILog,System.Exception)
0x00000230411241ab (Mono JIT Code) Colossal.Logging.CustomLogHandler:LogFormat (UnityEngine.LogType,UnityEngine.Object,string,object[])
0x0000023041123e71 (Mono JIT Code) UnityEngine.Logger:LogFormat (UnityEngine.LogType,string,object[])
0x000002304112382d (Mono JIT Code) Colossal.Logging.UnityLogger:Log (Colossal.Logging.Level,string,System.Exception)
0x00000230abd5e193 (Mono JIT Code) Colossal.Logging.UnityLogger:WarnFormat (string,object[])
0x00000230a61e3769 (Mono JIT Code) Colossal.IO.AssetDatabase.FileSystemDataSource:AddEntry (Colossal.IO.AssetDatabase.DataSourceModification,bool,string,System.Type,long,long,bool,Colossal.Hash128,Colossal.Hash128,string,bool,System.Collections.Generic.List`1<System.ValueTuple`2<System.Type, Colossal.IO.AssetDatabase.Identifier>>)
0x00000230a622563b (Mono JIT Code) Colossal.IO.AssetDatabase.FileSystemDataSource:PopulateFromPackage (bool,bool,Colossal.Hash128,long,System.Collections.Generic.List`1<System.ValueTuple`2<System.Type, Colossal.IO.AssetDatabase.Identifier>>)
0x00000230a61e39c3 (Mono JIT Code) Colossal.IO.AssetDatabase.FileSystemDataSource:AddEntry (Colossal.IO.AssetDatabase.DataSourceModification,bool,string,System.Type,long,long,bool,Colossal.Hash128,Colossal.Hash128,string,bool,System.Collections.Generic.List`1<System.ValueTuple`2<System.Type, Colossal.IO.AssetDatabase.Identifier>>)
0x00000230a61e0e7b (Mono JIT Code) Colossal.IO.AssetDatabase.FileSystemDataSource:PopulateFromDirectory (string,bool,System.Threading.CancellationToken,System.Collections.Generic.List`1<System.ValueTuple`2<System.Type, Colossal.IO.AssetDatabase.Identifier>>)
0x00000230abd4b073 (Mono JIT Code) Colossal.IO.AssetDatabase.ParadoxModsDataSource/<OnActivePlaysetChanged>d__24:MoveNext ()
0x0000023042b2f312 (Mono JIT Code) System.Runtime.CompilerServices.AsyncMethodBuilderCore/MoveNextRunner:InvokeMoveNext (object)
0x0000023041222aae (Mono JIT Code) System.Threading.ExecutionContext:RunInternal (System.Threading.ExecutionContext,System.Threading.ContextCallback,object,bool)
0x00000230412223db (Mono JIT Code) System.Threading.ExecutionContext:Run (System.Threading.ExecutionContext,System.Threading.ContextCallback,object,bool)
0x0000023042b2f1cb (Mono JIT Code) System.Runtime.CompilerServices.AsyncMethodBuilderCore/MoveNextRunner:Run ()
0x0000023044ff6cca (Mono JIT Code) System.Threading.Tasks.AwaitTaskContinuation:InvokeAction (object)
0x0000023042b32175 (Mono JIT Code) System.Threading.Tasks.AwaitTaskContinuation:RunCallback (System.Threading.ContextCallback,object,System.Threading.Tasks.Task&)
0x0000023042b31fd3 (Mono JIT Code) System.Threading.Tasks.SynchronizationContextAwaitTaskContinuation:Run (System.Threading.Tasks.Task,bool)
0x0000023042b2ded7 (Mono JIT Code) System.Threading.Tasks.Task:FinishContinuations ()
0x0000023042b2da73 (Mono JIT Code) System.Threading.Tasks.Task:FinishStageThree ()
0x0000023042b2d853 (Mono JIT Code) System.Threading.Tasks.Task`1<System.Threading.Tasks.VoidTaskResult>:TrySetResult (System.Threading.Tasks.VoidTaskResult)
0x0000023042b31083 (Mono JIT Code) System.Runtime.CompilerServices.AsyncTaskMethodBuilder`1<System.Threading.Tasks.VoidTaskResult>:SetResult (System.Threading.Tasks.VoidTaskResult)
0x0000023042b216b3 (Mono JIT Code) System.Runtime.CompilerServices.AsyncTaskMethodBuilder`1<System.Threading.Tasks.VoidTaskResult>:SetResult (System.Threading.Tasks.Task`1<System.Threading.Tasks.VoidTaskResult>)
0x0000023042b2160b (Mono JIT Code) System.Runtime.CompilerServices.AsyncTaskMethodBuilder:SetResult ()
0x00000230abd4cbeb (Mono JIT Code) Game.Threading.UnityTask/<WaitForGPUFrame>d__2:MoveNext ()
0x0000023042b2f312 (Mono JIT Code) System.Runtime.CompilerServices.AsyncMethodBuilderCore/MoveNextRunner:InvokeMoveNext (object)
0x0000023041222aae (Mono JIT Code) System.Threading.ExecutionContext:RunInternal (System.Threading.ExecutionContext,System.Threading.ContextCallback,object,bool)
0x00000230412223db (Mono JIT Code) System.Threading.ExecutionContext:Run (System.Threading.ExecutionContext,System.Threading.ContextCallback,object,bool)
0x0000023042b2f1cb (Mono JIT Code) System.Runtime.CompilerServices.AsyncMethodBuilderCore/MoveNextRunner:Run ()
0x0000023044ff6cca (Mono JIT Code) System.Threading.Tasks.AwaitTaskContinuation:InvokeAction (object)
0x0000023042b32175 (Mono JIT Code) System.Threading.Tasks.AwaitTaskContinuation:RunCallback (System.Threading.ContextCallback,object,System.Threading.Tasks.Task&)
0x0000023042b31fd3 (Mono JIT Code) System.Threading.Tasks.SynchronizationContextAwaitTaskContinuation:Run (System.Threading.Tasks.Task,bool)
0x0000023042b2ded7 (Mono JIT Code) System.Threading.Tasks.Task:FinishContinuations ()
0x0000023042b2da73 (Mono JIT Code) System.Threading.Tasks.Task:FinishStageThree ()
0x0000022fc4b750e3 (Mono JIT Code) System.Threading.Tasks.Task`1<bool>:TrySetResult (bool)
0x0000022fc4b74f93 (Mono JIT Code) System.Threading.Tasks.TaskCompletionSource`1<bool>:TrySetResult (bool)
0x0000022fc4b8c0d3 (Mono JIT Code) System.Threading.Tasks.TaskCompletionSource`1<bool>:SetResult (bool)
0x00000230abd4dbcb (Mono JIT Code) Game.Threading.UnityTask/<>c__DisplayClass2_0:<WaitForGPUFrame>b__0 (UnityEngine.Rendering.AsyncGPUReadbackRequest)
0x0000022fc4b70554 (Mono JIT Code) (wrapper runtime-invoke) <Module>:runtime_invoke_void__this___AsyncGPUReadbackRequest (object,intptr,intptr,intptr)
0x00007ff810874b7e (mono-2.0-bdwgc) mono_jit_set_domain
0x00007ff8107ad204 (mono-2.0-bdwgc) mono_object_get_virtual_method
0x00007ff8107ad37c (mono-2.0-bdwgc) mono_runtime_invoke
0x00007ffff8ce1288 (UnityPlayer) 
0x00007ffff8ce173b (UnityPlayer) 
0x00007ffff8dcf778 (UnityPlayer) 
0x00007ffff8dcf964 (UnityPlayer) 
0x00007ffff8dcfe82 (UnityPlayer) 
0x00007ffff90233db (UnityPlayer) 
0x00007ffff9025dab (UnityPlayer) 
0x00007ffff902910b (UnityPlayer) 
0x00007ffff90293ab (UnityPlayer) UnityMain
0x00007ff7fb0611f6 (Cities2) 
0x00007ff96a6ae8d7 (KERNEL32) BaseThreadInitThunk
0x00007ff96bb4c53c (ntdll) RtlUserThreadStart

[FileSystem] [WARN]  Collision detected with new Asset C:/Users/bwort/AppData/LocalLow/Colossal Order/Cities Skylines II/.cache/Mods/mods_subscribed/101898_2/USA Southwest Pack.cok:Office_Decoration_MaskMap_a5ad2fcef0bf66d2b0f17e4bfbc88ffb.Texture (14ca9340ebf8ad59ce983137c0b2a4c8) in data source 'ParadoxModsDataSource' (Last: C:/Users/bwort/AppData/LocalLow/Colossal Order/Cities Skylines II/.cache/Mods/mods_subscribed/101898_2/USA Southwest Pack.cok:Office_Decoration_MaskMap_a5ad2fcef0bf66d2b0f17e4bfbc88ffb.Texture)
0x00007ffff922350d (UnityPlayer) UnityMain
0x00007ffff9223288 (UnityPlayer) UnityMain
0x00007ffff9209cd9 (UnityPlayer) UnityMain
0x00007ffff98a9e51 (UnityPlayer) UnityMain
0x00007ffff888b105 (UnityPlayer) 
0x0000023042b80f33 (Mono JIT Code) (wrapper managed-to-native) UnityEngine.DebugLogHandler:Internal_Log (UnityEngine.LogType,UnityEngine.LogOption,string,UnityEngine.Object)
0x0000023042b80e4b (Mono JIT Code) UnityEngine.DebugLogHandler:LogFormat (UnityEngine.LogType,UnityEngine.Object,string,object[])
0x0000023041124a6a (Mono JIT Code) Colossal.Logging.CustomLogHandler:PostProcessFormat (UnityEngine.LogType,Colossal.Logging.Level,UnityEngine.Object,string,Colossal.Logging.ILog,System.Exception)
0x00000230411241ab (Mono JIT Code) Colossal.Logging.CustomLogHandler:LogFormat (UnityEngine.LogType,UnityEngine.Object,string,object[])
0x0000023041123e71 (Mono JIT Code) UnityEngine.Logger:LogFormat (UnityEngine.LogType,string,object[])
0x000002304112382d (Mono JIT Code) Colossal.Logging.UnityLogger:Log (Colossal.Logging.Level,string,System.Exception)
0x00000230abd5e193 (Mono JIT Code) Colossal.Logging.UnityLogger:WarnFormat (string,object[])
0x00000230a61e3769 (Mono JIT Code) Colossal.IO.AssetDatabase.FileSystemDataSource:AddEntry (Colossal.IO.AssetDatabase.DataSourceModification,bool,string,System.Type,long,long,bool,Colossal.Hash128,Colossal.Hash128,string,bool,System.Collections.Generic.List`1<System.ValueTuple`2<System.Type, Colossal.IO.AssetDatabase.Identifier>>)
0x00000230a622563b (Mono JIT Code) Colossal.IO.AssetDatabase.FileSystemDataSource:PopulateFromPackage (bool,bool,Colossal.Hash128,long,System.Collections.Generic.List`1<System.ValueTuple`2<System.Type, Colossal.IO.AssetDatabase.Identifier>>)
0x00000230a61e39c3 (Mono JIT Code) Colossal.IO.AssetDatabase.FileSystemDataSource:AddEntry (Colossal.IO.AssetDatabase.DataSourceModification,bool,string,System.Type,long,long,bool,Colossal.Hash128,Colossal.Hash128,string,bool,System.Collections.Generic.List`1<System.ValueTuple`2<System.Type, Colossal.IO.AssetDatabase.Identifier>>)
0x00000230a61e0e7b (Mono JIT Code) Colossal.IO.AssetDatabase.FileSystemDataSource:PopulateFromDirectory (string,bool,System.Threading.CancellationToken,System.Collections.Generic.List`1<System.ValueTuple`2<System.Type, Colossal.IO.AssetDatabase.Identifier>>)
0x00000230abd4b073 (Mono JIT Code) Colossal.IO.AssetDatabase.ParadoxModsDataSource/<OnActivePlaysetChanged>d__24:MoveNext ()
0x0000023042b2f312 (Mono JIT Code) System.Runtime.CompilerServices.AsyncMethodBuilderCore/MoveNextRunner:InvokeMoveNext (object)
0x0000023041222aae (Mono JIT Code) System.Threading.ExecutionContext:RunInternal (System.Threading.ExecutionContext,System.Threading.ContextCallback,object,bool)
0x00000230412223db (Mono JIT Code) System.Threading.ExecutionContext:Run (System.Threading.ExecutionContext,System.Threading.ContextCallback,object,bool)
0x0000023042b2f1cb (Mono JIT Code) System.Runtime.CompilerServices.AsyncMethodBuilderCore/MoveNextRunner:Run ()
0x0000023044ff6cca (Mono JIT Code) System.Threading.Tasks.AwaitTaskContinuation:InvokeAction (object)
0x0000023042b32175 (Mono JIT Code) System.Threading.Tasks.AwaitTaskContinuation:RunCallback (System.Threading.ContextCallback,object,System.Threading.Tasks.Task&)
0x0000023042b31fd3 (Mono JIT Code) System.Threading.Tasks.SynchronizationContextAwaitTaskContinuation:Run (System.Threading.Tasks.Task,bool)
0x0000023042b2ded7 (Mono JIT Code) System.Threading.Tasks.Task:FinishContinuations ()
0x0000023042b2da73 (Mono JIT Code) System.Threading.Tasks.Task:FinishStageThree ()
0x0000023042b2d853 (Mono JIT Code) System.Threading.Tasks.Task`1<System.Threading.Tasks.VoidTaskResult>:TrySetResult (System.Threading.Tasks.VoidTaskResult)
0x0000023042b31083 (Mono JIT Code) System.Runtime.CompilerServices.AsyncTaskMethodBuilder`1<System.Threading.Tasks.VoidTaskResult>:SetResult (System.Threading.Tasks.VoidTaskResult)
0x0000023042b216b3 (Mono JIT Code) System.Runtime.CompilerServices.AsyncTaskMethodBuilder`1<System.Threading.Tasks.VoidTaskResult>:SetResult (System.Threading.Tasks.Task`1<System.Threading.Tasks.VoidTaskResult>)
0x0000023042b2160b (Mono JIT Code) System.Runtime.CompilerServices.AsyncTaskMethodBuilder:SetResult ()
0x00000230abd4cbeb (Mono JIT Code) Game.Threading.UnityTask/<WaitForGPUFrame>d__2:MoveNext ()
0x0000023042b2f312 (Mono JIT Code) System.Runtime.CompilerServices.AsyncMethodBuilderCore/MoveNextRunner:InvokeMoveNext (object)
0x0000023041222aae (Mono JIT Code) System.Threading.ExecutionContext:RunInternal (System.Threading.ExecutionContext,System.Threading.ContextCallback,object,bool)
0x00000230412223db (Mono JIT Code) System.Threading.ExecutionContext:Run (System.Threading.ExecutionContext,System.Threading.ContextCallback,object,bool)
0x0000023042b2f1cb (Mono JIT Code) System.Runtime.CompilerServices.AsyncMethodBuilderCore/MoveNextRunner:Run ()
0x0000023044ff6cca (Mono JIT Code) System.Threading.Tasks.AwaitTaskContinuation:InvokeAction (object)
0x0000023042b32175 (Mono JIT Code) System.Threading.Tasks.AwaitTaskContinuation:RunCallback (System.Threading.ContextCallback,object,System.Threading.Tasks.Task&)
0x0000023042b31fd3 (Mono JIT Code) System.Threading.Tasks.SynchronizationContextAwaitTaskContinuation:Run (System.Threading.Tasks.Task,bool)
0x0000023042b2ded7 (Mono JIT Code) System.Threading.Tasks.Task:FinishContinuations ()
0x0000023042b2da73 (Mono JIT Code) System.Threading.Tasks.Task:FinishStageThree ()
0x0000022fc4b750e3 (Mono JIT Code) System.Threading.Tasks.Task`1<bool>:TrySetResult (bool)
0x0000022fc4b74f93 (Mono JIT Code) System.Threading.Tasks.TaskCompletionSource`1<bool>:TrySetResult (bool)
0x0000022fc4b8c0d3 (Mono JIT Code) System.Threading.Tasks.TaskCompletionSource`1<bool>:SetResult (bool)
0x00000230abd4dbcb (Mono JIT Code) Game.Threading.UnityTask/<>c__DisplayClass2_0:<WaitForGPUFrame>b__0 (UnityEngine.Rendering.AsyncGPUReadbackRequest)
0x0000022fc4b70554 (Mono JIT Code) (wrapper runtime-invoke) <Module>:runtime_invoke_void__this___AsyncGPUReadbackRequest (object,intptr,intptr,intptr)
0x00007ff810874b7e (mono-2.0-bdwgc) mono_jit_set_domain
0x00007ff8107ad204 (mono-2.0-bdwgc) mono_object_get_virtual_method
0x00007ff8107ad37c (mono-2.0-bdwgc) mono_runtime_invoke
0x00007ffff8ce1288 (UnityPlayer) 
0x00007ffff8ce173b (UnityPlayer) 
0x00007ffff8dcf778 (UnityPlayer) 
0x00007ffff8dcf964 (UnityPlayer) 
0x00007ffff8dcfe82 (UnityPlayer) 
0x00007ffff90233db (UnityPlayer) 
0x00007ffff9025dab (UnityPlayer) 
0x00007ffff902910b (UnityPlayer) 
0x00007ffff90293ab (UnityPlayer) UnityMain
0x00007ff7fb0611f6 (Cities2) 
0x00007ff96a6ae8d7 (KERNEL32) BaseThreadInitThunk
0x00007ff96bb4c53c (ntdll) RtlUserThreadStart

[FileSystem] [WARN]  Collision detected with new Asset C:/Users/bwort/AppData/LocalLow/Colossal Order/Cities Skylines II/.cache/Mods/mods_subscribed/101898_2/USA Southwest Pack.cok:Office_Decoration_MaskMap_bce009e7b5a5a6dfc4d21b3093cdbc50.Texture (6519a329ba2ed66b2d8ad2660b0ae8f0) in data source 'ParadoxModsDataSource' (Last: C:/Users/bwort/AppData/LocalLow/Colossal Order/Cities Skylines II/.cache/Mods/mods_subscribed/101898_2/USA Southwest Pack.cok:Office_Decoration_MaskMap_bce009e7b5a5a6dfc4d21b3093cdbc50.Texture)
0x00007ffff922350d (UnityPlayer) UnityMain
0x00007ffff9223288 (UnityPlayer) UnityMain
0x00007ffff9209cd9 (UnityPlayer) UnityMain
0x00007ffff98a9e51 (UnityPlayer) UnityMain
0x00007ffff888b105 (UnityPlayer) 
0x0000023042b80f33 (Mono JIT Code) (wrapper managed-to-native) UnityEngine.DebugLogHandler:Internal_Log (UnityEngine.LogType,UnityEngine.LogOption,string,UnityEngine.Object)
0x0000023042b80e4b (Mono JIT Code) UnityEngine.DebugLogHandler:LogFormat (UnityEngine.LogType,UnityEngine.Object,string,object[])
0x0000023041124a6a (Mono JIT Code) Colossal.Logging.CustomLogHandler:PostProcessFormat (UnityEngine.LogType,Colossal.Logging.Level,UnityEngine.Object,string,Colossal.Logging.ILog,System.Exception)
0x00000230411241ab (Mono JIT Code) Colossal.Logging.CustomLogHandler:LogFormat (UnityEngine.LogType,UnityEngine.Object,string,object[])
0x0000023041123e71 (Mono JIT Code) UnityEngine.Logger:LogFormat (UnityEngine.LogType,string,object[])
0x000002304112382d (Mono JIT Code) Colossal.Logging.UnityLogger:Log (Colossal.Logging.Level,string,System.Exception)
0x00000230abd5e193 (Mono JIT Code) Colossal.Logging.UnityLogger:WarnFormat (string,object[])
0x00000230a61e3769 (Mono JIT Code) Colossal.IO.AssetDatabase.FileSystemDataSource:AddEntry (Colossal.IO.AssetDatabase.DataSourceModification,bool,string,System.Type,long,long,bool,Colossal.Hash128,Colossal.Hash128,string,bool,System.Collections.Generic.List`1<System.ValueTuple`2<System.Type, Colossal.IO.AssetDatabase.Identifier>>)
0x00000230a622563b (Mono JIT Code) Colossal.IO.AssetDatabase.FileSystemDataSource:PopulateFromPackage (bool,bool,Colossal.Hash128,long,System.Collections.Generic.List`1<System.ValueTuple`2<System.Type, Colossal.IO.AssetDatabase.Identifier>>)
0x00000230a61e39c3 (Mono JIT Code) Colossal.IO.AssetDatabase.FileSystemDataSource:AddEntry (Colossal.IO.AssetDatabase.DataSourceModification,bool,string,System.Type,long,long,bool,Colossal.Hash128,Colossal.Hash128,string,bool,System.Collections.Generic.List`1<System.ValueTuple`2<System.Type, Colossal.IO.AssetDatabase.Identifier>>)
0x00000230a61e0e7b (Mono JIT Code) Colossal.IO.AssetDatabase.FileSystemDataSource:PopulateFromDirectory (string,bool,System.Threading.CancellationToken,System.Collections.Generic.List`1<System.ValueTuple`2<System.Type, Colossal.IO.AssetDatabase.Identifier>>)
0x00000230abd4b073 (Mono JIT Code) Colossal.IO.AssetDatabase.ParadoxModsDataSource/<OnActivePlaysetChanged>d__24:MoveNext ()
0x0000023042b2f312 (Mono JIT Code) System.Runtime.CompilerServices.AsyncMethodBuilderCore/MoveNextRunner:InvokeMoveNext (object)
0x0000023041222aae (Mono JIT Code) System.Threading.ExecutionContext:RunInternal (System.Threading.ExecutionContext,System.Threading.ContextCallback,object,bool)
0x00000230412223db (Mono JIT Code) System.Threading.ExecutionContext:Run (System.Threading.ExecutionContext,System.Threading.ContextCallback,object,bool)
0x0000023042b2f1cb (Mono JIT Code) System.Runtime.CompilerServices.AsyncMethodBuilderCore/MoveNextRunner:Run ()
0x0000023044ff6cca (Mono JIT Code) System.Threading.Tasks.AwaitTaskContinuation:InvokeAction (object)
0x0000023042b32175 (Mono JIT Code) System.Threading.Tasks.AwaitTaskContinuation:RunCallback (System.Threading.ContextCallback,object,System.Threading.Tasks.Task&)
0x0000023042b31fd3 (Mono JIT Code) System.Threading.Tasks.SynchronizationContextAwaitTaskContinuation:Run (System.Threading.Tasks.Task,bool)
0x0000023042b2ded7 (Mono JIT Code) System.Threading.Tasks.Task:FinishContinuations ()
0x0000023042b2da73 (Mono JIT Code) System.Threading.Tasks.Task:FinishStageThree ()
0x0000023042b2d853 (Mono JIT Code) System.Threading.Tasks.Task`1<System.Threading.Tasks.VoidTaskResult>:TrySetResult (System.Threading.Tasks.VoidTaskResult)
0x0000023042b31083 (Mono JIT Code) System.Runtime.CompilerServices.AsyncTaskMethodBuilder`1<System.Threading.Tasks.VoidTaskResult>:SetResult (System.Threading.Tasks.VoidTaskResult)
0x0000023042b216b3 (Mono JIT Code) System.Runtime.CompilerServices.AsyncTaskMethodBuilder`1<System.Threading.Tasks.VoidTaskResult>:SetResult (System.Threading.Tasks.Task`1<System.Threading.Tasks.VoidTaskResult>)
0x0000023042b2160b (Mono JIT Code) System.Runtime.CompilerServices.AsyncTaskMethodBuilder:SetResult ()
0x00000230abd4cbeb (Mono JIT Code) Game.Threading.UnityTask/<WaitForGPUFrame>d__2:MoveNext ()
0x0000023042b2f312 (Mono JIT Code) System.Runtime.CompilerServices.AsyncMethodBuilderCore/MoveNextRunner:InvokeMoveNext (object)
0x0000023041222aae (Mono JIT Code) System.Threading.ExecutionContext:RunInternal (System.Threading.ExecutionContext,System.Threading.ContextCallback,object,bool)
0x00000230412223db (Mono JIT Code) System.Threading.ExecutionContext:Run (System.Threading.ExecutionContext,System.Threading.ContextCallback,object,bool)
0x0000023042b2f1cb (Mono JIT Code) System.Runtime.CompilerServices.AsyncMethodBuilderCore/MoveNextRunner:Run ()
0x0000023044ff6cca (Mono JIT Code) System.Threading.Tasks.AwaitTaskContinuation:InvokeAction (object)
0x0000023042b32175 (Mono JIT Code) System.Threading.Tasks.AwaitTaskContinuation:RunCallback (System.Threading.ContextCallback,object,System.Threading.Tasks.Task&)
0x0000023042b31fd3 (Mono JIT Code) System.Threading.Tasks.SynchronizationContextAwaitTaskContinuation:Run (System.Threading.Tasks.Task,bool)
0x0000023042b2ded7 (Mono JIT Code) System.Threading.Tasks.Task:FinishContinuations ()
0x0000023042b2da73 (Mono JIT Code) System.Threading.Tasks.Task:FinishStageThree ()
0x0000022fc4b750e3 (Mono JIT Code) System.Threading.Tasks.Task`1<bool>:TrySetResult (bool)
0x0000022fc4b74f93 (Mono JIT Code) System.Threading.Tasks.TaskCompletionSource`1<bool>:TrySetResult (bool)
0x0000022fc4b8c0d3 (Mono JIT Code) System.Threading.Tasks.TaskCompletionSource`1<bool>:SetResult (bool)
0x00000230abd4dbcb (Mono JIT Code) Game.Threading.UnityTask/<>c__DisplayClass2_0:<WaitForGPUFrame>b__0 (UnityEngine.Rendering.AsyncGPUReadbackRequest)
0x0000022fc4b70554 (Mono JIT Code) (wrapper runtime-invoke) <Module>:runtime_invoke_void__this___AsyncGPUReadbackRequest (object,intptr,intptr,intptr)
0x00007ff810874b7e (mono-2.0-bdwgc) mono_jit_set_domain
0x00007ff8107ad204 (mono-2.0-bdwgc) mono_object_get_virtual_method
0x00007ff8107ad37c (mono-2.0-bdwgc) mono_runtime_invoke
0x00007ffff8ce1288 (UnityPlayer) 
0x00007ffff8ce173b (UnityPlayer) 
0x00007ffff8dcf778 (UnityPlayer) 
0x00007ffff8dcf964 (UnityPlayer) 
0x00007ffff8dcfe82 (UnityPlayer) 
0x00007ffff90233db (UnityPlayer) 
0x00007ffff9025dab (UnityPlayer) 
0x00007ffff902910b (UnityPlayer) 
0x00007ffff90293ab (UnityPlayer) UnityMain
0x00007ff7fb0611f6 (Cities2) 
0x00007ff96a6ae8d7 (KERNEL32) BaseThreadInitThunk
0x00007ff96bb4c53c (ntdll) RtlUserThreadStart

[FileSystem] [WARN]  Collision detected with new Asset C:/Users/bwort/AppData/LocalLow/Colossal Order/Cities Skylines II/.cache/Mods/mods_subscribed/101898_2/USA Southwest Pack.cok:Residential_Decoration_Normal_1e2a70cd42e4f778a916ad36809cc961.Texture (656928963cb5770813bf52a808fba26c) in data source 'ParadoxModsDataSource' (Last: C:/Users/bwort/AppData/LocalLow/Colossal Order/Cities Skylines II/.cache/Mods/mods_subscribed/101898_2/USA Southwest Pack.cok:Residential_Decoration_Normal_1e2a70cd42e4f778a916ad36809cc961.Texture)
0x00007ffff922350d (UnityPlayer) UnityMain
0x00007ffff9223288 (UnityPlayer) UnityMain
0x00007ffff9209cd9 (UnityPlayer) UnityMain
0x00007ffff98a9e51 (UnityPlayer) UnityMain
0x00007ffff888b105 (UnityPlayer) 
0x0000023042b80f33 (Mono JIT Code) (wrapper managed-to-native) UnityEngine.DebugLogHandler:Internal_Log (UnityEngine.LogType,UnityEngine.LogOption,string,UnityEngine.Object)
0x0000023042b80e4b (Mono JIT Code) UnityEngine.DebugLogHandler:LogFormat (UnityEngine.LogType,UnityEngine.Object,string,object[])
0x0000023041124a6a (Mono JIT Code) Colossal.Logging.CustomLogHandler:PostProcessFormat (UnityEngine.LogType,Colossal.Logging.Level,UnityEngine.Object,string,Colossal.Logging.ILog,System.Exception)
0x00000230411241ab (Mono JIT Code) Colossal.Logging.CustomLogHandler:LogFormat (UnityEngine.LogType,UnityEngine.Object,string,object[])
0x0000023041123e71 (Mono JIT Code) UnityEngine.Logger:LogFormat (UnityEngine.LogType,string,object[])
0x000002304112382d (Mono JIT Code) Colossal.Logging.UnityLogger:Log (Colossal.Logging.Level,string,System.Exception)
0x00000230abd5e193 (Mono JIT Code) Colossal.Logging.UnityLogger:WarnFormat (string,object[])
0x00000230a61e3769 (Mono JIT Code) Colossal.IO.AssetDatabase.FileSystemDataSource:AddEntry (Colossal.IO.AssetDatabase.DataSourceModification,bool,string,System.Type,long,long,bool,Colossal.Hash128,Colossal.Hash128,string,bool,System.Collections.Generic.List`1<System.ValueTuple`2<System.Type, Colossal.IO.AssetDatabase.Identifier>>)
0x00000230a622563b (Mono JIT Code) Colossal.IO.AssetDatabase.FileSystemDataSource:PopulateFromPackage (bool,bool,Colossal.Hash128,long,System.Collections.Generic.List`1<System.ValueTuple`2<System.Type, Colossal.IO.AssetDatabase.Identifier>>)
0x00000230a61e39c3 (Mono JIT Code) Colossal.IO.AssetDatabase.FileSystemDataSource:AddEntry (Colossal.IO.AssetDatabase.DataSourceModification,bool,string,System.Type,long,long,bool,Colossal.Hash128,Colossal.Hash128,string,bool,System.Collections.Generic.List`1<System.ValueTuple`2<System.Type, Colossal.IO.AssetDatabase.Identifier>>)
0x00000230a61e0e7b (Mono JIT Code) Colossal.IO.AssetDatabase.FileSystemDataSource:PopulateFromDirectory (string,bool,System.Threading.CancellationToken,System.Collections.Generic.List`1<System.ValueTuple`2<System.Type, Colossal.IO.AssetDatabase.Identifier>>)
0x00000230abd4b073 (Mono JIT Code) Colossal.IO.AssetDatabase.ParadoxModsDataSource/<OnActivePlaysetChanged>d__24:MoveNext ()
0x0000023042b2f312 (Mono JIT Code) System.Runtime.CompilerServices.AsyncMethodBuilderCore/MoveNextRunner:InvokeMoveNext (object)
0x0000023041222aae (Mono JIT Code) System.Threading.ExecutionContext:RunInternal (System.Threading.ExecutionContext,System.Threading.ContextCallback,object,bool)
0x00000230412223db (Mono JIT Code) System.Threading.ExecutionContext:Run (System.Threading.ExecutionContext,System.Threading.ContextCallback,object,bool)
0x0000023042b2f1cb (Mono JIT Code) System.Runtime.CompilerServices.AsyncMethodBuilderCore/MoveNextRunner:Run ()
0x0000023044ff6cca (Mono JIT Code) System.Threading.Tasks.AwaitTaskContinuation:InvokeAction (object)
0x0000023042b32175 (Mono JIT Code) System.Threading.Tasks.AwaitTaskContinuation:RunCallback (System.Threading.ContextCallback,object,System.Threading.Tasks.Task&)
0x0000023042b31fd3 (Mono JIT Code) System.Threading.Tasks.SynchronizationContextAwaitTaskContinuation:Run (System.Threading.Tasks.Task,bool)
0x0000023042b2ded7 (Mono JIT Code) System.Threading.Tasks.Task:FinishContinuations ()
0x0000023042b2da73 (Mono JIT Code) System.Threading.Tasks.Task:FinishStageThree ()
0x0000023042b2d853 (Mono JIT Code) System.Threading.Tasks.Task`1<System.Threading.Tasks.VoidTaskResult>:TrySetResult (System.Threading.Tasks.VoidTaskResult)
0x0000023042b31083 (Mono JIT Code) System.Runtime.CompilerServices.AsyncTaskMethodBuilder`1<System.Threading.Tasks.VoidTaskResult>:SetResult (System.Threading.Tasks.VoidTaskResult)
0x0000023042b216b3 (Mono JIT Code) System.Runtime.CompilerServices.AsyncTaskMethodBuilder`1<System.Threading.Tasks.VoidTaskResult>:SetResult (System.Threading.Tasks.Task`1<System.Threading.Tasks.VoidTaskResult>)
0x0000023042b2160b (Mono JIT Code) System.Runtime.CompilerServices.AsyncTaskMethodBuilder:SetResult ()
0x00000230abd4cbeb (Mono JIT Code) Game.Threading.UnityTask/<WaitForGPUFrame>d__2:MoveNext ()
0x0000023042b2f312 (Mono JIT Code) System.Runtime.CompilerServices.AsyncMethodBuilderCore/MoveNextRunner:InvokeMoveNext (object)
0x0000023041222aae (Mono JIT Code) System.Threading.ExecutionContext:RunInternal (System.Threading.ExecutionContext,System.Threading.ContextCallback,object,bool)
0x00000230412223db (Mono JIT Code) System.Threading.ExecutionContext:Run (System.Threading.ExecutionContext,System.Threading.ContextCallback,object,bool)
0x0000023042b2f1cb (Mono JIT Code) System.Runtime.CompilerServices.AsyncMethodBuilderCore/MoveNextRunner:Run ()
0x0000023044ff6cca (Mono JIT Code) System.Threading.Tasks.AwaitTaskContinuation:InvokeAction (object)
0x0000023042b32175 (Mono JIT Code) System.Threading.Tasks.AwaitTaskContinuation:RunCallback (System.Threading.ContextCallback,object,System.Threading.Tasks.Task&)
0x0000023042b31fd3 (Mono JIT Code) System.Threading.Tasks.SynchronizationContextAwaitTaskContinuation:Run (System.Threading.Tasks.Task,bool)
0x0000023042b2ded7 (Mono JIT Code) System.Threading.Tasks.Task:FinishContinuations ()
0x0000023042b2da73 (Mono JIT Code) System.Threading.Tasks.Task:FinishStageThree ()
0x0000022fc4b750e3 (Mono JIT Code) System.Threading.Tasks.Task`1<bool>:TrySetResult (bool)
0x0000022fc4b74f93 (Mono JIT Code) System.Threading.Tasks.TaskCompletionSource`1<bool>:TrySetResult (bool)
0x0000022fc4b8c0d3 (Mono JIT Code) System.Threading.Tasks.TaskCompletionSource`1<bool>:SetResult (bool)
0x00000230abd4dbcb (Mono JIT Code) Game.Threading.UnityTask/<>c__DisplayClass2_0:<WaitForGPUFrame>b__0 (UnityEngine.Rendering.AsyncGPUReadbackRequest)
0x0000022fc4b70554 (Mono JIT Code) (wrapper runtime-invoke) <Module>:runtime_invoke_void__this___AsyncGPUReadbackRequest (object,intptr,intptr,intptr)
0x00007ff810874b7e (mono-2.0-bdwgc) mono_jit_set_domain
0x00007ff8107ad204 (mono-2.0-bdwgc) mono_object_get_virtual_method
0x00007ff8107ad37c (mono-2.0-bdwgc) mono_runtime_invoke
0x00007ffff8ce1288 (UnityPlayer) 
0x00007ffff8ce173b (UnityPlayer) 
0x00007ffff8dcf778 (UnityPlayer) 
0x00007ffff8dcf964 (UnityPlayer) 
0x00007ffff8dcfe82 (UnityPlayer) 
0x00007ffff90233db (UnityPlayer) 
0x00007ffff9025dab (UnityPlayer) 
0x00007ffff902910b (UnityPlayer) 
0x00007ffff90293ab (UnityPlayer) UnityMain
0x00007ff7fb0611f6 (Cities2) 
0x00007ff96a6ae8d7 (KERNEL32) BaseThreadInitThunk
0x00007ff96bb4c53c (ntdll) RtlUserThreadStart

[FileSystem] [WARN]  Collision detected with new Asset C:/Users/bwort/AppData/LocalLow/Colossal Order/Cities Skylines II/.cache/Mods/mods_subscribed/92859_4/UK Pack.cok:Residential_Decoration_Normal_7ef4ccb81b737573a6bc2af96eafcf2a.Texture (50d81125624145f1c74d7525a9636fc9) in data source 'ParadoxModsDataSource' (Last: C:/Users/bwort/AppData/LocalLow/Colossal Order/Cities Skylines II/.cache/Mods/mods_subscribed/92859_4/UK Pack.cok:Residential_Decoration_Normal_7ef4ccb81b737573a6bc2af96eafcf2a.Texture)
0x00007ffff922350d (UnityPlayer) UnityMain
0x00007ffff9223288 (UnityPlayer) UnityMain
0x00007ffff9209cd9 (UnityPlayer) UnityMain
0x00007ffff98a9e51 (UnityPlayer) UnityMain
0x00007ffff888b105 (UnityPlayer) 
0x0000023042b80f33 (Mono JIT Code) (wrapper managed-to-native) UnityEngine.DebugLogHandler:Internal_Log (UnityEngine.LogType,UnityEngine.LogOption,string,UnityEngine.Object)
0x0000023042b80e4b (Mono JIT Code) UnityEngine.DebugLogHandler:LogFormat (UnityEngine.LogType,UnityEngine.Object,string,object[])
0x0000023041124a6a (Mono JIT Code) Colossal.Logging.CustomLogHandler:PostProcessFormat (UnityEngine.LogType,Colossal.Logging.Level,UnityEngine.Object,string,Colossal.Logging.ILog,System.Exception)
0x00000230411241ab (Mono JIT Code) Colossal.Logging.CustomLogHandler:LogFormat (UnityEngine.LogType,UnityEngine.Object,string,object[])
0x0000023041123e71 (Mono JIT Code) UnityEngine.Logger:LogFormat (UnityEngine.LogType,string,object[])
0x000002304112382d (Mono JIT Code) Colossal.Logging.UnityLogger:Log (Colossal.Logging.Level,string,System.Exception)
0x00000230abd5e193 (Mono JIT Code) Colossal.Logging.UnityLogger:WarnFormat (string,object[])
0x00000230a61e3769 (Mono JIT Code) Colossal.IO.AssetDatabase.FileSystemDataSource:AddEntry (Colossal.IO.AssetDatabase.DataSourceModification,bool,string,System.Type,long,long,bool,Colossal.Hash128,Colossal.Hash128,string,bool,System.Collections.Generic.List`1<System.ValueTuple`2<System.Type, Colossal.IO.AssetDatabase.Identifier>>)
0x00000230a622563b (Mono JIT Code) Colossal.IO.AssetDatabase.FileSystemDataSource:PopulateFromPackage (bool,bool,Colossal.Hash128,long,System.Collections.Generic.List`1<System.ValueTuple`2<System.Type, Colossal.IO.AssetDatabase.Identifier>>)
0x00000230a61e39c3 (Mono JIT Code) Colossal.IO.AssetDatabase.FileSystemDataSource:AddEntry (Colossal.IO.AssetDatabase.DataSourceModification,bool,string,System.Type,long,long,bool,Colossal.Hash128,Colossal.Hash128,string,bool,System.Collections.Generic.List`1<System.ValueTuple`2<System.Type, Colossal.IO.AssetDatabase.Identifier>>)
0x00000230a61e0e7b (Mono JIT Code) Colossal.IO.AssetDatabase.FileSystemDataSource:PopulateFromDirectory (string,bool,System.Threading.CancellationToken,System.Collections.Generic.List`1<System.ValueTuple`2<System.Type, Colossal.IO.AssetDatabase.Identifier>>)
0x00000230abd4b073 (Mono JIT Code) Colossal.IO.AssetDatabase.ParadoxModsDataSource/<OnActivePlaysetChanged>d__24:MoveNext ()
0x0000023042b2f312 (Mono JIT Code) System.Runtime.CompilerServices.AsyncMethodBuilderCore/MoveNextRunner:InvokeMoveNext (object)
0x0000023041222aae (Mono JIT Code) System.Threading.ExecutionContext:RunInternal (System.Threading.ExecutionContext,System.Threading.ContextCallback,object,bool)
0x00000230412223db (Mono JIT Code) System.Threading.ExecutionContext:Run (System.Threading.ExecutionContext,System.Threading.ContextCallback,object,bool)
0x0000023042b2f1cb (Mono JIT Code) System.Runtime.CompilerServices.AsyncMethodBuilderCore/MoveNextRunner:Run ()
0x0000023044ff6cca (Mono JIT Code) System.Threading.Tasks.AwaitTaskContinuation:InvokeAction (object)
0x0000023042b32175 (Mono JIT Code) System.Threading.Tasks.AwaitTaskContinuation:RunCallback (System.Threading.ContextCallback,object,System.Threading.Tasks.Task&)
0x0000023042b31fd3 (Mono JIT Code) System.Threading.Tasks.SynchronizationContextAwaitTaskContinuation:Run (System.Threading.Tasks.Task,bool)
0x0000023042b2ded7 (Mono JIT Code) System.Threading.Tasks.Task:FinishContinuations ()
0x0000023042b2da73 (Mono JIT Code) System.Threading.Tasks.Task:FinishStageThree ()
0x0000023042b2d853 (Mono JIT Code) System.Threading.Tasks.Task`1<System.Threading.Tasks.VoidTaskResult>:TrySetResult (System.Threading.Tasks.VoidTaskResult)
0x0000023042b31083 (Mono JIT Code) System.Runtime.CompilerServices.AsyncTaskMethodBuilder`1<System.Threading.Tasks.VoidTaskResult>:SetResult (System.Threading.Tasks.VoidTaskResult)
0x0000023042b216b3 (Mono JIT Code) System.Runtime.CompilerServices.AsyncTaskMethodBuilder`1<System.Threading.Tasks.VoidTaskResult>:SetResult (System.Threading.Tasks.Task`1<System.Threading.Tasks.VoidTaskResult>)
0x0000023042b2160b (Mono JIT Code) System.Runtime.CompilerServices.AsyncTaskMethodBuilder:SetResult ()
0x00000230abd4cbeb (Mono JIT Code) Game.Threading.UnityTask/<WaitForGPUFrame>d__2:MoveNext ()
0x0000023042b2f312 (Mono JIT Code) System.Runtime.CompilerServices.AsyncMethodBuilderCore/MoveNextRunner:InvokeMoveNext (object)
0x0000023041222aae (Mono JIT Code) System.Threading.ExecutionContext:RunInternal (System.Threading.ExecutionContext,System.Threading.ContextCallback,object,bool)
0x00000230412223db (Mono JIT Code) System.Threading.ExecutionContext:Run (System.Threading.ExecutionContext,System.Threading.ContextCallback,object,bool)
0x0000023042b2f1cb (Mono JIT Code) System.Runtime.CompilerServices.AsyncMethodBuilderCore/MoveNextRunner:Run ()
0x0000023044ff6cca (Mono JIT Code) System.Threading.Tasks.AwaitTaskContinuation:InvokeAction (object)
0x0000023042b32175 (Mono JIT Code) System.Threading.Tasks.AwaitTaskContinuation:RunCallback (System.Threading.ContextCallback,object,System.Threading.Tasks.Task&)
0x0000023042b31fd3 (Mono JIT Code) System.Threading.Tasks.SynchronizationContextAwaitTaskContinuation:Run (System.Threading.Tasks.Task,bool)
0x0000023042b2ded7 (Mono JIT Code) System.Threading.Tasks.Task:FinishContinuations ()
0x0000023042b2da73 (Mono JIT Code) System.Threading.Tasks.Task:FinishStageThree ()
0x0000022fc4b750e3 (Mono JIT Code) System.Threading.Tasks.Task`1<bool>:TrySetResult (bool)
0x0000022fc4b74f93 (Mono JIT Code) System.Threading.Tasks.TaskCompletionSource`1<bool>:TrySetResult (bool)
0x0000022fc4b8c0d3 (Mono JIT Code) System.Threading.Tasks.TaskCompletionSource`1<bool>:SetResult (bool)
0x00000230abd4dbcb (Mono JIT Code) Game.Threading.UnityTask/<>c__DisplayClass2_0:<WaitForGPUFrame>b__0 (UnityEngine.Rendering.AsyncGPUReadbackRequest)
0x0000022fc4b70554 (Mono JIT Code) (wrapper runtime-invoke) <Module>:runtime_invoke_void__this___AsyncGPUReadbackRequest (object,intptr,intptr,intptr)
0x00007ff810874b7e (mono-2.0-bdwgc) mono_jit_set_domain
0x00007ff8107ad204 (mono-2.0-bdwgc) mono_object_get_virtual_method
0x00007ff8107ad37c (mono-2.0-bdwgc) mono_runtime_invoke
0x00007ffff8ce1288 (UnityPlayer) 
0x00007ffff8ce173b (UnityPlayer) 
0x00007ffff8dcf778 (UnityPlayer) 
0x00007ffff8dcf964 (UnityPlayer) 
0x00007ffff8dcfe82 (UnityPlayer) 
0x00007ffff90233db (UnityPlayer) 
0x00007ffff9025dab (UnityPlayer) 
0x00007ffff902910b (UnityPlayer) 
0x00007ffff90293ab (UnityPlayer) UnityMain
0x00007ff7fb0611f6 (Cities2) 
0x00007ff96a6ae8d7 (KERNEL32) BaseThreadInitThunk
0x00007ff96bb4c53c (ntdll) RtlUserThreadStart

[FileSystem] [WARN]  Collision detected with new Asset C:/Users/bwort/AppData/LocalLow/Colossal Order/Cities Skylines II/.cache/Mods/mods_subscribed/92859_4/UK Pack.cok:Office_Decoration_MaskMap_8ab5a09ae7109d5ea09a3a948dfc17c4.Texture (6865e04614a5a11740a2410b18034fdb) in data source 'ParadoxModsDataSource' (Last: C:/Users/bwort/AppData/LocalLow/Colossal Order/Cities Skylines II/.cache/Mods/mods_subscribed/92859_4/UK Pack.cok:Office_Decoration_MaskMap_8ab5a09ae7109d5ea09a3a948dfc17c4.Texture)
0x00007ffff922350d (UnityPlayer) UnityMain
0x00007ffff9223288 (UnityPlayer) UnityMain
0x00007ffff9209cd9 (UnityPlayer) UnityMain
0x00007ffff98a9e51 (UnityPlayer) UnityMain
0x00007ffff888b105 (UnityPlayer) 
0x0000023042b80f33 (Mono JIT Code) (wrapper managed-to-native) UnityEngine.DebugLogHandler:Internal_Log (UnityEngine.LogType,UnityEngine.LogOption,string,UnityEngine.Object)
0x0000023042b80e4b (Mono JIT Code) UnityEngine.DebugLogHandler:LogFormat (UnityEngine.LogType,UnityEngine.Object,string,object[])
0x0000023041124a6a (Mono JIT Code) Colossal.Logging.CustomLogHandler:PostProcessFormat (UnityEngine.LogType,Colossal.Logging.Level,UnityEngine.Object,string,Colossal.Logging.ILog,System.Exception)
0x00000230411241ab (Mono JIT Code) Colossal.Logging.CustomLogHandler:LogFormat (UnityEngine.LogType,UnityEngine.Object,string,object[])
0x0000023041123e71 (Mono JIT Code) UnityEngine.Logger:LogFormat (UnityEngine.LogType,string,object[])
0x000002304112382d (Mono JIT Code) Colossal.Logging.UnityLogger:Log (Colossal.Logging.Level,string,System.Exception)
0x00000230abd5e193 (Mono JIT Code) Colossal.Logging.UnityLogger:WarnFormat (string,object[])
0x00000230a61e3769 (Mono JIT Code) Colossal.IO.AssetDatabase.FileSystemDataSource:AddEntry (Colossal.IO.AssetDatabase.DataSourceModification,bool,string,System.Type,long,long,bool,Colossal.Hash128,Colossal.Hash128,string,bool,System.Collections.Generic.List`1<System.ValueTuple`2<System.Type, Colossal.IO.AssetDatabase.Identifier>>)
0x00000230a622563b (Mono JIT Code) Colossal.IO.AssetDatabase.FileSystemDataSource:PopulateFromPackage (bool,bool,Colossal.Hash128,long,System.Collections.Generic.List`1<System.ValueTuple`2<System.Type, Colossal.IO.AssetDatabase.Identifier>>)
0x00000230a61e39c3 (Mono JIT Code) Colossal.IO.AssetDatabase.FileSystemDataSource:AddEntry (Colossal.IO.AssetDatabase.DataSourceModification,bool,string,System.Type,long,long,bool,Colossal.Hash128,Colossal.Hash128,string,bool,System.Collections.Generic.List`1<System.ValueTuple`2<System.Type, Colossal.IO.AssetDatabase.Identifier>>)
0x00000230a61e0e7b (Mono JIT Code) Colossal.IO.AssetDatabase.FileSystemDataSource:PopulateFromDirectory (string,bool,System.Threading.CancellationToken,System.Collections.Generic.List`1<System.ValueTuple`2<System.Type, Colossal.IO.AssetDatabase.Identifier>>)
0x00000230abd4b073 (Mono JIT Code) Colossal.IO.AssetDatabase.ParadoxModsDataSource/<OnActivePlaysetChanged>d__24:MoveNext ()
0x0000023042b2f312 (Mono JIT Code) System.Runtime.CompilerServices.AsyncMethodBuilderCore/MoveNextRunner:InvokeMoveNext (object)
0x0000023041222aae (Mono JIT Code) System.Threading.ExecutionContext:RunInternal (System.Threading.ExecutionContext,System.Threading.ContextCallback,object,bool)
0x00000230412223db (Mono JIT Code) System.Threading.ExecutionContext:Run (System.Threading.ExecutionContext,System.Threading.ContextCallback,object,bool)
0x0000023042b2f1cb (Mono JIT Code) System.Runtime.CompilerServices.AsyncMethodBuilderCore/MoveNextRunner:Run ()
0x0000023044ff6cca (Mono JIT Code) System.Threading.Tasks.AwaitTaskContinuation:InvokeAction (object)
0x0000023042b32175 (Mono JIT Code) System.Threading.Tasks.AwaitTaskContinuation:RunCallback (System.Threading.ContextCallback,object,System.Threading.Tasks.Task&)
0x0000023042b31fd3 (Mono JIT Code) System.Threading.Tasks.SynchronizationContextAwaitTaskContinuation:Run (System.Threading.Tasks.Task,bool)
0x0000023042b2ded7 (Mono JIT Code) System.Threading.Tasks.Task:FinishContinuations ()
0x0000023042b2da73 (Mono JIT Code) System.Threading.Tasks.Task:FinishStageThree ()
0x0000023042b2d853 (Mono JIT Code) System.Threading.Tasks.Task`1<System.Threading.Tasks.VoidTaskResult>:TrySetResult (System.Threading.Tasks.VoidTaskResult)
0x0000023042b31083 (Mono JIT Code) System.Runtime.CompilerServices.AsyncTaskMethodBuilder`1<System.Threading.Tasks.VoidTaskResult>:SetResult (System.Threading.Tasks.VoidTaskResult)
0x0000023042b216b3 (Mono JIT Code) System.Runtime.CompilerServices.AsyncTaskMethodBuilder`1<System.Threading.Tasks.VoidTaskResult>:SetResult (System.Threading.Tasks.Task`1<System.Threading.Tasks.VoidTaskResult>)
0x0000023042b2160b (Mono JIT Code) System.Runtime.CompilerServices.AsyncTaskMethodBuilder:SetResult ()
0x00000230abd4cbeb (Mono JIT Code) Game.Threading.UnityTask/<WaitForGPUFrame>d__2:MoveNext ()
0x0000023042b2f312 (Mono JIT Code) System.Runtime.CompilerServices.AsyncMethodBuilderCore/MoveNextRunner:InvokeMoveNext (object)
0x0000023041222aae (Mono JIT Code) System.Threading.ExecutionContext:RunInternal (System.Threading.ExecutionContext,System.Threading.ContextCallback,object,bool)
0x00000230412223db (Mono JIT Code) System.Threading.ExecutionContext:Run (System.Threading.ExecutionContext,System.Threading.ContextCallback,object,bool)
0x0000023042b2f1cb (Mono JIT Code) System.Runtime.CompilerServices.AsyncMethodBuilderCore/MoveNextRunner:Run ()
0x0000023044ff6cca (Mono JIT Code) System.Threading.Tasks.AwaitTaskContinuation:InvokeAction (object)
0x0000023042b32175 (Mono JIT Code) System.Threading.Tasks.AwaitTaskContinuation:RunCallback (System.Threading.ContextCallback,object,System.Threading.Tasks.Task&)
0x0000023042b31fd3 (Mono JIT Code) System.Threading.Tasks.SynchronizationContextAwaitTaskContinuation:Run (System.Threading.Tasks.Task,bool)
0x0000023042b2ded7 (Mono JIT Code) System.Threading.Tasks.Task:FinishContinuations ()
0x0000023042b2da73 (Mono JIT Code) System.Threading.Tasks.Task:FinishStageThree ()
0x0000022fc4b750e3 (Mono JIT Code) System.Threading.Tasks.Task`1<bool>:TrySetResult (bool)
0x0000022fc4b74f93 (Mono JIT Code) System.Threading.Tasks.TaskCompletionSource`1<bool>:TrySetResult (bool)
0x0000022fc4b8c0d3 (Mono JIT Code) System.Threading.Tasks.TaskCompletionSource`1<bool>:SetResult (bool)
0x00000230abd4dbcb (Mono JIT Code) Game.Threading.UnityTask/<>c__DisplayClass2_0:<WaitForGPUFrame>b__0 (UnityEngine.Rendering.AsyncGPUReadbackRequest)
0x0000022fc4b70554 (Mono JIT Code) (wrapper runtime-invoke) <Module>:runtime_invoke_void__this___AsyncGPUReadbackRequest (object,intptr,intptr,intptr)
0x00007ff810874b7e (mono-2.0-bdwgc) mono_jit_set_domain
0x00007ff8107ad204 (mono-2.0-bdwgc) mono_object_get_virtual_method
0x00007ff8107ad37c (mono-2.0-bdwgc) mono_runtime_invoke
0x00007ffff8ce1288 (UnityPlayer) 
0x00007ffff8ce173b (UnityPlayer) 
0x00007ffff8dcf778 (UnityPlayer) 
0x00007ffff8dcf964 (UnityPlayer) 
0x00007ffff8dcfe82 (UnityPlayer) 
0x00007ffff90233db (UnityPlayer) 
0x00007ffff9025dab (UnityPlayer) 
0x00007ffff902910b (UnityPlayer) 
0x00007ffff90293ab (UnityPlayer) UnityMain
0x00007ff7fb0611f6 (Cities2) 
0x00007ff96a6ae8d7 (KERNEL32) BaseThreadInitThunk
0x00007ff96bb4c53c (ntdll) RtlUserThreadStart

[FileSystem] [WARN]  Collision detected with new Asset C:/Users/bwort/AppData/LocalLow/Colossal Order/Cities Skylines II/.cache/Mods/mods_subscribed/92859_4/UK Pack.cok:Office_Decoration_BaseColor_ade4e5d0ff00c7f1dbefe43c2c6c8000.Texture (4ec4189fc2c1dfa9c853a23b84e823f6) in data source 'ParadoxModsDataSource' (Last: C:/Users/bwort/AppData/LocalLow/Colossal Order/Cities Skylines II/.cache/Mods/mods_subscribed/92859_4/UK Pack.cok:Office_Decoration_BaseColor_ade4e5d0ff00c7f1dbefe43c2c6c8000.Texture)
0x00007ffff922350d (UnityPlayer) UnityMain
0x00007ffff9223288 (UnityPlayer) UnityMain
0x00007ffff9209cd9 (UnityPlayer) UnityMain
0x00007ffff98a9e51 (UnityPlayer) UnityMain
0x00007ffff888b105 (UnityPlayer) 
0x0000023042b80f33 (Mono JIT Code) (wrapper managed-to-native) UnityEngine.DebugLogHandler:Internal_Log (UnityEngine.LogType,UnityEngine.LogOption,string,UnityEngine.Object)
0x0000023042b80e4b (Mono JIT Code) UnityEngine.DebugLogHandler:LogFormat (UnityEngine.LogType,UnityEngine.Object,string,object[])
0x0000023041124a6a (Mono JIT Code) Colossal.Logging.CustomLogHandler:PostProcessFormat (UnityEngine.LogType,Colossal.Logging.Level,UnityEngine.Object,string,Colossal.Logging.ILog,System.Exception)
0x00000230411241ab (Mono JIT Code) Colossal.Logging.CustomLogHandler:LogFormat (UnityEngine.LogType,UnityEngine.Object,string,object[])
0x0000023041123e71 (Mono JIT Code) UnityEngine.Logger:LogFormat (UnityEngine.LogType,string,object[])
0x000002304112382d (Mono JIT Code) Colossal.Logging.UnityLogger:Log (Colossal.Logging.Level,string,System.Exception)
0x00000230abd5e193 (Mono JIT Code) Colossal.Logging.UnityLogger:WarnFormat (string,object[])
0x00000230a61e3769 (Mono JIT Code) Colossal.IO.AssetDatabase.FileSystemDataSource:AddEntry (Colossal.IO.AssetDatabase.DataSourceModification,bool,string,System.Type,long,long,bool,Colossal.Hash128,Colossal.Hash128,string,bool,System.Collections.Generic.List`1<System.ValueTuple`2<System.Type, Colossal.IO.AssetDatabase.Identifier>>)
0x00000230a622563b (Mono JIT Code) Colossal.IO.AssetDatabase.FileSystemDataSource:PopulateFromPackage (bool,bool,Colossal.Hash128,long,System.Collections.Generic.List`1<System.ValueTuple`2<System.Type, Colossal.IO.AssetDatabase.Identifier>>)
0x00000230a61e39c3 (Mono JIT Code) Colossal.IO.AssetDatabase.FileSystemDataSource:AddEntry (Colossal.IO.AssetDatabase.DataSourceModification,bool,string,System.Type,long,long,bool,Colossal.Hash128,Colossal.Hash128,string,bool,System.Collections.Generic.List`1<System.ValueTuple`2<System.Type, Colossal.IO.AssetDatabase.Identifier>>)
0x00000230a61e0e7b (Mono JIT Code) Colossal.IO.AssetDatabase.FileSystemDataSource:PopulateFromDirectory (string,bool,System.Threading.CancellationToken,System.Collections.Generic.List`1<System.ValueTuple`2<System.Type, Colossal.IO.AssetDatabase.Identifier>>)
0x00000230abd4b073 (Mono JIT Code) Colossal.IO.AssetDatabase.ParadoxModsDataSource/<OnActivePlaysetChanged>d__24:MoveNext ()
0x0000023042b2f312 (Mono JIT Code) System.Runtime.CompilerServices.AsyncMethodBuilderCore/MoveNextRunner:InvokeMoveNext (object)
0x0000023041222aae (Mono JIT Code) System.Threading.ExecutionContext:RunInternal (System.Threading.ExecutionContext,System.Threading.ContextCallback,object,bool)
0x00000230412223db (Mono JIT Code) System.Threading.ExecutionContext:Run (System.Threading.ExecutionContext,System.Threading.ContextCallback,object,bool)
0x0000023042b2f1cb (Mono JIT Code) System.Runtime.CompilerServices.AsyncMethodBuilderCore/MoveNextRunner:Run ()
0x0000023044ff6cca (Mono JIT Code) System.Threading.Tasks.AwaitTaskContinuation:InvokeAction (object)
0x0000023042b32175 (Mono JIT Code) System.Threading.Tasks.AwaitTaskContinuation:RunCallback (System.Threading.ContextCallback,object,System.Threading.Tasks.Task&)
0x0000023042b31fd3 (Mono JIT Code) System.Threading.Tasks.SynchronizationContextAwaitTaskContinuation:Run (System.Threading.Tasks.Task,bool)
0x0000023042b2ded7 (Mono JIT Code) System.Threading.Tasks.Task:FinishContinuations ()
0x0000023042b2da73 (Mono JIT Code) System.Threading.Tasks.Task:FinishStageThree ()
0x0000023042b2d853 (Mono JIT Code) System.Threading.Tasks.Task`1<System.Threading.Tasks.VoidTaskResult>:TrySetResult (System.Threading.Tasks.VoidTaskResult)
0x0000023042b31083 (Mono JIT Code) System.Runtime.CompilerServices.AsyncTaskMethodBuilder`1<System.Threading.Tasks.VoidTaskResult>:SetResult (System.Threading.Tasks.VoidTaskResult)
0x0000023042b216b3 (Mono JIT Code) System.Runtime.CompilerServices.AsyncTaskMethodBuilder`1<System.Threading.Tasks.VoidTaskResult>:SetResult (System.Threading.Tasks.Task`1<System.Threading.Tasks.VoidTaskResult>)
0x0000023042b2160b (Mono JIT Code) System.Runtime.CompilerServices.AsyncTaskMethodBuilder:SetResult ()
0x00000230abd4cbeb (Mono JIT Code) Game.Threading.UnityTask/<WaitForGPUFrame>d__2:MoveNext ()
0x0000023042b2f312 (Mono JIT Code) System.Runtime.CompilerServices.AsyncMethodBuilderCore/MoveNextRunner:InvokeMoveNext (object)
0x0000023041222aae (Mono JIT Code) System.Threading.ExecutionContext:RunInternal (System.Threading.ExecutionContext,System.Threading.ContextCallback,object,bool)
0x00000230412223db (Mono JIT Code) System.Threading.ExecutionContext:Run (System.Threading.ExecutionContext,System.Threading.ContextCallback,object,bool)
0x0000023042b2f1cb (Mono JIT Code) System.Runtime.CompilerServices.AsyncMethodBuilderCore/MoveNextRunner:Run ()
0x0000023044ff6cca (Mono JIT Code) System.Threading.Tasks.AwaitTaskContinuation:InvokeAction (object)
0x0000023042b32175 (Mono JIT Code) System.Threading.Tasks.AwaitTaskContinuation:RunCallback (System.Threading.ContextCallback,object,System.Threading.Tasks.Task&)
0x0000023042b31fd3 (Mono JIT Code) System.Threading.Tasks.SynchronizationContextAwaitTaskContinuation:Run (System.Threading.Tasks.Task,bool)
0x0000023042b2ded7 (Mono JIT Code) System.Threading.Tasks.Task:FinishContinuations ()
0x0000023042b2da73 (Mono JIT Code) System.Threading.Tasks.Task:FinishStageThree ()
0x0000022fc4b750e3 (Mono JIT Code) System.Threading.Tasks.Task`1<bool>:TrySetResult (bool)
0x0000022fc4b74f93 (Mono JIT Code) System.Threading.Tasks.TaskCompletionSource`1<bool>:TrySetResult (bool)
0x0000022fc4b8c0d3 (Mono JIT Code) System.Threading.Tasks.TaskCompletionSource`1<bool>:SetResult (bool)
0x00000230abd4dbcb (Mono JIT Code) Game.Threading.UnityTask/<>c__DisplayClass2_0:<WaitForGPUFrame>b__0 (UnityEngine.Rendering.AsyncGPUReadbackRequest)
0x0000022fc4b70554 (Mono JIT Code) (wrapper runtime-invoke) <Module>:runtime_invoke_void__this___AsyncGPUReadbackRequest (object,intptr,intptr,intptr)
0x00007ff810874b7e (mono-2.0-bdwgc) mono_jit_set_domain
0x00007ff8107ad204 (mono-2.0-bdwgc) mono_object_get_virtual_method
0x00007ff8107ad37c (mono-2.0-bdwgc) mono_runtime_invoke
0x00007ffff8ce1288 (UnityPlayer) 
0x00007ffff8ce173b (UnityPlayer) 
0x00007ffff8dcf778 (UnityPlayer) 
0x00007ffff8dcf964 (UnityPlayer) 
0x00007ffff8dcfe82 (UnityPlayer) 
0x00007ffff90233db (UnityPlayer) 
0x00007ffff9025dab (UnityPlayer) 
0x00007ffff902910b (UnityPlayer) 
0x00007ffff90293ab (UnityPlayer) UnityMain
0x00007ff7fb0611f6 (Cities2) 
0x00007ff96a6ae8d7 (KERNEL32) BaseThreadInitThunk
0x00007ff96bb4c53c (ntdll) RtlUserThreadStart

[FileSystem] [WARN]  Collision detected with new Asset C:/Users/bwort/AppData/LocalLow/Colossal Order/Cities Skylines II/.cache/Mods/mods_subscribed/92859_4/UK Pack.cok:Residential_Decoration_MaskMap_349f55f3429ab0d86594dba852343025.Texture (af9ff42971881730ec777beb07fc7edd) in data source 'ParadoxModsDataSource' (Last: C:/Users/bwort/AppData/LocalLow/Colossal Order/Cities Skylines II/.cache/Mods/mods_subscribed/92859_4/UK Pack.cok:Residential_Decoration_MaskMap_349f55f3429ab0d86594dba852343025.Texture)
0x00007ffff922350d (UnityPlayer) UnityMain
0x00007ffff9223288 (UnityPlayer) UnityMain
0x00007ffff9209cd9 (UnityPlayer) UnityMain
0x00007ffff98a9e51 (UnityPlayer) UnityMain
0x00007ffff888b105 (UnityPlayer) 
0x0000023042b80f33 (Mono JIT Code) (wrapper managed-to-native) UnityEngine.DebugLogHandler:Internal_Log (UnityEngine.LogType,UnityEngine.LogOption,string,UnityEngine.Object)
0x0000023042b80e4b (Mono JIT Code) UnityEngine.DebugLogHandler:LogFormat (UnityEngine.LogType,UnityEngine.Object,string,object[])
0x0000023041124a6a (Mono JIT Code) Colossal.Logging.CustomLogHandler:PostProcessFormat (UnityEngine.LogType,Colossal.Logging.Level,UnityEngine.Object,string,Colossal.Logging.ILog,System.Exception)
0x00000230411241ab (Mono JIT Code) Colossal.Logging.CustomLogHandler:LogFormat (UnityEngine.LogType,UnityEngine.Object,string,object[])
0x0000023041123e71 (Mono JIT Code) UnityEngine.Logger:LogFormat (UnityEngine.LogType,string,object[])
0x000002304112382d (Mono JIT Code) Colossal.Logging.UnityLogger:Log (Colossal.Logging.Level,string,System.Exception)
0x00000230abd5e193 (Mono JIT Code) Colossal.Logging.UnityLogger:WarnFormat (string,object[])
0x00000230a61e3769 (Mono JIT Code) Colossal.IO.AssetDatabase.FileSystemDataSource:AddEntry (Colossal.IO.AssetDatabase.DataSourceModification,bool,string,System.Type,long,long,bool,Colossal.Hash128,Colossal.Hash128,string,bool,System.Collections.Generic.List`1<System.ValueTuple`2<System.Type, Colossal.IO.AssetDatabase.Identifier>>)
0x00000230a622563b (Mono JIT Code) Colossal.IO.AssetDatabase.FileSystemDataSource:PopulateFromPackage (bool,bool,Colossal.Hash128,long,System.Collections.Generic.List`1<System.ValueTuple`2<System.Type, Colossal.IO.AssetDatabase.Identifier>>)
0x00000230a61e39c3 (Mono JIT Code) Colossal.IO.AssetDatabase.FileSystemDataSource:AddEntry (Colossal.IO.AssetDatabase.DataSourceModification,bool,string,System.Type,long,long,bool,Colossal.Hash128,Colossal.Hash128,string,bool,System.Collections.Generic.List`1<System.ValueTuple`2<System.Type, Colossal.IO.AssetDatabase.Identifier>>)
0x00000230a61e0e7b (Mono JIT Code) Colossal.IO.AssetDatabase.FileSystemDataSource:PopulateFromDirectory (string,bool,System.Threading.CancellationToken,System.Collections.Generic.List`1<System.ValueTuple`2<System.Type, Colossal.IO.AssetDatabase.Identifier>>)
0x00000230abd4b073 (Mono JIT Code) Colossal.IO.AssetDatabase.ParadoxModsDataSource/<OnActivePlaysetChanged>d__24:MoveNext ()
0x0000023042b2f312 (Mono JIT Code) System.Runtime.CompilerServices.AsyncMethodBuilderCore/MoveNextRunner:InvokeMoveNext (object)
0x0000023041222aae (Mono JIT Code) System.Threading.ExecutionContext:RunInternal (System.Threading.ExecutionContext,System.Threading.ContextCallback,object,bool)
0x00000230412223db (Mono JIT Code) System.Threading.ExecutionContext:Run (System.Threading.ExecutionContext,System.Threading.ContextCallback,object,bool)
0x0000023042b2f1cb (Mono JIT Code) System.Runtime.CompilerServices.AsyncMethodBuilderCore/MoveNextRunner:Run ()
0x0000023044ff6cca (Mono JIT Code) System.Threading.Tasks.AwaitTaskContinuation:InvokeAction (object)
0x0000023042b32175 (Mono JIT Code) System.Threading.Tasks.AwaitTaskContinuation:RunCallback (System.Threading.ContextCallback,object,System.Threading.Tasks.Task&)
0x0000023042b31fd3 (Mono JIT Code) System.Threading.Tasks.SynchronizationContextAwaitTaskContinuation:Run (System.Threading.Tasks.Task,bool)
0x0000023042b2ded7 (Mono JIT Code) System.Threading.Tasks.Task:FinishContinuations ()
0x0000023042b2da73 (Mono JIT Code) System.Threading.Tasks.Task:FinishStageThree ()
0x0000023042b2d853 (Mono JIT Code) System.Threading.Tasks.Task`1<System.Threading.Tasks.VoidTaskResult>:TrySetResult (System.Threading.Tasks.VoidTaskResult)
0x0000023042b31083 (Mono JIT Code) System.Runtime.CompilerServices.AsyncTaskMethodBuilder`1<System.Threading.Tasks.VoidTaskResult>:SetResult (System.Threading.Tasks.VoidTaskResult)
0x0000023042b216b3 (Mono JIT Code) System.Runtime.CompilerServices.AsyncTaskMethodBuilder`1<System.Threading.Tasks.VoidTaskResult>:SetResult (System.Threading.Tasks.Task`1<System.Threading.Tasks.VoidTaskResult>)
0x0000023042b2160b (Mono JIT Code) System.Runtime.CompilerServices.AsyncTaskMethodBuilder:SetResult ()
0x00000230abd4cbeb (Mono JIT Code) Game.Threading.UnityTask/<WaitForGPUFrame>d__2:MoveNext ()
0x0000023042b2f312 (Mono JIT Code) System.Runtime.CompilerServices.AsyncMethodBuilderCore/MoveNextRunner:InvokeMoveNext (object)
0x0000023041222aae (Mono JIT Code) System.Threading.ExecutionContext:RunInternal (System.Threading.ExecutionContext,System.Threading.ContextCallback,object,bool)
0x00000230412223db (Mono JIT Code) System.Threading.ExecutionContext:Run (System.Threading.ExecutionContext,System.Threading.ContextCallback,object,bool)
0x0000023042b2f1cb (Mono JIT Code) System.Runtime.CompilerServices.AsyncMethodBuilderCore/MoveNextRunner:Run ()
0x0000023044ff6cca (Mono JIT Code) System.Threading.Tasks.AwaitTaskContinuation:InvokeAction (object)
0x0000023042b32175 (Mono JIT Code) System.Threading.Tasks.AwaitTaskContinuation:RunCallback (System.Threading.ContextCallback,object,System.Threading.Tasks.Task&)
0x0000023042b31fd3 (Mono JIT Code) System.Threading.Tasks.SynchronizationContextAwaitTaskContinuation:Run (System.Threading.Tasks.Task,bool)
0x0000023042b2ded7 (Mono JIT Code) System.Threading.Tasks.Task:FinishContinuations ()
0x0000023042b2da73 (Mono JIT Code) System.Threading.Tasks.Task:FinishStageThree ()
0x0000022fc4b750e3 (Mono JIT Code) System.Threading.Tasks.Task`1<bool>:TrySetResult (bool)
0x0000022fc4b74f93 (Mono JIT Code) System.Threading.Tasks.TaskCompletionSource`1<bool>:TrySetResult (bool)
0x0000022fc4b8c0d3 (Mono JIT Code) System.Threading.Tasks.TaskCompletionSource`1<bool>:SetResult (bool)
0x00000230abd4dbcb (Mono JIT Code) Game.Threading.UnityTask/<>c__DisplayClass2_0:<WaitForGPUFrame>b__0 (UnityEngine.Rendering.AsyncGPUReadbackRequest)
0x0000022fc4b70554 (Mono JIT Code) (wrapper runtime-invoke) <Module>:runtime_invoke_void__this___AsyncGPUReadbackRequest (object,intptr,intptr,intptr)
0x00007ff810874b7e (mono-2.0-bdwgc) mono_jit_set_domain
0x00007ff8107ad204 (mono-2.0-bdwgc) mono_object_get_virtual_method
0x00007ff8107ad37c (mono-2.0-bdwgc) mono_runtime_invoke
0x00007ffff8ce1288 (UnityPlayer) 
0x00007ffff8ce173b (UnityPlayer) 
0x00007ffff8dcf778 (UnityPlayer) 
0x00007ffff8dcf964 (UnityPlayer) 
0x00007ffff8dcfe82 (UnityPlayer) 
0x00007ffff90233db (UnityPlayer) 
0x00007ffff9025dab (UnityPlayer) 
0x00007ffff902910b (UnityPlayer) 
0x00007ffff90293ab (UnityPlayer) UnityMain
0x00007ff7fb0611f6 (Cities2) 
0x00007ff96a6ae8d7 (KERNEL32) BaseThreadInitThunk
0x00007ff96bb4c53c (ntdll) RtlUserThreadStart

[FileSystem] [WARN]  Collision detected with new Asset C:/Users/bwort/AppData/LocalLow/Colossal Order/Cities Skylines II/.cache/Mods/mods_subscribed/92859_4/UK Pack.cok:Office_Decoration_Normal_c5b8fa9a9bd5c0bfe39d238b5b621d9b.Texture (5ebd67400a6c06e767402a8385a8969d) in data source 'ParadoxModsDataSource' (Last: C:/Users/bwort/AppData/LocalLow/Colossal Order/Cities Skylines II/.cache/Mods/mods_subscribed/92859_4/UK Pack.cok:Office_Decoration_Normal_c5b8fa9a9bd5c0bfe39d238b5b621d9b.Texture)
0x00007ffff922350d (UnityPlayer) UnityMain
0x00007ffff9223288 (UnityPlayer) UnityMain
0x00007ffff9209cd9 (UnityPlayer) UnityMain
0x00007ffff98a9e51 (UnityPlayer) UnityMain
0x00007ffff888b105 (UnityPlayer) 
0x0000023042b80f33 (Mono JIT Code) (wrapper managed-to-native) UnityEngine.DebugLogHandler:Internal_Log (UnityEngine.LogType,UnityEngine.LogOption,string,UnityEngine.Object)
0x0000023042b80e4b (Mono JIT Code) UnityEngine.DebugLogHandler:LogFormat (UnityEngine.LogType,UnityEngine.Object,string,object[])
0x0000023041124a6a (Mono JIT Code) Colossal.Logging.CustomLogHandler:PostProcessFormat (UnityEngine.LogType,Colossal.Logging.Level,UnityEngine.Object,string,Colossal.Logging.ILog,System.Exception)
0x00000230411241ab (Mono JIT Code) Colossal.Logging.CustomLogHandler:LogFormat (UnityEngine.LogType,UnityEngine.Object,string,object[])
0x0000023041123e71 (Mono JIT Code) UnityEngine.Logger:LogFormat (UnityEngine.LogType,string,object[])
0x000002304112382d (Mono JIT Code) Colossal.Logging.UnityLogger:Log (Colossal.Logging.Level,string,System.Exception)
0x00000230abd5e193 (Mono JIT Code) Colossal.Logging.UnityLogger:WarnFormat (string,object[])
0x00000230a61e3769 (Mono JIT Code) Colossal.IO.AssetDatabase.FileSystemDataSource:AddEntry (Colossal.IO.AssetDatabase.DataSourceModification,bool,string,System.Type,long,long,bool,Colossal.Hash128,Colossal.Hash128,string,bool,System.Collections.Generic.List`1<System.ValueTuple`2<System.Type, Colossal.IO.AssetDatabase.Identifier>>)
0x00000230a622563b (Mono JIT Code) Colossal.IO.AssetDatabase.FileSystemDataSource:PopulateFromPackage (bool,bool,Colossal.Hash128,long,System.Collections.Generic.List`1<System.ValueTuple`2<System.Type, Colossal.IO.AssetDatabase.Identifier>>)
0x00000230a61e39c3 (Mono JIT Code) Colossal.IO.AssetDatabase.FileSystemDataSource:AddEntry (Colossal.IO.AssetDatabase.DataSourceModification,bool,string,System.Type,long,long,bool,Colossal.Hash128,Colossal.Hash128,string,bool,System.Collections.Generic.List`1<System.ValueTuple`2<System.Type, Colossal.IO.AssetDatabase.Identifier>>)
0x00000230a61e0e7b (Mono JIT Code) Colossal.IO.AssetDatabase.FileSystemDataSource:PopulateFromDirectory (string,bool,System.Threading.CancellationToken,System.Collections.Generic.List`1<System.ValueTuple`2<System.Type, Colossal.IO.AssetDatabase.Identifier>>)
0x00000230abd4b073 (Mono JIT Code) Colossal.IO.AssetDatabase.ParadoxModsDataSource/<OnActivePlaysetChanged>d__24:MoveNext ()
0x0000023042b2f312 (Mono JIT Code) System.Runtime.CompilerServices.AsyncMethodBuilderCore/MoveNextRunner:InvokeMoveNext (object)
0x0000023041222aae (Mono JIT Code) System.Threading.ExecutionContext:RunInternal (System.Threading.ExecutionContext,System.Threading.ContextCallback,object,bool)
0x00000230412223db (Mono JIT Code) System.Threading.ExecutionContext:Run (System.Threading.ExecutionContext,System.Threading.ContextCallback,object,bool)
0x0000023042b2f1cb (Mono JIT Code) System.Runtime.CompilerServices.AsyncMethodBuilderCore/MoveNextRunner:Run ()
0x0000023044ff6cca (Mono JIT Code) System.Threading.Tasks.AwaitTaskContinuation:InvokeAction (object)
0x0000023042b32175 (Mono JIT Code) System.Threading.Tasks.AwaitTaskContinuation:RunCallback (System.Threading.ContextCallback,object,System.Threading.Tasks.Task&)
0x0000023042b31fd3 (Mono JIT Code) System.Threading.Tasks.SynchronizationContextAwaitTaskContinuation:Run (System.Threading.Tasks.Task,bool)
0x0000023042b2ded7 (Mono JIT Code) System.Threading.Tasks.Task:FinishContinuations ()
0x0000023042b2da73 (Mono JIT Code) System.Threading.Tasks.Task:FinishStageThree ()
0x0000023042b2d853 (Mono JIT Code) System.Threading.Tasks.Task`1<System.Threading.Tasks.VoidTaskResult>:TrySetResult (System.Threading.Tasks.VoidTaskResult)
0x0000023042b31083 (Mono JIT Code) System.Runtime.CompilerServices.AsyncTaskMethodBuilder`1<System.Threading.Tasks.VoidTaskResult>:SetResult (System.Threading.Tasks.VoidTaskResult)
0x0000023042b216b3 (Mono JIT Code) System.Runtime.CompilerServices.AsyncTaskMethodBuilder`1<System.Threading.Tasks.VoidTaskResult>:SetResult (System.Threading.Tasks.Task`1<System.Threading.Tasks.VoidTaskResult>)
0x0000023042b2160b (Mono JIT Code) System.Runtime.CompilerServices.AsyncTaskMethodBuilder:SetResult ()
0x00000230abd4cbeb (Mono JIT Code) Game.Threading.UnityTask/<WaitForGPUFrame>d__2:MoveNext ()
0x0000023042b2f312 (Mono JIT Code) System.Runtime.CompilerServices.AsyncMethodBuilderCore/MoveNextRunner:InvokeMoveNext (object)
0x0000023041222aae (Mono JIT Code) System.Threading.ExecutionContext:RunInternal (System.Threading.ExecutionContext,System.Threading.ContextCallback,object,bool)
0x00000230412223db (Mono JIT Code) System.Threading.ExecutionContext:Run (System.Threading.ExecutionContext,System.Threading.ContextCallback,object,bool)
0x0000023042b2f1cb (Mono JIT Code) System.Runtime.CompilerServices.AsyncMethodBuilderCore/MoveNextRunner:Run ()
0x0000023044ff6cca (Mono JIT Code) System.Threading.Tasks.AwaitTaskContinuation:InvokeAction (object)
0x0000023042b32175 (Mono JIT Code) System.Threading.Tasks.AwaitTaskContinuation:RunCallback (System.Threading.ContextCallback,object,System.Threading.Tasks.Task&)
0x0000023042b31fd3 (Mono JIT Code) System.Threading.Tasks.SynchronizationContextAwaitTaskContinuation:Run (System.Threading.Tasks.Task,bool)
0x0000023042b2ded7 (Mono JIT Code) System.Threading.Tasks.Task:FinishContinuations ()
0x0000023042b2da73 (Mono JIT Code) System.Threading.Tasks.Task:FinishStageThree ()
0x0000022fc4b750e3 (Mono JIT Code) System.Threading.Tasks.Task`1<bool>:TrySetResult (bool)
0x0000022fc4b74f93 (Mono JIT Code) System.Threading.Tasks.TaskCompletionSource`1<bool>:TrySetResult (bool)
0x0000022fc4b8c0d3 (Mono JIT Code) System.Threading.Tasks.TaskCompletionSource`1<bool>:SetResult (bool)
0x00000230abd4dbcb (Mono JIT Code) Game.Threading.UnityTask/<>c__DisplayClass2_0:<WaitForGPUFrame>b__0 (UnityEngine.Rendering.AsyncGPUReadbackRequest)
0x0000022fc4b70554 (Mono JIT Code) (wrapper runtime-invoke) <Module>:runtime_invoke_void__this___AsyncGPUReadbackRequest (object,intptr,intptr,intptr)
0x00007ff810874b7e (mono-2.0-bdwgc) mono_jit_set_domain
0x00007ff8107ad204 (mono-2.0-bdwgc) mono_object_get_virtual_method
0x00007ff8107ad37c (mono-2.0-bdwgc) mono_runtime_invoke
0x00007ffff8ce1288 (UnityPlayer) 
0x00007ffff8ce173b (UnityPlayer) 
0x00007ffff8dcf778 (UnityPlayer) 
0x00007ffff8dcf964 (UnityPlayer) 
0x00007ffff8dcfe82 (UnityPlayer) 
0x00007ffff90233db (UnityPlayer) 
0x00007ffff9025dab (UnityPlayer) 
0x00007ffff902910b (UnityPlayer) 
0x00007ffff90293ab (UnityPlayer) UnityMain
0x00007ff7fb0611f6 (Cities2) 
0x00007ff96a6ae8d7 (KERNEL32) BaseThreadInitThunk
0x00007ff96bb4c53c (ntdll) RtlUserThreadStart

[FileSystem] [WARN]  Collision detected with new Asset C:/Users/bwort/AppData/LocalLow/Colossal Order/Cities Skylines II/.cache/Mods/mods_subscribed/92859_4/UK Pack.cok:Residential_Decoration_BaseColor_b52ea88e64bea9603bf501857252d406.Texture (3c7a275aea5a3dba35f025da170877c3) in data source 'ParadoxModsDataSource' (Last: C:/Users/bwort/AppData/LocalLow/Colossal Order/Cities Skylines II/.cache/Mods/mods_subscribed/92859_4/UK Pack.cok:Residential_Decoration_BaseColor_b52ea88e64bea9603bf501857252d406.Texture)
0x00007ffff922350d (UnityPlayer) UnityMain
0x00007ffff9223288 (UnityPlayer) UnityMain
0x00007ffff9209cd9 (UnityPlayer) UnityMain
0x00007ffff98a9e51 (UnityPlayer) UnityMain
0x00007ffff888b105 (UnityPlayer) 
0x0000023042b80f33 (Mono JIT Code) (wrapper managed-to-native) UnityEngine.DebugLogHandler:Internal_Log (UnityEngine.LogType,UnityEngine.LogOption,string,UnityEngine.Object)
0x0000023042b80e4b (Mono JIT Code) UnityEngine.DebugLogHandler:LogFormat (UnityEngine.LogType,UnityEngine.Object,string,object[])
0x0000023041124a6a (Mono JIT Code) Colossal.Logging.CustomLogHandler:PostProcessFormat (UnityEngine.LogType,Colossal.Logging.Level,UnityEngine.Object,string,Colossal.Logging.ILog,System.Exception)
0x00000230411241ab (Mono JIT Code) Colossal.Logging.CustomLogHandler:LogFormat (UnityEngine.LogType,UnityEngine.Object,string,object[])
0x0000023041123e71 (Mono JIT Code) UnityEngine.Logger:LogFormat (UnityEngine.LogType,string,object[])
0x000002304112382d (Mono JIT Code) Colossal.Logging.UnityLogger:Log (Colossal.Logging.Level,string,System.Exception)
0x00000230abd5e193 (Mono JIT Code) Colossal.Logging.UnityLogger:WarnFormat (string,object[])
0x00000230a61e3769 (Mono JIT Code) Colossal.IO.AssetDatabase.FileSystemDataSource:AddEntry (Colossal.IO.AssetDatabase.DataSourceModification,bool,string,System.Type,long,long,bool,Colossal.Hash128,Colossal.Hash128,string,bool,System.Collections.Generic.List`1<System.ValueTuple`2<System.Type, Colossal.IO.AssetDatabase.Identifier>>)
0x00000230a622563b (Mono JIT Code) Colossal.IO.AssetDatabase.FileSystemDataSource:PopulateFromPackage (bool,bool,Colossal.Hash128,long,System.Collections.Generic.List`1<System.ValueTuple`2<System.Type, Colossal.IO.AssetDatabase.Identifier>>)
0x00000230a61e39c3 (Mono JIT Code) Colossal.IO.AssetDatabase.FileSystemDataSource:AddEntry (Colossal.IO.AssetDatabase.DataSourceModification,bool,string,System.Type,long,long,bool,Colossal.Hash128,Colossal.Hash128,string,bool,System.Collections.Generic.List`1<System.ValueTuple`2<System.Type, Colossal.IO.AssetDatabase.Identifier>>)
0x00000230a61e0e7b (Mono JIT Code) Colossal.IO.AssetDatabase.FileSystemDataSource:PopulateFromDirectory (string,bool,System.Threading.CancellationToken,System.Collections.Generic.List`1<System.ValueTuple`2<System.Type, Colossal.IO.AssetDatabase.Identifier>>)
0x00000230abd4b073 (Mono JIT Code) Colossal.IO.AssetDatabase.ParadoxModsDataSource/<OnActivePlaysetChanged>d__24:MoveNext ()
0x0000023042b2f312 (Mono JIT Code) System.Runtime.CompilerServices.AsyncMethodBuilderCore/MoveNextRunner:InvokeMoveNext (object)
0x0000023041222aae (Mono JIT Code) System.Threading.ExecutionContext:RunInternal (System.Threading.ExecutionContext,System.Threading.ContextCallback,object,bool)
0x00000230412223db (Mono JIT Code) System.Threading.ExecutionContext:Run (System.Threading.ExecutionContext,System.Threading.ContextCallback,object,bool)
0x0000023042b2f1cb (Mono JIT Code) System.Runtime.CompilerServices.AsyncMethodBuilderCore/MoveNextRunner:Run ()
0x0000023044ff6cca (Mono JIT Code) System.Threading.Tasks.AwaitTaskContinuation:InvokeAction (object)
0x0000023042b32175 (Mono JIT Code) System.Threading.Tasks.AwaitTaskContinuation:RunCallback (System.Threading.ContextCallback,object,System.Threading.Tasks.Task&)
0x0000023042b31fd3 (Mono JIT Code) System.Threading.Tasks.SynchronizationContextAwaitTaskContinuation:Run (System.Threading.Tasks.Task,bool)
0x0000023042b2ded7 (Mono JIT Code) System.Threading.Tasks.Task:FinishContinuations ()
0x0000023042b2da73 (Mono JIT Code) System.Threading.Tasks.Task:FinishStageThree ()
0x0000023042b2d853 (Mono JIT Code) System.Threading.Tasks.Task`1<System.Threading.Tasks.VoidTaskResult>:TrySetResult (System.Threading.Tasks.VoidTaskResult)
0x0000023042b31083 (Mono JIT Code) System.Runtime.CompilerServices.AsyncTaskMethodBuilder`1<System.Threading.Tasks.VoidTaskResult>:SetResult (System.Threading.Tasks.VoidTaskResult)
0x0000023042b216b3 (Mono JIT Code) System.Runtime.CompilerServices.AsyncTaskMethodBuilder`1<System.Threading.Tasks.VoidTaskResult>:SetResult (System.Threading.Tasks.Task`1<System.Threading.Tasks.VoidTaskResult>)
0x0000023042b2160b (Mono JIT Code) System.Runtime.CompilerServices.AsyncTaskMethodBuilder:SetResult ()
0x00000230abd4cbeb (Mono JIT Code) Game.Threading.UnityTask/<WaitForGPUFrame>d__2:MoveNext ()
0x0000023042b2f312 (Mono JIT Code) System.Runtime.CompilerServices.AsyncMethodBuilderCore/MoveNextRunner:InvokeMoveNext (object)
0x0000023041222aae (Mono JIT Code) System.Threading.ExecutionContext:RunInternal (System.Threading.ExecutionContext,System.Threading.ContextCallback,object,bool)
0x00000230412223db (Mono JIT Code) System.Threading.ExecutionContext:Run (System.Threading.ExecutionContext,System.Threading.ContextCallback,object,bool)
0x0000023042b2f1cb (Mono JIT Code) System.Runtime.CompilerServices.AsyncMethodBuilderCore/MoveNextRunner:Run ()
0x0000023044ff6cca (Mono JIT Code) System.Threading.Tasks.AwaitTaskContinuation:InvokeAction (object)
0x0000023042b32175 (Mono JIT Code) System.Threading.Tasks.AwaitTaskContinuation:RunCallback (System.Threading.ContextCallback,object,System.Threading.Tasks.Task&)
0x0000023042b31fd3 (Mono JIT Code) System.Threading.Tasks.SynchronizationContextAwaitTaskContinuation:Run (System.Threading.Tasks.Task,bool)
0x0000023042b2ded7 (Mono JIT Code) System.Threading.Tasks.Task:FinishContinuations ()
0x0000023042b2da73 (Mono JIT Code) System.Threading.Tasks.Task:FinishStageThree ()
0x0000022fc4b750e3 (Mono JIT Code) System.Threading.Tasks.Task`1<bool>:TrySetResult (bool)
0x0000022fc4b74f93 (Mono JIT Code) System.Threading.Tasks.TaskCompletionSource`1<bool>:TrySetResult (bool)
0x0000022fc4b8c0d3 (Mono JIT Code) System.Threading.Tasks.TaskCompletionSource`1<bool>:SetResult (bool)
0x00000230abd4dbcb (Mono JIT Code) Game.Threading.UnityTask/<>c__DisplayClass2_0:<WaitForGPUFrame>b__0 (UnityEngine.Rendering.AsyncGPUReadbackRequest)
0x0000022fc4b70554 (Mono JIT Code) (wrapper runtime-invoke) <Module>:runtime_invoke_void__this___AsyncGPUReadbackRequest (object,intptr,intptr,intptr)
0x00007ff810874b7e (mono-2.0-bdwgc) mono_jit_set_domain
0x00007ff8107ad204 (mono-2.0-bdwgc) mono_object_get_virtual_method
0x00007ff8107ad37c (mono-2.0-bdwgc) mono_runtime_invoke
0x00007ffff8ce1288 (UnityPlayer) 
0x00007ffff8ce173b (UnityPlayer) 
0x00007ffff8dcf778 (UnityPlayer) 
0x00007ffff8dcf964 (UnityPlayer) 
0x00007ffff8dcfe82 (UnityPlayer) 
0x00007ffff90233db (UnityPlayer) 
0x00007ffff9025dab (UnityPlayer) 
0x00007ffff902910b (UnityPlayer) 
0x00007ffff90293ab (UnityPlayer) UnityMain
0x00007ff7fb0611f6 (Cities2) 
0x00007ff96a6ae8d7 (KERNEL32) BaseThreadInitThunk
0x00007ff96bb4c53c (ntdll) RtlUserThreadStart

[FileSystem] [WARN]  Lost serialization data for entry "m_FireHazardModifier" of type "FloatingPoint" in node "" because a serialized member of that name could not be found in type Game.Prefabs.ZoneProperties.
0x00007ffff922350d (UnityPlayer) UnityMain
0x00007ffff9223288 (UnityPlayer) UnityMain
0x00007ffff9209cd9 (UnityPlayer) UnityMain
0x00007ffff98a9e51 (UnityPlayer) UnityMain
0x00007ffff888b105 (UnityPlayer) 
0x0000023042b80f33 (Mono JIT Code) (wrapper managed-to-native) UnityEngine.DebugLogHandler:Internal_Log (UnityEngine.LogType,UnityEngine.LogOption,string,UnityEngine.Object)
0x0000023042b80e4b (Mono JIT Code) UnityEngine.DebugLogHandler:LogFormat (UnityEngine.LogType,UnityEngine.Object,string,object[])
0x0000023041124a6a (Mono JIT Code) Colossal.Logging.CustomLogHandler:PostProcessFormat (UnityEngine.LogType,Colossal.Logging.Level,UnityEngine.Object,string,Colossal.Logging.ILog,System.Exception)
0x00000230411241ab (Mono JIT Code) Colossal.Logging.CustomLogHandler:LogFormat (UnityEngine.LogType,UnityEngine.Object,string,object[])
0x0000023041123e71 (Mono JIT Code) UnityEngine.Logger:LogFormat (UnityEngine.LogType,string,object[])
0x000002304112382d (Mono JIT Code) Colossal.Logging.UnityLogger:Log (Colossal.Logging.Level,string,System.Exception)
0x00000230c50e9263 (Mono JIT Code) Colossal.Logging.UnityLogger:Warn (object)
0x00000230c50e91e3 (Mono JIT Code) Colossal.IO.AssetDatabase.PrefabAsset/OdinLogger:LogWarning (string)
0x00000230c50e8fd1 (Mono JIT Code) Colossal.OdinSerializer.DebugContext:LogWarning (string)
0x00000230c509120b (Mono JIT Code) Colossal.OdinSerializer.ReflectionFormatter`1<T_REF>:DeserializeImplementation (T_REF&,Colossal.OdinSerializer.IDataReader)
0x00000230c508e5e1 (Mono JIT Code) Colossal.OdinSerializer.BaseFormatter`1<T_REF>:Deserialize (Colossal.OdinSerializer.IDataReader)
0x00000230c508e173 (Mono JIT Code) Colossal.OdinSerializer.BaseFormatter`1<T_REF>:Colossal.OdinSerializer.IFormatter.Deserialize (Colossal.OdinSerializer.IDataReader)
0x00000230c509be55 (Mono JIT Code) Colossal.OdinSerializer.ComplexTypeSerializer`1<T_REF>:ReadValue (Colossal.OdinSerializer.IDataReader)
0x00000230c509831e (Mono JIT Code) Colossal.OdinSerializer.ListFormatter`1<T_REF>:DeserializeImplementation (System.Collections.Generic.List`1<T_REF>&,Colossal.OdinSerializer.IDataReader)
0x00000230c508e5e1 (Mono JIT Code) Colossal.OdinSerializer.BaseFormatter`1<T_REF>:Deserialize (Colossal.OdinSerializer.IDataReader)
0x00000230c508e173 (Mono JIT Code) Colossal.OdinSerializer.BaseFormatter`1<T_REF>:Colossal.OdinSerializer.IFormatter.Deserialize (Colossal.OdinSerializer.IDataReader)
0x00000230abde49a5 (Mono JIT Code) Colossal.OdinSerializer.AnySerializer:ReadValueWeak (Colossal.OdinSerializer.IDataReader)
0x00000230c5091263 (Mono JIT Code) Colossal.OdinSerializer.ReflectionFormatter`1<T_REF>:DeserializeImplementation (T_REF&,Colossal.OdinSerializer.IDataReader)
0x00000230c508e5e1 (Mono JIT Code) Colossal.OdinSerializer.BaseFormatter`1<T_REF>:Deserialize (Colossal.OdinSerializer.IDataReader)
0x00000230c508e173 (Mono JIT Code) Colossal.OdinSerializer.BaseFormatter`1<T_REF>:Colossal.OdinSerializer.IFormatter.Deserialize (Colossal.OdinSerializer.IDataReader)
0x00000230abde4185 (Mono JIT Code) Colossal.OdinSerializer.AnySerializer:ReadValueWeak (Colossal.OdinSerializer.IDataReader)
0x0000022fcccbea90 (Mono JIT Code) Colossal.OdinSerializer.SerializationUtility:DeserializeValueWeak (Colossal.OdinSerializer.IDataReader)
0x0000022fcccba163 (Mono JIT Code) Colossal.OdinSerializer.SerializationUtility:DeserializeValueWeak (System.IO.Stream,Colossal.OdinSerializer.DataFormat,Colossal.OdinSerializer.DeserializationContext)
0x0000022fcccb48a3 (Mono JIT Code) Colossal.IO.AssetDatabase.PrefabAsset:Load (System.Collections.Generic.HashSet`1<Colossal.IO.AssetDatabase.PrefabAsset>)
0x0000022fcccb40b3 (Mono JIT Code) Colossal.IO.AssetDatabase.PrefabAsset:Load ()
0x0000022fcccb2fb3 (Mono JIT Code) Game.SceneFlow.GameManager/<>c__DisplayClass106_3:<RegisterPdxSdk>g__OnEntryIsInActivePlaysetChanged|16 (Colossal.Hash128,bool)
0x00000230abd4b75a (Mono JIT Code) Colossal.IO.AssetDatabase.ParadoxModsDataSource/<OnActivePlaysetChanged>d__24:MoveNext ()
0x0000023042b2f312 (Mono JIT Code) System.Runtime.CompilerServices.AsyncMethodBuilderCore/MoveNextRunner:InvokeMoveNext (object)
0x0000023041222aae (Mono JIT Code) System.Threading.ExecutionContext:RunInternal (System.Threading.ExecutionContext,System.Threading.ContextCallback,object,bool)
0x00000230412223db (Mono JIT Code) System.Threading.ExecutionContext:Run (System.Threading.ExecutionContext,System.Threading.ContextCallback,object,bool)
0x0000023042b2f1cb (Mono JIT Code) System.Runtime.CompilerServices.AsyncMethodBuilderCore/MoveNextRunner:Run ()
0x0000023044ff6cca (Mono JIT Code) System.Threading.Tasks.AwaitTaskContinuation:InvokeAction (object)
0x0000023042b32175 (Mono JIT Code) System.Threading.Tasks.AwaitTaskContinuation:RunCallback (System.Threading.ContextCallback,object,System.Threading.Tasks.Task&)
0x0000023042b31fd3 (Mono JIT Code) System.Threading.Tasks.SynchronizationContextAwaitTaskContinuation:Run (System.Threading.Tasks.Task,bool)
0x0000023042b2ded7 (Mono JIT Code) System.Threading.Tasks.Task:FinishContinuations ()
0x0000023042b2da73 (Mono JIT Code) System.Threading.Tasks.Task:FinishStageThree ()
0x0000023042b2d853 (Mono JIT Code) System.Threading.Tasks.Task`1<System.Threading.Tasks.VoidTaskResult>:TrySetResult (System.Threading.Tasks.VoidTaskResult)
0x0000023042b31083 (Mono JIT Code) System.Runtime.CompilerServices.AsyncTaskMethodBuilder`1<System.Threading.Tasks.VoidTaskResult>:SetResult (System.Threading.Tasks.VoidTaskResult)
0x0000023042b216b3 (Mono JIT Code) System.Runtime.CompilerServices.AsyncTaskMethodBuilder`1<System.Threading.Tasks.VoidTaskResult>:SetResult (System.Threading.Tasks.Task`1<System.Threading.Tasks.VoidTaskResult>)
0x0000023042b2160b (Mono JIT Code) System.Runtime.CompilerServices.AsyncTaskMethodBuilder:SetResult ()
0x00000230abd4cbeb (Mono JIT Code) Game.Threading.UnityTask/<WaitForGPUFrame>d__2:MoveNext ()
0x0000023042b2f312 (Mono JIT Code) System.Runtime.CompilerServices.AsyncMethodBuilderCore/MoveNextRunner:InvokeMoveNext (object)
0x0000023041222aae (Mono JIT Code) System.Threading.ExecutionContext:RunInternal (System.Threading.ExecutionContext,System.Threading.ContextCallback,object,bool)
0x00000230412223db (Mono JIT Code) System.Threading.ExecutionContext:Run (System.Threading.ExecutionContext,System.Threading.ContextCallback,object,bool)
0x0000023042b2f1cb (Mono JIT Code) System.Runtime.CompilerServices.AsyncMethodBuilderCore/MoveNextRunner:Run ()
0x0000023044ff6cca (Mono JIT Code) System.Threading.Tasks.AwaitTaskContinuation:InvokeAction (object)
0x0000023042b32175 (Mono JIT Code) System.Threading.Tasks.AwaitTaskContinuation:RunCallback (System.Threading.ContextCallback,object,System.Threading.Tasks.Task&)
0x0000023042b31fd3 (Mono JIT Code) System.Threading.Tasks.SynchronizationContextAwaitTaskContinuation:Run (System.Threading.Tasks.Task,bool)
0x0000023042b2ded7 (Mono JIT Code) System.Threading.Tasks.Task:FinishContinuations ()
0x0000023042b2da73 (Mono JIT Code) System.Threading.Tasks.Task:FinishStageThree ()
0x0000022fc4b750e3 (Mono JIT Code) System.Threading.Tasks.Task`1<bool>:TrySetResult (bool)
0x0000022fc4b74f93 (Mono JIT Code) System.Threading.Tasks.TaskCompletionSource`1<bool>:TrySetResult (bool)
0x0000022fc4b8c0d3 (Mono JIT Code) System.Threading.Tasks.TaskCompletionSource`1<bool>:SetResult (bool)
0x00000230abd4dbcb (Mono JIT Code) Game.Threading.UnityTask/<>c__DisplayClass2_0:<WaitForGPUFrame>b__0 (UnityEngine.Rendering.AsyncGPUReadbackRequest)
0x0000022fc4b70554 (Mono JIT Code) (wrapper runtime-invoke) <Module>:runtime_invoke_void__this___AsyncGPUReadbackRequest (object,intptr,intptr,intptr)
0x00007ff810874b7e (mono-2.0-bdwgc) mono_jit_set_domain
0x00007ff8107ad204 (mono-2.0-bdwgc) mono_object_get_virtual_method
0x00007ff8107ad37c (mono-2.0-bdwgc) mono_runtime_invoke
0x00007ffff8ce1288 (UnityPlayer) 
0x00007ffff8ce173b (UnityPlayer) 
0x00007ffff8dcf778 (UnityPlayer) 
0x00007ffff8dcf964 (UnityPlayer) 
0x00007ffff8dcfe82 (UnityPlayer) 
0x00007ffff90233db (UnityPlayer) 
0x00007ffff9025dab (UnityPlayer) 
0x00007ffff902910b (UnityPlayer) 
0x00007ffff90293ab (UnityPlayer) UnityMain
0x00007ff7fb0611f6 (Cities2) 
0x00007ff96a6ae8d7 (KERNEL32) BaseThreadInitThunk
0x00007ff96bb4c53c (ntdll) RtlUserThreadStart

[FileSystem] [WARN]  Lost serialization data for entry "m_FireHazardModifier" of type "FloatingPoint" in node "" because a serialized member of that name could not be found in type Game.Prefabs.ZoneProperties.
0x00007ffff922350d (UnityPlayer) UnityMain
0x00007ffff9223288 (UnityPlayer) UnityMain
0x00007ffff9209cd9 (UnityPlayer) UnityMain
0x00007ffff98a9e51 (UnityPlayer) UnityMain
0x00007ffff888b105 (UnityPlayer) 
0x0000023042b80f33 (Mono JIT Code) (wrapper managed-to-native) UnityEngine.DebugLogHandler:Internal_Log (UnityEngine.LogType,UnityEngine.LogOption,string,UnityEngine.Object)
0x0000023042b80e4b (Mono JIT Code) UnityEngine.DebugLogHandler:LogFormat (UnityEngine.LogType,UnityEngine.Object,string,object[])
0x0000023041124a6a (Mono JIT Code) Colossal.Logging.CustomLogHandler:PostProcessFormat (UnityEngine.LogType,Colossal.Logging.Level,UnityEngine.Object,string,Colossal.Logging.ILog,System.Exception)
0x00000230411241ab (Mono JIT Code) Colossal.Logging.CustomLogHandler:LogFormat (UnityEngine.LogType,UnityEngine.Object,string,object[])
0x0000023041123e71 (Mono JIT Code) UnityEngine.Logger:LogFormat (UnityEngine.LogType,string,object[])
0x000002304112382d (Mono JIT Code) Colossal.Logging.UnityLogger:Log (Colossal.Logging.Level,string,System.Exception)
0x00000230c50e9263 (Mono JIT Code) Colossal.Logging.UnityLogger:Warn (object)
0x00000230c50e91e3 (Mono JIT Code) Colossal.IO.AssetDatabase.PrefabAsset/OdinLogger:LogWarning (string)
0x00000230c50e8fd1 (Mono JIT Code) Colossal.OdinSerializer.DebugContext:LogWarning (string)
0x00000230c509120b (Mono JIT Code) Colossal.OdinSerializer.ReflectionFormatter`1<T_REF>:DeserializeImplementation (T_REF&,Colossal.OdinSerializer.IDataReader)
0x00000230c508e5e1 (Mono JIT Code) Colossal.OdinSerializer.BaseFormatter`1<T_REF>:Deserialize (Colossal.OdinSerializer.IDataReader)
0x00000230c508e173 (Mono JIT Code) Colossal.OdinSerializer.BaseFormatter`1<T_REF>:Colossal.OdinSerializer.IFormatter.Deserialize (Colossal.OdinSerializer.IDataReader)
0x00000230c509be55 (Mono JIT Code) Colossal.OdinSerializer.ComplexTypeSerializer`1<T_REF>:ReadValue (Colossal.OdinSerializer.IDataReader)
0x00000230c509831e (Mono JIT Code) Colossal.OdinSerializer.ListFormatter`1<T_REF>:DeserializeImplementation (System.Collections.Generic.List`1<T_REF>&,Colossal.OdinSerializer.IDataReader)
0x00000230c508e5e1 (Mono JIT Code) Colossal.OdinSerializer.BaseFormatter`1<T_REF>:Deserialize (Colossal.OdinSerializer.IDataReader)
0x00000230c508e173 (Mono JIT Code) Colossal.OdinSerializer.BaseFormatter`1<T_REF>:Colossal.OdinSerializer.IFormatter.Deserialize (Colossal.OdinSerializer.IDataReader)
0x00000230abde49a5 (Mono JIT Code) Colossal.OdinSerializer.AnySerializer:ReadValueWeak (Colossal.OdinSerializer.IDataReader)
0x00000230c5091263 (Mono JIT Code) Colossal.OdinSerializer.ReflectionFormatter`1<T_REF>:DeserializeImplementation (T_REF&,Colossal.OdinSerializer.IDataReader)
0x00000230c508e5e1 (Mono JIT Code) Colossal.OdinSerializer.BaseFormatter`1<T_REF>:Deserialize (Colossal.OdinSerializer.IDataReader)
0x00000230c508e173 (Mono JIT Code) Colossal.OdinSerializer.BaseFormatter`1<T_REF>:Colossal.OdinSerializer.IFormatter.Deserialize (Colossal.OdinSerializer.IDataReader)
0x00000230abde4185 (Mono JIT Code) Colossal.OdinSerializer.AnySerializer:ReadValueWeak (Colossal.OdinSerializer.IDataReader)
0x0000022fcccbea90 (Mono JIT Code) Colossal.OdinSerializer.SerializationUtility:DeserializeValueWeak (Colossal.OdinSerializer.IDataReader)
0x0000022fcccba163 (Mono JIT Code) Colossal.OdinSerializer.SerializationUtility:DeserializeValueWeak (System.IO.Stream,Colossal.OdinSerializer.DataFormat,Colossal.OdinSerializer.DeserializationContext)
0x0000022fcccb48a3 (Mono JIT Code) Colossal.IO.AssetDatabase.PrefabAsset:Load (System.Collections.Generic.HashSet`1<Colossal.IO.AssetDatabase.PrefabAsset>)
0x0000022fcccb40b3 (Mono JIT Code) Colossal.IO.AssetDatabase.PrefabAsset:Load ()
0x0000022fcccb2fb3 (Mono JIT Code) Game.SceneFlow.GameManager/<>c__DisplayClass106_3:<RegisterPdxSdk>g__OnEntryIsInActivePlaysetChanged|16 (Colossal.Hash128,bool)
0x00000230abd4b75a (Mono JIT Code) Colossal.IO.AssetDatabase.ParadoxModsDataSource/<OnActivePlaysetChanged>d__24:MoveNext ()
0x0000023042b2f312 (Mono JIT Code) System.Runtime.CompilerServices.AsyncMethodBuilderCore/MoveNextRunner:InvokeMoveNext (object)
0x0000023041222aae (Mono JIT Code) System.Threading.ExecutionContext:RunInternal (System.Threading.ExecutionContext,System.Threading.ContextCallback,object,bool)
0x00000230412223db (Mono JIT Code) System.Threading.ExecutionContext:Run (System.Threading.ExecutionContext,System.Threading.ContextCallback,object,bool)
0x0000023042b2f1cb (Mono JIT Code) System.Runtime.CompilerServices.AsyncMethodBuilderCore/MoveNextRunner:Run ()
0x0000023044ff6cca (Mono JIT Code) System.Threading.Tasks.AwaitTaskContinuation:InvokeAction (object)
0x0000023042b32175 (Mono JIT Code) System.Threading.Tasks.AwaitTaskContinuation:RunCallback (System.Threading.ContextCallback,object,System.Threading.Tasks.Task&)
0x0000023042b31fd3 (Mono JIT Code) System.Threading.Tasks.SynchronizationContextAwaitTaskContinuation:Run (System.Threading.Tasks.Task,bool)
0x0000023042b2ded7 (Mono JIT Code) System.Threading.Tasks.Task:FinishContinuations ()
0x0000023042b2da73 (Mono JIT Code) System.Threading.Tasks.Task:FinishStageThree ()
0x0000023042b2d853 (Mono JIT Code) System.Threading.Tasks.Task`1<System.Threading.Tasks.VoidTaskResult>:TrySetResult (System.Threading.Tasks.VoidTaskResult)
0x0000023042b31083 (Mono JIT Code) System.Runtime.CompilerServices.AsyncTaskMethodBuilder`1<System.Threading.Tasks.VoidTaskResult>:SetResult (System.Threading.Tasks.VoidTaskResult)
0x0000023042b216b3 (Mono JIT Code) System.Runtime.CompilerServices.AsyncTaskMethodBuilder`1<System.Threading.Tasks.VoidTaskResult>:SetResult (System.Threading.Tasks.Task`1<System.Threading.Tasks.VoidTaskResult>)
0x0000023042b2160b (Mono JIT Code) System.Runtime.CompilerServices.AsyncTaskMethodBuilder:SetResult ()
0x00000230abd4cbeb (Mono JIT Code) Game.Threading.UnityTask/<WaitForGPUFrame>d__2:MoveNext ()
0x0000023042b2f312 (Mono JIT Code) System.Runtime.CompilerServices.AsyncMethodBuilderCore/MoveNextRunner:InvokeMoveNext (object)
0x0000023041222aae (Mono JIT Code) System.Threading.ExecutionContext:RunInternal (System.Threading.ExecutionContext,System.Threading.ContextCallback,object,bool)
0x00000230412223db (Mono JIT Code) System.Threading.ExecutionContext:Run (System.Threading.ExecutionContext,System.Threading.ContextCallback,object,bool)
0x0000023042b2f1cb (Mono JIT Code) System.Runtime.CompilerServices.AsyncMethodBuilderCore/MoveNextRunner:Run ()
0x0000023044ff6cca (Mono JIT Code) System.Threading.Tasks.AwaitTaskContinuation:InvokeAction (object)
0x0000023042b32175 (Mono JIT Code) System.Threading.Tasks.AwaitTaskContinuation:RunCallback (System.Threading.ContextCallback,object,System.Threading.Tasks.Task&)
0x0000023042b31fd3 (Mono JIT Code) System.Threading.Tasks.SynchronizationContextAwaitTaskContinuation:Run (System.Threading.Tasks.Task,bool)
0x0000023042b2ded7 (Mono JIT Code) System.Threading.Tasks.Task:FinishContinuations ()
0x0000023042b2da73 (Mono JIT Code) System.Threading.Tasks.Task:FinishStageThree ()
0x0000022fc4b750e3 (Mono JIT Code) System.Threading.Tasks.Task`1<bool>:TrySetResult (bool)
0x0000022fc4b74f93 (Mono JIT Code) System.Threading.Tasks.TaskCompletionSource`1<bool>:TrySetResult (bool)
0x0000022fc4b8c0d3 (Mono JIT Code) System.Threading.Tasks.TaskCompletionSource`1<bool>:SetResult (bool)
0x00000230abd4dbcb (Mono JIT Code) Game.Threading.UnityTask/<>c__DisplayClass2_0:<WaitForGPUFrame>b__0 (UnityEngine.Rendering.AsyncGPUReadbackRequest)
0x0000022fc4b70554 (Mono JIT Code) (wrapper runtime-invoke) <Module>:runtime_invoke_void__this___AsyncGPUReadbackRequest (object,intptr,intptr,intptr)
0x00007ff810874b7e (mono-2.0-bdwgc) mono_jit_set_domain
0x00007ff8107ad204 (mono-2.0-bdwgc) mono_object_get_virtual_method
0x00007ff8107ad37c (mono-2.0-bdwgc) mono_runtime_invoke
0x00007ffff8ce1288 (UnityPlayer) 
0x00007ffff8ce173b (UnityPlayer) 
0x00007ffff8dcf778 (UnityPlayer) 
0x00007ffff8dcf964 (UnityPlayer) 
0x00007ffff8dcfe82 (UnityPlayer) 
0x00007ffff90233db (UnityPlayer) 
0x00007ffff9025dab (UnityPlayer) 
0x00007ffff902910b (UnityPlayer) 
0x00007ffff90293ab (UnityPlayer) UnityMain
0x00007ff7fb0611f6 (Cities2) 
0x00007ff96a6ae8d7 (KERNEL32) BaseThreadInitThunk
0x00007ff96bb4c53c (ntdll) RtlUserThreadStart

[FileSystem] [WARN]  Lost serialization data for entry "m_FireHazardModifier" of type "FloatingPoint" in node "" because a serialized member of that name could not be found in type Game.Prefabs.ZoneProperties.
0x00007ffff922350d (UnityPlayer) UnityMain
0x00007ffff9223288 (UnityPlayer) UnityMain
0x00007ffff9209cd9 (UnityPlayer) UnityMain
0x00007ffff98a9e51 (UnityPlayer) UnityMain
0x00007ffff888b105 (UnityPlayer) 
0x0000023042b80f33 (Mono JIT Code) (wrapper managed-to-native) UnityEngine.DebugLogHandler:Internal_Log (UnityEngine.LogType,UnityEngine.LogOption,string,UnityEngine.Object)
0x0000023042b80e4b (Mono JIT Code) UnityEngine.DebugLogHandler:LogFormat (UnityEngine.LogType,UnityEngine.Object,string,object[])
0x0000023041124a6a (Mono JIT Code) Colossal.Logging.CustomLogHandler:PostProcessFormat (UnityEngine.LogType,Colossal.Logging.Level,UnityEngine.Object,string,Colossal.Logging.ILog,System.Exception)
0x00000230411241ab (Mono JIT Code) Colossal.Logging.CustomLogHandler:LogFormat (UnityEngine.LogType,UnityEngine.Object,string,object[])
0x0000023041123e71 (Mono JIT Code) UnityEngine.Logger:LogFormat (UnityEngine.LogType,string,object[])
0x000002304112382d (Mono JIT Code) Colossal.Logging.UnityLogger:Log (Colossal.Logging.Level,string,System.Exception)
0x00000230c50e9263 (Mono JIT Code) Colossal.Logging.UnityLogger:Warn (object)
0x00000230c50e91e3 (Mono JIT Code) Colossal.IO.AssetDatabase.PrefabAsset/OdinLogger:LogWarning (string)
0x00000230c50e8fd1 (Mono JIT Code) Colossal.OdinSerializer.DebugContext:LogWarning (string)
0x00000230c509120b (Mono JIT Code) Colossal.OdinSerializer.ReflectionFormatter`1<T_REF>:DeserializeImplementation (T_REF&,Colossal.OdinSerializer.IDataReader)
0x00000230c508e5e1 (Mono JIT Code) Colossal.OdinSerializer.BaseFormatter`1<T_REF>:Deserialize (Colossal.OdinSerializer.IDataReader)
0x00000230c508e173 (Mono JIT Code) Colossal.OdinSerializer.BaseFormatter`1<T_REF>:Colossal.OdinSerializer.IFormatter.Deserialize (Colossal.OdinSerializer.IDataReader)
0x00000230c509be55 (Mono JIT Code) Colossal.OdinSerializer.ComplexTypeSerializer`1<T_REF>:ReadValue (Colossal.OdinSerializer.IDataReader)
0x00000230c509831e (Mono JIT Code) Colossal.OdinSerializer.ListFormatter`1<T_REF>:DeserializeImplementation (System.Collections.Generic.List`1<T_REF>&,Colossal.OdinSerializer.IDataReader)
0x00000230c508e5e1 (Mono JIT Code) Colossal.OdinSerializer.BaseFormatter`1<T_REF>:Deserialize (Colossal.OdinSerializer.IDataReader)
0x00000230c508e173 (Mono JIT Code) Colossal.OdinSerializer.BaseFormatter`1<T_REF>:Colossal.OdinSerializer.IFormatter.Deserialize (Colossal.OdinSerializer.IDataReader)
0x00000230abde49a5 (Mono JIT Code) Colossal.OdinSerializer.AnySerializer:ReadValueWeak (Colossal.OdinSerializer.IDataReader)
0x00000230c5091263 (Mono JIT Code) Colossal.OdinSerializer.ReflectionFormatter`1<T_REF>:DeserializeImplementation (T_REF&,Colossal.OdinSerializer.IDataReader)
0x00000230c508e5e1 (Mono JIT Code) Colossal.OdinSerializer.BaseFormatter`1<T_REF>:Deserialize (Colossal.OdinSerializer.IDataReader)
0x00000230c508e173 (Mono JIT Code) Colossal.OdinSerializer.BaseFormatter`1<T_REF>:Colossal.OdinSerializer.IFormatter.Deserialize (Colossal.OdinSerializer.IDataReader)
0x00000230abde4185 (Mono JIT Code) Colossal.OdinSerializer.AnySerializer:ReadValueWeak (Colossal.OdinSerializer.IDataReader)
0x0000022fcccbea90 (Mono JIT Code) Colossal.OdinSerializer.SerializationUtility:DeserializeValueWeak (Colossal.OdinSerializer.IDataReader)
0x0000022fcccba163 (Mono JIT Code) Colossal.OdinSerializer.SerializationUtility:DeserializeValueWeak (System.IO.Stream,Colossal.OdinSerializer.DataFormat,Colossal.OdinSerializer.DeserializationContext)
0x0000022fcccb48a3 (Mono JIT Code) Colossal.IO.AssetDatabase.PrefabAsset:Load (System.Collections.Generic.HashSet`1<Colossal.IO.AssetDatabase.PrefabAsset>)
0x0000022fcccb40b3 (Mono JIT Code) Colossal.IO.AssetDatabase.PrefabAsset:Load ()
0x0000022fcccb2fb3 (Mono JIT Code) Game.SceneFlow.GameManager/<>c__DisplayClass106_3:<RegisterPdxSdk>g__OnEntryIsInActivePlaysetChanged|16 (Colossal.Hash128,bool)
0x00000230abd4b75a (Mono JIT Code) Colossal.IO.AssetDatabase.ParadoxModsDataSource/<OnActivePlaysetChanged>d__24:MoveNext ()
0x0000023042b2f312 (Mono JIT Code) System.Runtime.CompilerServices.AsyncMethodBuilderCore/MoveNextRunner:InvokeMoveNext (object)
0x0000023041222aae (Mono JIT Code) System.Threading.ExecutionContext:RunInternal (System.Threading.ExecutionContext,System.Threading.ContextCallback,object,bool)
0x00000230412223db (Mono JIT Code) System.Threading.ExecutionContext:Run (System.Threading.ExecutionContext,System.Threading.ContextCallback,object,bool)
0x0000023042b2f1cb (Mono JIT Code) System.Runtime.CompilerServices.AsyncMethodBuilderCore/MoveNextRunner:Run ()
0x0000023044ff6cca (Mono JIT Code) System.Threading.Tasks.AwaitTaskContinuation:InvokeAction (object)
0x0000023042b32175 (Mono JIT Code) System.Threading.Tasks.AwaitTaskContinuation:RunCallback (System.Threading.ContextCallback,object,System.Threading.Tasks.Task&)
0x0000023042b31fd3 (Mono JIT Code) System.Threading.Tasks.SynchronizationContextAwaitTaskContinuation:Run (System.Threading.Tasks.Task,bool)
0x0000023042b2ded7 (Mono JIT Code) System.Threading.Tasks.Task:FinishContinuations ()
0x0000023042b2da73 (Mono JIT Code) System.Threading.Tasks.Task:FinishStageThree ()
0x0000023042b2d853 (Mono JIT Code) System.Threading.Tasks.Task`1<System.Threading.Tasks.VoidTaskResult>:TrySetResult (System.Threading.Tasks.VoidTaskResult)
0x0000023042b31083 (Mono JIT Code) System.Runtime.CompilerServices.AsyncTaskMethodBuilder`1<System.Threading.Tasks.VoidTaskResult>:SetResult (System.Threading.Tasks.VoidTaskResult)
0x0000023042b216b3 (Mono JIT Code) System.Runtime.CompilerServices.AsyncTaskMethodBuilder`1<System.Threading.Tasks.VoidTaskResult>:SetResult (System.Threading.Tasks.Task`1<System.Threading.Tasks.VoidTaskResult>)
0x0000023042b2160b (Mono JIT Code) System.Runtime.CompilerServices.AsyncTaskMethodBuilder:SetResult ()
0x00000230abd4cbeb (Mono JIT Code) Game.Threading.UnityTask/<WaitForGPUFrame>d__2:MoveNext ()
0x0000023042b2f312 (Mono JIT Code) System.Runtime.CompilerServices.AsyncMethodBuilderCore/MoveNextRunner:InvokeMoveNext (object)
0x0000023041222aae (Mono JIT Code) System.Threading.ExecutionContext:RunInternal (System.Threading.ExecutionContext,System.Threading.ContextCallback,object,bool)
0x00000230412223db (Mono JIT Code) System.Threading.ExecutionContext:Run (System.Threading.ExecutionContext,System.Threading.ContextCallback,object,bool)
0x0000023042b2f1cb (Mono JIT Code) System.Runtime.CompilerServices.AsyncMethodBuilderCore/MoveNextRunner:Run ()
0x0000023044ff6cca (Mono JIT Code) System.Threading.Tasks.AwaitTaskContinuation:InvokeAction (object)
0x0000023042b32175 (Mono JIT Code) System.Threading.Tasks.AwaitTaskContinuation:RunCallback (System.Threading.ContextCallback,object,System.Threading.Tasks.Task&)
0x0000023042b31fd3 (Mono JIT Code) System.Threading.Tasks.SynchronizationContextAwaitTaskContinuation:Run (System.Threading.Tasks.Task,bool)
0x0000023042b2ded7 (Mono JIT Code) System.Threading.Tasks.Task:FinishContinuations ()
0x0000023042b2da73 (Mono JIT Code) System.Threading.Tasks.Task:FinishStageThree ()
0x0000022fc4b750e3 (Mono JIT Code) System.Threading.Tasks.Task`1<bool>:TrySetResult (bool)
0x0000022fc4b74f93 (Mono JIT Code) System.Threading.Tasks.TaskCompletionSource`1<bool>:TrySetResult (bool)
0x0000022fc4b8c0d3 (Mono JIT Code) System.Threading.Tasks.TaskCompletionSource`1<bool>:SetResult (bool)
0x00000230abd4dbcb (Mono JIT Code) Game.Threading.UnityTask/<>c__DisplayClass2_0:<WaitForGPUFrame>b__0 (UnityEngine.Rendering.AsyncGPUReadbackRequest)
0x0000022fc4b70554 (Mono JIT Code) (wrapper runtime-invoke) <Module>:runtime_invoke_void__this___AsyncGPUReadbackRequest (object,intptr,intptr,intptr)
0x00007ff810874b7e (mono-2.0-bdwgc) mono_jit_set_domain
0x00007ff8107ad204 (mono-2.0-bdwgc) mono_object_get_virtual_method
0x00007ff8107ad37c (mono-2.0-bdwgc) mono_runtime_invoke
0x00007ffff8ce1288 (UnityPlayer) 
0x00007ffff8ce173b (UnityPlayer) 
0x00007ffff8dcf778 (UnityPlayer) 
0x00007ffff8dcf964 (UnityPlayer) 
0x00007ffff8dcfe82 (UnityPlayer) 
0x00007ffff90233db (UnityPlayer) 
0x00007ffff9025dab (UnityPlayer) 
0x00007ffff902910b (UnityPlayer) 
0x00007ffff90293ab (UnityPlayer) UnityMain
0x00007ff7fb0611f6 (Cities2) 
0x00007ff96a6ae8d7 (KERNEL32) BaseThreadInitThunk
0x00007ff96bb4c53c (ntdll) RtlUserThreadStart

[FileSystem] [WARN]  Lost serialization data for entry "m_FireHazardModifier" of type "FloatingPoint" in node "" because a serialized member of that name could not be found in type Game.Prefabs.ZoneProperties.
0x00007ffff922350d (UnityPlayer) UnityMain
0x00007ffff9223288 (UnityPlayer) UnityMain
0x00007ffff9209cd9 (UnityPlayer) UnityMain
0x00007ffff98a9e51 (UnityPlayer) UnityMain
0x00007ffff888b105 (UnityPlayer) 
0x0000023042b80f33 (Mono JIT Code) (wrapper managed-to-native) UnityEngine.DebugLogHandler:Internal_Log (UnityEngine.LogType,UnityEngine.LogOption,string,UnityEngine.Object)
0x0000023042b80e4b (Mono JIT Code) UnityEngine.DebugLogHandler:LogFormat (UnityEngine.LogType,UnityEngine.Object,string,object[])
0x0000023041124a6a (Mono JIT Code) Colossal.Logging.CustomLogHandler:PostProcessFormat (UnityEngine.LogType,Colossal.Logging.Level,UnityEngine.Object,string,Colossal.Logging.ILog,System.Exception)
0x00000230411241ab (Mono JIT Code) Colossal.Logging.CustomLogHandler:LogFormat (UnityEngine.LogType,UnityEngine.Object,string,object[])
0x0000023041123e71 (Mono JIT Code) UnityEngine.Logger:LogFormat (UnityEngine.LogType,string,object[])
0x000002304112382d (Mono JIT Code) Colossal.Logging.UnityLogger:Log (Colossal.Logging.Level,string,System.Exception)
0x00000230c50e9263 (Mono JIT Code) Colossal.Logging.UnityLogger:Warn (object)
0x00000230c50e91e3 (Mono JIT Code) Colossal.IO.AssetDatabase.PrefabAsset/OdinLogger:LogWarning (string)
0x00000230c50e8fd1 (Mono JIT Code) Colossal.OdinSerializer.DebugContext:LogWarning (string)
0x00000230c509120b (Mono JIT Code) Colossal.OdinSerializer.ReflectionFormatter`1<T_REF>:DeserializeImplementation (T_REF&,Colossal.OdinSerializer.IDataReader)
0x00000230c508e5e1 (Mono JIT Code) Colossal.OdinSerializer.BaseFormatter`1<T_REF>:Deserialize (Colossal.OdinSerializer.IDataReader)
0x00000230c508e173 (Mono JIT Code) Colossal.OdinSerializer.BaseFormatter`1<T_REF>:Colossal.OdinSerializer.IFormatter.Deserialize (Colossal.OdinSerializer.IDataReader)
0x00000230c509be55 (Mono JIT Code) Colossal.OdinSerializer.ComplexTypeSerializer`1<T_REF>:ReadValue (Colossal.OdinSerializer.IDataReader)
0x00000230c509831e (Mono JIT Code) Colossal.OdinSerializer.ListFormatter`1<T_REF>:DeserializeImplementation (System.Collections.Generic.List`1<T_REF>&,Colossal.OdinSerializer.IDataReader)
0x00000230c508e5e1 (Mono JIT Code) Colossal.OdinSerializer.BaseFormatter`1<T_REF>:Deserialize (Colossal.OdinSerializer.IDataReader)
0x00000230c508e173 (Mono JIT Code) Colossal.OdinSerializer.BaseFormatter`1<T_REF>:Colossal.OdinSerializer.IFormatter.Deserialize (Colossal.OdinSerializer.IDataReader)
0x00000230abde49a5 (Mono JIT Code) Colossal.OdinSerializer.AnySerializer:ReadValueWeak (Colossal.OdinSerializer.IDataReader)
0x00000230c5091263 (Mono JIT Code) Colossal.OdinSerializer.ReflectionFormatter`1<T_REF>:DeserializeImplementation (T_REF&,Colossal.OdinSerializer.IDataReader)
0x00000230c508e5e1 (Mono JIT Code) Colossal.OdinSerializer.BaseFormatter`1<T_REF>:Deserialize (Colossal.OdinSerializer.IDataReader)
0x00000230c508e173 (Mono JIT Code) Colossal.OdinSerializer.BaseFormatter`1<T_REF>:Colossal.OdinSerializer.IFormatter.Deserialize (Colossal.OdinSerializer.IDataReader)
0x00000230abde4185 (Mono JIT Code) Colossal.OdinSerializer.AnySerializer:ReadValueWeak (Colossal.OdinSerializer.IDataReader)
0x0000022fcccbea90 (Mono JIT Code) Colossal.OdinSerializer.SerializationUtility:DeserializeValueWeak (Colossal.OdinSerializer.IDataReader)
0x0000022fcccba163 (Mono JIT Code) Colossal.OdinSerializer.SerializationUtility:DeserializeValueWeak (System.IO.Stream,Colossal.OdinSerializer.DataFormat,Colossal.OdinSerializer.DeserializationContext)
0x0000022fcccb48a3 (Mono JIT Code) Colossal.IO.AssetDatabase.PrefabAsset:Load (System.Collections.Generic.HashSet`1<Colossal.IO.AssetDatabase.PrefabAsset>)
0x0000022fcccb40b3 (Mono JIT Code) Colossal.IO.AssetDatabase.PrefabAsset:Load ()
0x0000022fcccb2fb3 (Mono JIT Code) Game.SceneFlow.GameManager/<>c__DisplayClass106_3:<RegisterPdxSdk>g__OnEntryIsInActivePlaysetChanged|16 (Colossal.Hash128,bool)
0x00000230abd4b75a (Mono JIT Code) Colossal.IO.AssetDatabase.ParadoxModsDataSource/<OnActivePlaysetChanged>d__24:MoveNext ()
0x0000023042b2f312 (Mono JIT Code) System.Runtime.CompilerServices.AsyncMethodBuilderCore/MoveNextRunner:InvokeMoveNext (object)
0x0000023041222aae (Mono JIT Code) System.Threading.ExecutionContext:RunInternal (System.Threading.ExecutionContext,System.Threading.ContextCallback,object,bool)
0x00000230412223db (Mono JIT Code) System.Threading.ExecutionContext:Run (System.Threading.ExecutionContext,System.Threading.ContextCallback,object,bool)
0x0000023042b2f1cb (Mono JIT Code) System.Runtime.CompilerServices.AsyncMethodBuilderCore/MoveNextRunner:Run ()
0x0000023044ff6cca (Mono JIT Code) System.Threading.Tasks.AwaitTaskContinuation:InvokeAction (object)
0x0000023042b32175 (Mono JIT Code) System.Threading.Tasks.AwaitTaskContinuation:RunCallback (System.Threading.ContextCallback,object,System.Threading.Tasks.Task&)
0x0000023042b31fd3 (Mono JIT Code) System.Threading.Tasks.SynchronizationContextAwaitTaskContinuation:Run (System.Threading.Tasks.Task,bool)
0x0000023042b2ded7 (Mono JIT Code) System.Threading.Tasks.Task:FinishContinuations ()
0x0000023042b2da73 (Mono JIT Code) System.Threading.Tasks.Task:FinishStageThree ()
0x0000023042b2d853 (Mono JIT Code) System.Threading.Tasks.Task`1<System.Threading.Tasks.VoidTaskResult>:TrySetResult (System.Threading.Tasks.VoidTaskResult)
0x0000023042b31083 (Mono JIT Code) System.Runtime.CompilerServices.AsyncTaskMethodBuilder`1<System.Threading.Tasks.VoidTaskResult>:SetResult (System.Threading.Tasks.VoidTaskResult)
0x0000023042b216b3 (Mono JIT Code) System.Runtime.CompilerServices.AsyncTaskMethodBuilder`1<System.Threading.Tasks.VoidTaskResult>:SetResult (System.Threading.Tasks.Task`1<System.Threading.Tasks.VoidTaskResult>)
0x0000023042b2160b (Mono JIT Code) System.Runtime.CompilerServices.AsyncTaskMethodBuilder:SetResult ()
0x00000230abd4cbeb (Mono JIT Code) Game.Threading.UnityTask/<WaitForGPUFrame>d__2:MoveNext ()
0x0000023042b2f312 (Mono JIT Code) System.Runtime.CompilerServices.AsyncMethodBuilderCore/MoveNextRunner:InvokeMoveNext (object)
0x0000023041222aae (Mono JIT Code) System.Threading.ExecutionContext:RunInternal (System.Threading.ExecutionContext,System.Threading.ContextCallback,object,bool)
0x00000230412223db (Mono JIT Code) System.Threading.ExecutionContext:Run (System.Threading.ExecutionContext,System.Threading.ContextCallback,object,bool)
0x0000023042b2f1cb (Mono JIT Code) System.Runtime.CompilerServices.AsyncMethodBuilderCore/MoveNextRunner:Run ()
0x0000023044ff6cca (Mono JIT Code) System.Threading.Tasks.AwaitTaskContinuation:InvokeAction (object)
0x0000023042b32175 (Mono JIT Code) System.Threading.Tasks.AwaitTaskContinuation:RunCallback (System.Threading.ContextCallback,object,System.Threading.Tasks.Task&)
0x0000023042b31fd3 (Mono JIT Code) System.Threading.Tasks.SynchronizationContextAwaitTaskContinuation:Run (System.Threading.Tasks.Task,bool)
0x0000023042b2ded7 (Mono JIT Code) System.Threading.Tasks.Task:FinishContinuations ()
0x0000023042b2da73 (Mono JIT Code) System.Threading.Tasks.Task:FinishStageThree ()
0x0000022fc4b750e3 (Mono JIT Code) System.Threading.Tasks.Task`1<bool>:TrySetResult (bool)
0x0000022fc4b74f93 (Mono JIT Code) System.Threading.Tasks.TaskCompletionSource`1<bool>:TrySetResult (bool)
0x0000022fc4b8c0d3 (Mono JIT Code) System.Threading.Tasks.TaskCompletionSource`1<bool>:SetResult (bool)
0x00000230abd4dbcb (Mono JIT Code) Game.Threading.UnityTask/<>c__DisplayClass2_0:<WaitForGPUFrame>b__0 (UnityEngine.Rendering.AsyncGPUReadbackRequest)
0x0000022fc4b70554 (Mono JIT Code) (wrapper runtime-invoke) <Module>:runtime_invoke_void__this___AsyncGPUReadbackRequest (object,intptr,intptr,intptr)
0x00007ff810874b7e (mono-2.0-bdwgc) mono_jit_set_domain
0x00007ff8107ad204 (mono-2.0-bdwgc) mono_object_get_virtual_method
0x00007ff8107ad37c (mono-2.0-bdwgc) mono_runtime_invoke
0x00007ffff8ce1288 (UnityPlayer) 
0x00007ffff8ce173b (UnityPlayer) 
0x00007ffff8dcf778 (UnityPlayer) 
0x00007ffff8dcf964 (UnityPlayer) 
0x00007ffff8dcfe82 (UnityPlayer) 
0x00007ffff90233db (UnityPlayer) 
0x00007ffff9025dab (UnityPlayer) 
0x00007ffff902910b (UnityPlayer) 
0x00007ffff90293ab (UnityPlayer) UnityMain
0x00007ff7fb0611f6 (Cities2) 
0x00007ff96a6ae8d7 (KERNEL32) BaseThreadInitThunk
0x00007ff96bb4c53c (ntdll) RtlUserThreadStart

[FileSystem] [WARN]  Lost serialization data for entry "m_FireHazardModifier" of type "FloatingPoint" in node "" because a serialized member of that name could not be found in type Game.Prefabs.ZoneProperties.
0x00007ffff922350d (UnityPlayer) UnityMain
0x00007ffff9223288 (UnityPlayer) UnityMain
0x00007ffff9209cd9 (UnityPlayer) UnityMain
0x00007ffff98a9e51 (UnityPlayer) UnityMain
0x00007ffff888b105 (UnityPlayer) 
0x0000023042b80f33 (Mono JIT Code) (wrapper managed-to-native) UnityEngine.DebugLogHandler:Internal_Log (UnityEngine.LogType,UnityEngine.LogOption,string,UnityEngine.Object)
0x0000023042b80e4b (Mono JIT Code) UnityEngine.DebugLogHandler:LogFormat (UnityEngine.LogType,UnityEngine.Object,string,object[])
0x0000023041124a6a (Mono JIT Code) Colossal.Logging.CustomLogHandler:PostProcessFormat (UnityEngine.LogType,Colossal.Logging.Level,UnityEngine.Object,string,Colossal.Logging.ILog,System.Exception)
0x00000230411241ab (Mono JIT Code) Colossal.Logging.CustomLogHandler:LogFormat (UnityEngine.LogType,UnityEngine.Object,string,object[])
0x0000023041123e71 (Mono JIT Code) UnityEngine.Logger:LogFormat (UnityEngine.LogType,string,object[])
0x000002304112382d (Mono JIT Code) Colossal.Logging.UnityLogger:Log (Colossal.Logging.Level,string,System.Exception)
0x00000230c50e9263 (Mono JIT Code) Colossal.Logging.UnityLogger:Warn (object)
0x00000230c50e91e3 (Mono JIT Code) Colossal.IO.AssetDatabase.PrefabAsset/OdinLogger:LogWarning (string)
0x00000230c50e8fd1 (Mono JIT Code) Colossal.OdinSerializer.DebugContext:LogWarning (string)
0x00000230c509120b (Mono JIT Code) Colossal.OdinSerializer.ReflectionFormatter`1<T_REF>:DeserializeImplementation (T_REF&,Colossal.OdinSerializer.IDataReader)
0x00000230c508e5e1 (Mono JIT Code) Colossal.OdinSerializer.BaseFormatter`1<T_REF>:Deserialize (Colossal.OdinSerializer.IDataReader)
0x00000230c508e173 (Mono JIT Code) Colossal.OdinSerializer.BaseFormatter`1<T_REF>:Colossal.OdinSerializer.IFormatter.Deserialize (Colossal.OdinSerializer.IDataReader)
0x00000230c509be55 (Mono JIT Code) Colossal.OdinSerializer.ComplexTypeSerializer`1<T_REF>:ReadValue (Colossal.OdinSerializer.IDataReader)
0x00000230c509831e (Mono JIT Code) Colossal.OdinSerializer.ListFormatter`1<T_REF>:DeserializeImplementation (System.Collections.Generic.List`1<T_REF>&,Colossal.OdinSerializer.IDataReader)
0x00000230c508e5e1 (Mono JIT Code) Colossal.OdinSerializer.BaseFormatter`1<T_REF>:Deserialize (Colossal.OdinSerializer.IDataReader)
0x00000230c508e173 (Mono JIT Code) Colossal.OdinSerializer.BaseFormatter`1<T_REF>:Colossal.OdinSerializer.IFormatter.Deserialize (Colossal.OdinSerializer.IDataReader)
0x00000230abde49a5 (Mono JIT Code) Colossal.OdinSerializer.AnySerializer:ReadValueWeak (Colossal.OdinSerializer.IDataReader)
0x00000230c5091263 (Mono JIT Code) Colossal.OdinSerializer.ReflectionFormatter`1<T_REF>:DeserializeImplementation (T_REF&,Colossal.OdinSerializer.IDataReader)
0x00000230c508e5e1 (Mono JIT Code) Colossal.OdinSerializer.BaseFormatter`1<T_REF>:Deserialize (Colossal.OdinSerializer.IDataReader)
0x00000230c508e173 (Mono JIT Code) Colossal.OdinSerializer.BaseFormatter`1<T_REF>:Colossal.OdinSerializer.IFormatter.Deserialize (Colossal.OdinSerializer.IDataReader)
0x00000230abde4185 (Mono JIT Code) Colossal.OdinSerializer.AnySerializer:ReadValueWeak (Colossal.OdinSerializer.IDataReader)
0x0000022fcccbea90 (Mono JIT Code) Colossal.OdinSerializer.SerializationUtility:DeserializeValueWeak (Colossal.OdinSerializer.IDataReader)
0x0000022fcccba163 (Mono JIT Code) Colossal.OdinSerializer.SerializationUtility:DeserializeValueWeak (System.IO.Stream,Colossal.OdinSerializer.DataFormat,Colossal.OdinSerializer.DeserializationContext)
0x0000022fcccb48a3 (Mono JIT Code) Colossal.IO.AssetDatabase.PrefabAsset:Load (System.Collections.Generic.HashSet`1<Colossal.IO.AssetDatabase.PrefabAsset>)
0x0000022fcccb40b3 (Mono JIT Code) Colossal.IO.AssetDatabase.PrefabAsset:Load ()
0x0000022fcccb2fb3 (Mono JIT Code) Game.SceneFlow.GameManager/<>c__DisplayClass106_3:<RegisterPdxSdk>g__OnEntryIsInActivePlaysetChanged|16 (Colossal.Hash128,bool)
0x00000230abd4b75a (Mono JIT Code) Colossal.IO.AssetDatabase.ParadoxModsDataSource/<OnActivePlaysetChanged>d__24:MoveNext ()
0x0000023042b2f312 (Mono JIT Code) System.Runtime.CompilerServices.AsyncMethodBuilderCore/MoveNextRunner:InvokeMoveNext (object)
0x0000023041222aae (Mono JIT Code) System.Threading.ExecutionContext:RunInternal (System.Threading.ExecutionContext,System.Threading.ContextCallback,object,bool)
0x00000230412223db (Mono JIT Code) System.Threading.ExecutionContext:Run (System.Threading.ExecutionContext,System.Threading.ContextCallback,object,bool)
0x0000023042b2f1cb (Mono JIT Code) System.Runtime.CompilerServices.AsyncMethodBuilderCore/MoveNextRunner:Run ()
0x0000023044ff6cca (Mono JIT Code) System.Threading.Tasks.AwaitTaskContinuation:InvokeAction (object)
0x0000023042b32175 (Mono JIT Code) System.Threading.Tasks.AwaitTaskContinuation:RunCallback (System.Threading.ContextCallback,object,System.Threading.Tasks.Task&)
0x0000023042b31fd3 (Mono JIT Code) System.Threading.Tasks.SynchronizationContextAwaitTaskContinuation:Run (System.Threading.Tasks.Task,bool)
0x0000023042b2ded7 (Mono JIT Code) System.Threading.Tasks.Task:FinishContinuations ()
0x0000023042b2da73 (Mono JIT Code) System.Threading.Tasks.Task:FinishStageThree ()
0x0000023042b2d853 (Mono JIT Code) System.Threading.Tasks.Task`1<System.Threading.Tasks.VoidTaskResult>:TrySetResult (System.Threading.Tasks.VoidTaskResult)
0x0000023042b31083 (Mono JIT Code) System.Runtime.CompilerServices.AsyncTaskMethodBuilder`1<System.Threading.Tasks.VoidTaskResult>:SetResult (System.Threading.Tasks.VoidTaskResult)
0x0000023042b216b3 (Mono JIT Code) System.Runtime.CompilerServices.AsyncTaskMethodBuilder`1<System.Threading.Tasks.VoidTaskResult>:SetResult (System.Threading.Tasks.Task`1<System.Threading.Tasks.VoidTaskResult>)
0x0000023042b2160b (Mono JIT Code) System.Runtime.CompilerServices.AsyncTaskMethodBuilder:SetResult ()
0x00000230abd4cbeb (Mono JIT Code) Game.Threading.UnityTask/<WaitForGPUFrame>d__2:MoveNext ()
0x0000023042b2f312 (Mono JIT Code) System.Runtime.CompilerServices.AsyncMethodBuilderCore/MoveNextRunner:InvokeMoveNext (object)
0x0000023041222aae (Mono JIT Code) System.Threading.ExecutionContext:RunInternal (System.Threading.ExecutionContext,System.Threading.ContextCallback,object,bool)
0x00000230412223db (Mono JIT Code) System.Threading.ExecutionContext:Run (System.Threading.ExecutionContext,System.Threading.ContextCallback,object,bool)
0x0000023042b2f1cb (Mono JIT Code) System.Runtime.CompilerServices.AsyncMethodBuilderCore/MoveNextRunner:Run ()
0x0000023044ff6cca (Mono JIT Code) System.Threading.Tasks.AwaitTaskContinuation:InvokeAction (object)
0x0000023042b32175 (Mono JIT Code) System.Threading.Tasks.AwaitTaskContinuation:RunCallback (System.Threading.ContextCallback,object,System.Threading.Tasks.Task&)
0x0000023042b31fd3 (Mono JIT Code) System.Threading.Tasks.SynchronizationContextAwaitTaskContinuation:Run (System.Threading.Tasks.Task,bool)
0x0000023042b2ded7 (Mono JIT Code) System.Threading.Tasks.Task:FinishContinuations ()
0x0000023042b2da73 (Mono JIT Code) System.Threading.Tasks.Task:FinishStageThree ()
0x0000022fc4b750e3 (Mono JIT Code) System.Threading.Tasks.Task`1<bool>:TrySetResult (bool)
0x0000022fc4b74f93 (Mono JIT Code) System.Threading.Tasks.TaskCompletionSource`1<bool>:TrySetResult (bool)
0x0000022fc4b8c0d3 (Mono JIT Code) System.Threading.Tasks.TaskCompletionSource`1<bool>:SetResult (bool)
0x00000230abd4dbcb (Mono JIT Code) Game.Threading.UnityTask/<>c__DisplayClass2_0:<WaitForGPUFrame>b__0 (UnityEngine.Rendering.AsyncGPUReadbackRequest)
0x0000022fc4b70554 (Mono JIT Code) (wrapper runtime-invoke) <Module>:runtime_invoke_void__this___AsyncGPUReadbackRequest (object,intptr,intptr,intptr)
0x00007ff810874b7e (mono-2.0-bdwgc) mono_jit_set_domain
0x00007ff8107ad204 (mono-2.0-bdwgc) mono_object_get_virtual_method
0x00007ff8107ad37c (mono-2.0-bdwgc) mono_runtime_invoke
0x00007ffff8ce1288 (UnityPlayer) 
0x00007ffff8ce173b (UnityPlayer) 
0x00007ffff8dcf778 (UnityPlayer) 
0x00007ffff8dcf964 (UnityPlayer) 
0x00007ffff8dcfe82 (UnityPlayer) 
0x00007ffff90233db (UnityPlayer) 
0x00007ffff9025dab (UnityPlayer) 
0x00007ffff902910b (UnityPlayer) 
0x00007ffff90293ab (UnityPlayer) UnityMain
0x00007ff7fb0611f6 (Cities2) 
0x00007ff96a6ae8d7 (KERNEL32) BaseThreadInitThunk
0x00007ff96bb4c53c (ntdll) RtlUserThreadStart

[FileSystem] [WARN]  Lost serialization data for entry "m_FireHazardModifier" of type "FloatingPoint" in node "" because a serialized member of that name could not be found in type Game.Prefabs.ZoneProperties.
0x00007ffff922350d (UnityPlayer) UnityMain
0x00007ffff9223288 (UnityPlayer) UnityMain
0x00007ffff9209cd9 (UnityPlayer) UnityMain
0x00007ffff98a9e51 (UnityPlayer) UnityMain
0x00007ffff888b105 (UnityPlayer) 
0x0000023042b80f33 (Mono JIT Code) (wrapper managed-to-native) UnityEngine.DebugLogHandler:Internal_Log (UnityEngine.LogType,UnityEngine.LogOption,string,UnityEngine.Object)
0x0000023042b80e4b (Mono JIT Code) UnityEngine.DebugLogHandler:LogFormat (UnityEngine.LogType,UnityEngine.Object,string,object[])
0x0000023041124a6a (Mono JIT Code) Colossal.Logging.CustomLogHandler:PostProcessFormat (UnityEngine.LogType,Colossal.Logging.Level,UnityEngine.Object,string,Colossal.Logging.ILog,System.Exception)
0x00000230411241ab (Mono JIT Code) Colossal.Logging.CustomLogHandler:LogFormat (UnityEngine.LogType,UnityEngine.Object,string,object[])
0x0000023041123e71 (Mono JIT Code) UnityEngine.Logger:LogFormat (UnityEngine.LogType,string,object[])
0x000002304112382d (Mono JIT Code) Colossal.Logging.UnityLogger:Log (Colossal.Logging.Level,string,System.Exception)
0x00000230c50e9263 (Mono JIT Code) Colossal.Logging.UnityLogger:Warn (object)
0x00000230c50e91e3 (Mono JIT Code) Colossal.IO.AssetDatabase.PrefabAsset/OdinLogger:LogWarning (string)
0x00000230c50e8fd1 (Mono JIT Code) Colossal.OdinSerializer.DebugContext:LogWarning (string)
0x00000230c509120b (Mono JIT Code) Colossal.OdinSerializer.ReflectionFormatter`1<T_REF>:DeserializeImplementation (T_REF&,Colossal.OdinSerializer.IDataReader)
0x00000230c508e5e1 (Mono JIT Code) Colossal.OdinSerializer.BaseFormatter`1<T_REF>:Deserialize (Colossal.OdinSerializer.IDataReader)
0x00000230c508e173 (Mono JIT Code) Colossal.OdinSerializer.BaseFormatter`1<T_REF>:Colossal.OdinSerializer.IFormatter.Deserialize (Colossal.OdinSerializer.IDataReader)
0x00000230c509be55 (Mono JIT Code) Colossal.OdinSerializer.ComplexTypeSerializer`1<T_REF>:ReadValue (Colossal.OdinSerializer.IDataReader)
0x00000230c509831e (Mono JIT Code) Colossal.OdinSerializer.ListFormatter`1<T_REF>:DeserializeImplementation (System.Collections.Generic.List`1<T_REF>&,Colossal.OdinSerializer.IDataReader)
0x00000230c508e5e1 (Mono JIT Code) Colossal.OdinSerializer.BaseFormatter`1<T_REF>:Deserialize (Colossal.OdinSerializer.IDataReader)
0x00000230c508e173 (Mono JIT Code) Colossal.OdinSerializer.BaseFormatter`1<T_REF>:Colossal.OdinSerializer.IFormatter.Deserialize (Colossal.OdinSerializer.IDataReader)
0x00000230abde49a5 (Mono JIT Code) Colossal.OdinSerializer.AnySerializer:ReadValueWeak (Colossal.OdinSerializer.IDataReader)
0x00000230c5091263 (Mono JIT Code) Colossal.OdinSerializer.ReflectionFormatter`1<T_REF>:DeserializeImplementation (T_REF&,Colossal.OdinSerializer.IDataReader)
0x00000230c508e5e1 (Mono JIT Code) Colossal.OdinSerializer.BaseFormatter`1<T_REF>:Deserialize (Colossal.OdinSerializer.IDataReader)
0x00000230c508e173 (Mono JIT Code) Colossal.OdinSerializer.BaseFormatter`1<T_REF>:Colossal.OdinSerializer.IFormatter.Deserialize (Colossal.OdinSerializer.IDataReader)
0x00000230abde4185 (Mono JIT Code) Colossal.OdinSerializer.AnySerializer:ReadValueWeak (Colossal.OdinSerializer.IDataReader)
0x0000022fcccbea90 (Mono JIT Code) Colossal.OdinSerializer.SerializationUtility:DeserializeValueWeak (Colossal.OdinSerializer.IDataReader)
0x0000022fcccba163 (Mono JIT Code) Colossal.OdinSerializer.SerializationUtility:DeserializeValueWeak (System.IO.Stream,Colossal.OdinSerializer.DataFormat,Colossal.OdinSerializer.DeserializationContext)
0x0000022fcccb48a3 (Mono JIT Code) Colossal.IO.AssetDatabase.PrefabAsset:Load (System.Collections.Generic.HashSet`1<Colossal.IO.AssetDatabase.PrefabAsset>)
0x0000022fcccb40b3 (Mono JIT Code) Colossal.IO.AssetDatabase.PrefabAsset:Load ()
0x0000022fcccb2fb3 (Mono JIT Code) Game.SceneFlow.GameManager/<>c__DisplayClass106_3:<RegisterPdxSdk>g__OnEntryIsInActivePlaysetChanged|16 (Colossal.Hash128,bool)
0x00000230abd4b75a (Mono JIT Code) Colossal.IO.AssetDatabase.ParadoxModsDataSource/<OnActivePlaysetChanged>d__24:MoveNext ()
0x0000023042b2f312 (Mono JIT Code) System.Runtime.CompilerServices.AsyncMethodBuilderCore/MoveNextRunner:InvokeMoveNext (object)
0x0000023041222aae (Mono JIT Code) System.Threading.ExecutionContext:RunInternal (System.Threading.ExecutionContext,System.Threading.ContextCallback,object,bool)
0x00000230412223db (Mono JIT Code) System.Threading.ExecutionContext:Run (System.Threading.ExecutionContext,System.Threading.ContextCallback,object,bool)
0x0000023042b2f1cb (Mono JIT Code) System.Runtime.CompilerServices.AsyncMethodBuilderCore/MoveNextRunner:Run ()
0x0000023044ff6cca (Mono JIT Code) System.Threading.Tasks.AwaitTaskContinuation:InvokeAction (object)
0x0000023042b32175 (Mono JIT Code) System.Threading.Tasks.AwaitTaskContinuation:RunCallback (System.Threading.ContextCallback,object,System.Threading.Tasks.Task&)
0x0000023042b31fd3 (Mono JIT Code) System.Threading.Tasks.SynchronizationContextAwaitTaskContinuation:Run (System.Threading.Tasks.Task,bool)
0x0000023042b2ded7 (Mono JIT Code) System.Threading.Tasks.Task:FinishContinuations ()
0x0000023042b2da73 (Mono JIT Code) System.Threading.Tasks.Task:FinishStageThree ()
0x0000023042b2d853 (Mono JIT Code) System.Threading.Tasks.Task`1<System.Threading.Tasks.VoidTaskResult>:TrySetResult (System.Threading.Tasks.VoidTaskResult)
0x0000023042b31083 (Mono JIT Code) System.Runtime.CompilerServices.AsyncTaskMethodBuilder`1<System.Threading.Tasks.VoidTaskResult>:SetResult (System.Threading.Tasks.VoidTaskResult)
0x0000023042b216b3 (Mono JIT Code) System.Runtime.CompilerServices.AsyncTaskMethodBuilder`1<System.Threading.Tasks.VoidTaskResult>:SetResult (System.Threading.Tasks.Task`1<System.Threading.Tasks.VoidTaskResult>)
0x0000023042b2160b (Mono JIT Code) System.Runtime.CompilerServices.AsyncTaskMethodBuilder:SetResult ()
0x00000230abd4cbeb (Mono JIT Code) Game.Threading.UnityTask/<WaitForGPUFrame>d__2:MoveNext ()
0x0000023042b2f312 (Mono JIT Code) System.Runtime.CompilerServices.AsyncMethodBuilderCore/MoveNextRunner:InvokeMoveNext (object)
0x0000023041222aae (Mono JIT Code) System.Threading.ExecutionContext:RunInternal (System.Threading.ExecutionContext,System.Threading.ContextCallback,object,bool)
0x00000230412223db (Mono JIT Code) System.Threading.ExecutionContext:Run (System.Threading.ExecutionContext,System.Threading.ContextCallback,object,bool)
0x0000023042b2f1cb (Mono JIT Code) System.Runtime.CompilerServices.AsyncMethodBuilderCore/MoveNextRunner:Run ()
0x0000023044ff6cca (Mono JIT Code) System.Threading.Tasks.AwaitTaskContinuation:InvokeAction (object)
0x0000023042b32175 (Mono JIT Code) System.Threading.Tasks.AwaitTaskContinuation:RunCallback (System.Threading.ContextCallback,object,System.Threading.Tasks.Task&)
0x0000023042b31fd3 (Mono JIT Code) System.Threading.Tasks.SynchronizationContextAwaitTaskContinuation:Run (System.Threading.Tasks.Task,bool)
0x0000023042b2ded7 (Mono JIT Code) System.Threading.Tasks.Task:FinishContinuations ()
0x0000023042b2da73 (Mono JIT Code) System.Threading.Tasks.Task:FinishStageThree ()
0x0000022fc4b750e3 (Mono JIT Code) System.Threading.Tasks.Task`1<bool>:TrySetResult (bool)
0x0000022fc4b74f93 (Mono JIT Code) System.Threading.Tasks.TaskCompletionSource`1<bool>:TrySetResult (bool)
0x0000022fc4b8c0d3 (Mono JIT Code) System.Threading.Tasks.TaskCompletionSource`1<bool>:SetResult (bool)
0x00000230abd4dbcb (Mono JIT Code) Game.Threading.UnityTask/<>c__DisplayClass2_0:<WaitForGPUFrame>b__0 (UnityEngine.Rendering.AsyncGPUReadbackRequest)
0x0000022fc4b70554 (Mono JIT Code) (wrapper runtime-invoke) <Module>:runtime_invoke_void__this___AsyncGPUReadbackRequest (object,intptr,intptr,intptr)
0x00007ff810874b7e (mono-2.0-bdwgc) mono_jit_set_domain
0x00007ff8107ad204 (mono-2.0-bdwgc) mono_object_get_virtual_method
0x00007ff8107ad37c (mono-2.0-bdwgc) mono_runtime_invoke
0x00007ffff8ce1288 (UnityPlayer) 
0x00007ffff8ce173b (UnityPlayer) 
0x00007ffff8dcf778 (UnityPlayer) 
0x00007ffff8dcf964 (UnityPlayer) 
0x00007ffff8dcfe82 (UnityPlayer) 
0x00007ffff90233db (UnityPlayer) 
0x00007ffff9025dab (UnityPlayer) 
0x00007ffff902910b (UnityPlayer) 
0x00007ffff90293ab (UnityPlayer) UnityMain
0x00007ff7fb0611f6 (Cities2) 
0x00007ff96a6ae8d7 (KERNEL32) BaseThreadInitThunk
0x00007ff96bb4c53c (ntdll) RtlUserThreadStart

[SceneFlow] [WARN]  Duplicate prefab ID: BuildingExtensionPrefab:Police Headquarters 01 Helipad (USNE_PoliceHQ01_Ext01 (PrefabAsset:d007f5cfdca5c20cfd6c14b97d780896 [assetdb://paradoxmods/mods_subscribed/101948_1/USA%20Northeast%20Pack.cok@USNE_PoliceHQ01_Ext01.Prefab]))
0x00007ffff922350d (UnityPlayer) UnityMain
0x00007ffff9223288 (UnityPlayer) UnityMain
0x00007ffff9209cd9 (UnityPlayer) UnityMain
0x00007ffff98a9e51 (UnityPlayer) UnityMain
0x00007ffff888b105 (UnityPlayer) 
0x0000023042b80f33 (Mono JIT Code) (wrapper managed-to-native) UnityEngine.DebugLogHandler:Internal_Log (UnityEngine.LogType,UnityEngine.LogOption,string,UnityEngine.Object)
0x0000023042b80e4b (Mono JIT Code) UnityEngine.DebugLogHandler:LogFormat (UnityEngine.LogType,UnityEngine.Object,string,object[])
0x0000023041124a6a (Mono JIT Code) Colossal.Logging.CustomLogHandler:PostProcessFormat (UnityEngine.LogType,Colossal.Logging.Level,UnityEngine.Object,string,Colossal.Logging.ILog,System.Exception)
0x00000230411241ab (Mono JIT Code) Colossal.Logging.CustomLogHandler:LogFormat (UnityEngine.LogType,UnityEngine.Object,string,object[])
0x00000230c50f1712 (Mono JIT Code) UnityEngine.Logger:LogFormat (UnityEngine.LogType,UnityEngine.Object,string,object[])
0x00000230c50f1686 (Mono JIT Code) Colossal.Logging.UnityLogger:Log (Colossal.Logging.Level,string,System.Exception,UnityEngine.Object)
0x00000230c50f14d3 (Mono JIT Code) Colossal.Logging.UnityLogger:WarnFormat (UnityEngine.Object,string,object,object)
0x00000230abb27e98 (Mono JIT Code) Game.Prefabs.PrefabSystem:AddPrefab (Game.Prefabs.PrefabBase,string,Game.Prefabs.PrefabBase,Game.Prefabs.ComponentBase)
0x0000022fcccb3023 (Mono JIT Code) Game.SceneFlow.GameManager/<>c__DisplayClass106_3:<RegisterPdxSdk>g__OnEntryIsInActivePlaysetChanged|16 (Colossal.Hash128,bool)
0x00000230abd4b75a (Mono JIT Code) Colossal.IO.AssetDatabase.ParadoxModsDataSource/<OnActivePlaysetChanged>d__24:MoveNext ()
0x0000023042b2f312 (Mono JIT Code) System.Runtime.CompilerServices.AsyncMethodBuilderCore/MoveNextRunner:InvokeMoveNext (object)
0x0000023041222aae (Mono JIT Code) System.Threading.ExecutionContext:RunInternal (System.Threading.ExecutionContext,System.Threading.ContextCallback,object,bool)
0x00000230412223db (Mono JIT Code) System.Threading.ExecutionContext:Run (System.Threading.ExecutionContext,System.Threading.ContextCallback,object,bool)
0x0000023042b2f1cb (Mono JIT Code) System.Runtime.CompilerServices.AsyncMethodBuilderCore/MoveNextRunner:Run ()
0x0000023044ff6cca (Mono JIT Code) System.Threading.Tasks.AwaitTaskContinuation:InvokeAction (object)
0x0000023042b32175 (Mono JIT Code) System.Threading.Tasks.AwaitTaskContinuation:RunCallback (System.Threading.ContextCallback,object,System.Threading.Tasks.Task&)
0x0000023042b31fd3 (Mono JIT Code) System.Threading.Tasks.SynchronizationContextAwaitTaskContinuation:Run (System.Threading.Tasks.Task,bool)
0x0000023042b2ded7 (Mono JIT Code) System.Threading.Tasks.Task:FinishContinuations ()
0x0000023042b2da73 (Mono JIT Code) System.Threading.Tasks.Task:FinishStageThree ()
0x0000023042b2d853 (Mono JIT Code) System.Threading.Tasks.Task`1<System.Threading.Tasks.VoidTaskResult>:TrySetResult (System.Threading.Tasks.VoidTaskResult)
0x0000023042b31083 (Mono JIT Code) System.Runtime.CompilerServices.AsyncTaskMethodBuilder`1<System.Threading.Tasks.VoidTaskResult>:SetResult (System.Threading.Tasks.VoidTaskResult)
0x0000023042b216b3 (Mono JIT Code) System.Runtime.CompilerServices.AsyncTaskMethodBuilder`1<System.Threading.Tasks.VoidTaskResult>:SetResult (System.Threading.Tasks.Task`1<System.Threading.Tasks.VoidTaskResult>)
0x0000023042b2160b (Mono JIT Code) System.Runtime.CompilerServices.AsyncTaskMethodBuilder:SetResult ()
0x00000230abd4cbeb (Mono JIT Code) Game.Threading.UnityTask/<WaitForGPUFrame>d__2:MoveNext ()
0x0000023042b2f312 (Mono JIT Code) System.Runtime.CompilerServices.AsyncMethodBuilderCore/MoveNextRunner:InvokeMoveNext (object)
0x0000023041222aae (Mono JIT Code) System.Threading.ExecutionContext:RunInternal (System.Threading.ExecutionContext,System.Threading.ContextCallback,object,bool)
0x00000230412223db (Mono JIT Code) System.Threading.ExecutionContext:Run (System.Threading.ExecutionContext,System.Threading.ContextCallback,object,bool)
0x0000023042b2f1cb (Mono JIT Code) System.Runtime.CompilerServices.AsyncMethodBuilderCore/MoveNextRunner:Run ()
0x0000023044ff6cca (Mono JIT Code) System.Threading.Tasks.AwaitTaskContinuation:InvokeAction (object)
0x0000023042b32175 (Mono JIT Code) System.Threading.Tasks.AwaitTaskContinuation:RunCallback (System.Threading.ContextCallback,object,System.Threading.Tasks.Task&)
0x0000023042b31fd3 (Mono JIT Code) System.Threading.Tasks.SynchronizationContextAwaitTaskContinuation:Run (System.Threading.Tasks.Task,bool)
0x0000023042b2ded7 (Mono JIT Code) System.Threading.Tasks.Task:FinishContinuations ()
0x0000023042b2da73 (Mono JIT Code) System.Threading.Tasks.Task:FinishStageThree ()
0x0000022fc4b750e3 (Mono JIT Code) System.Threading.Tasks.Task`1<bool>:TrySetResult (bool)
0x0000022fc4b74f93 (Mono JIT Code) System.Threading.Tasks.TaskCompletionSource`1<bool>:TrySetResult (bool)
0x0000022fc4b8c0d3 (Mono JIT Code) System.Threading.Tasks.TaskCompletionSource`1<bool>:SetResult (bool)
0x00000230abd4dbcb (Mono JIT Code) Game.Threading.UnityTask/<>c__DisplayClass2_0:<WaitForGPUFrame>b__0 (UnityEngine.Rendering.AsyncGPUReadbackRequest)
0x0000022fc4b70554 (Mono JIT Code) (wrapper runtime-invoke) <Module>:runtime_invoke_void__this___AsyncGPUReadbackRequest (object,intptr,intptr,intptr)
0x00007ff810874b7e (mono-2.0-bdwgc) mono_jit_set_domain
0x00007ff8107ad204 (mono-2.0-bdwgc) mono_object_get_virtual_method
0x00007ff8107ad37c (mono-2.0-bdwgc) mono_runtime_invoke
0x00007ffff8ce1288 (UnityPlayer) 
0x00007ffff8ce173b (UnityPlayer) 
0x00007ffff8dcf778 (UnityPlayer) 
0x00007ffff8dcf964 (UnityPlayer) 
0x00007ffff8dcfe82 (UnityPlayer) 
0x00007ffff90233db (UnityPlayer) 
0x00007ffff9025dab (UnityPlayer) 
0x00007ffff902910b (UnityPlayer) 
0x00007ffff90293ab (UnityPlayer) UnityMain
0x00007ff7fb0611f6 (Cities2) 
0x00007ff96a6ae8d7 (KERNEL32) BaseThreadInitThunk
0x00007ff96bb4c53c (ntdll) RtlUserThreadStart

[SceneFlow] [WARN]  Duplicate prefab ID: BuildingPrefab:Fire Station 01 Helipad (USNE_FireHQ01_Ext01 (PrefabAsset:2a473239f092e2186472af6b0bf3807c [assetdb://paradoxmods/mods_subscribed/101948_1/USA%20Northeast%20Pack.cok@USNE_FireHQ01_Ext01.Prefab]))
0x00007ffff922350d (UnityPlayer) UnityMain
0x00007ffff9223288 (UnityPlayer) UnityMain
0x00007ffff9209cd9 (UnityPlayer) UnityMain
0x00007ffff98a9e51 (UnityPlayer) UnityMain
0x00007ffff888b105 (UnityPlayer) 
0x0000023042b80f33 (Mono JIT Code) (wrapper managed-to-native) UnityEngine.DebugLogHandler:Internal_Log (UnityEngine.LogType,UnityEngine.LogOption,string,UnityEngine.Object)
0x0000023042b80e4b (Mono JIT Code) UnityEngine.DebugLogHandler:LogFormat (UnityEngine.LogType,UnityEngine.Object,string,object[])
0x0000023041124a6a (Mono JIT Code) Colossal.Logging.CustomLogHandler:PostProcessFormat (UnityEngine.LogType,Colossal.Logging.Level,UnityEngine.Object,string,Colossal.Logging.ILog,System.Exception)
0x00000230411241ab (Mono JIT Code) Colossal.Logging.CustomLogHandler:LogFormat (UnityEngine.LogType,UnityEngine.Object,string,object[])
0x00000230c50f1712 (Mono JIT Code) UnityEngine.Logger:LogFormat (UnityEngine.LogType,UnityEngine.Object,string,object[])
0x00000230c50f1686 (Mono JIT Code) Colossal.Logging.UnityLogger:Log (Colossal.Logging.Level,string,System.Exception,UnityEngine.Object)
0x00000230c50f14d3 (Mono JIT Code) Colossal.Logging.UnityLogger:WarnFormat (UnityEngine.Object,string,object,object)
0x00000230abb27e98 (Mono JIT Code) Game.Prefabs.PrefabSystem:AddPrefab (Game.Prefabs.PrefabBase,string,Game.Prefabs.PrefabBase,Game.Prefabs.ComponentBase)
0x0000022fcccb3023 (Mono JIT Code) Game.SceneFlow.GameManager/<>c__DisplayClass106_3:<RegisterPdxSdk>g__OnEntryIsInActivePlaysetChanged|16 (Colossal.Hash128,bool)
0x00000230abd4b75a (Mono JIT Code) Colossal.IO.AssetDatabase.ParadoxModsDataSource/<OnActivePlaysetChanged>d__24:MoveNext ()
0x0000023042b2f312 (Mono JIT Code) System.Runtime.CompilerServices.AsyncMethodBuilderCore/MoveNextRunner:InvokeMoveNext (object)
0x0000023041222aae (Mono JIT Code) System.Threading.ExecutionContext:RunInternal (System.Threading.ExecutionContext,System.Threading.ContextCallback,object,bool)
0x00000230412223db (Mono JIT Code) System.Threading.ExecutionContext:Run (System.Threading.ExecutionContext,System.Threading.ContextCallback,object,bool)
0x0000023042b2f1cb (Mono JIT Code) System.Runtime.CompilerServices.AsyncMethodBuilderCore/MoveNextRunner:Run ()
0x0000023044ff6cca (Mono JIT Code) System.Threading.Tasks.AwaitTaskContinuation:InvokeAction (object)
0x0000023042b32175 (Mono JIT Code) System.Threading.Tasks.AwaitTaskContinuation:RunCallback (System.Threading.ContextCallback,object,System.Threading.Tasks.Task&)
0x0000023042b31fd3 (Mono JIT Code) System.Threading.Tasks.SynchronizationContextAwaitTaskContinuation:Run (System.Threading.Tasks.Task,bool)
0x0000023042b2ded7 (Mono JIT Code) System.Threading.Tasks.Task:FinishContinuations ()
0x0000023042b2da73 (Mono JIT Code) System.Threading.Tasks.Task:FinishStageThree ()
0x0000023042b2d853 (Mono JIT Code) System.Threading.Tasks.Task`1<System.Threading.Tasks.VoidTaskResult>:TrySetResult (System.Threading.Tasks.VoidTaskResult)
0x0000023042b31083 (Mono JIT Code) System.Runtime.CompilerServices.AsyncTaskMethodBuilder`1<System.Threading.Tasks.VoidTaskResult>:SetResult (System.Threading.Tasks.VoidTaskResult)
0x0000023042b216b3 (Mono JIT Code) System.Runtime.CompilerServices.AsyncTaskMethodBuilder`1<System.Threading.Tasks.VoidTaskResult>:SetResult (System.Threading.Tasks.Task`1<System.Threading.Tasks.VoidTaskResult>)
0x0000023042b2160b (Mono JIT Code) System.Runtime.CompilerServices.AsyncTaskMethodBuilder:SetResult ()
0x00000230abd4cbeb (Mono JIT Code) Game.Threading.UnityTask/<WaitForGPUFrame>d__2:MoveNext ()
0x0000023042b2f312 (Mono JIT Code) System.Runtime.CompilerServices.AsyncMethodBuilderCore/MoveNextRunner:InvokeMoveNext (object)
0x0000023041222aae (Mono JIT Code) System.Threading.ExecutionContext:RunInternal (System.Threading.ExecutionContext,System.Threading.ContextCallback,object,bool)
0x00000230412223db (Mono JIT Code) System.Threading.ExecutionContext:Run (System.Threading.ExecutionContext,System.Threading.ContextCallback,object,bool)
0x0000023042b2f1cb (Mono JIT Code) System.Runtime.CompilerServices.AsyncMethodBuilderCore/MoveNextRunner:Run ()
0x0000023044ff6cca (Mono JIT Code) System.Threading.Tasks.AwaitTaskContinuation:InvokeAction (object)
0x0000023042b32175 (Mono JIT Code) System.Threading.Tasks.AwaitTaskContinuation:RunCallback (System.Threading.ContextCallback,object,System.Threading.Tasks.Task&)
0x0000023042b31fd3 (Mono JIT Code) System.Threading.Tasks.SynchronizationContextAwaitTaskContinuation:Run (System.Threading.Tasks.Task,bool)
0x0000023042b2ded7 (Mono JIT Code) System.Threading.Tasks.Task:FinishContinuations ()
0x0000023042b2da73 (Mono JIT Code) System.Threading.Tasks.Task:FinishStageThree ()
0x0000022fc4b750e3 (Mono JIT Code) System.Threading.Tasks.Task`1<bool>:TrySetResult (bool)
0x0000022fc4b74f93 (Mono JIT Code) System.Threading.Tasks.TaskCompletionSource`1<bool>:TrySetResult (bool)
0x0000022fc4b8c0d3 (Mono JIT Code) System.Threading.Tasks.TaskCompletionSource`1<bool>:SetResult (bool)
0x00000230abd4dbcb (Mono JIT Code) Game.Threading.UnityTask/<>c__DisplayClass2_0:<WaitForGPUFrame>b__0 (UnityEngine.Rendering.AsyncGPUReadbackRequest)
0x0000022fc4b70554 (Mono JIT Code) (wrapper runtime-invoke) <Module>:runtime_invoke_void__this___AsyncGPUReadbackRequest (object,intptr,intptr,intptr)
0x00007ff810874b7e (mono-2.0-bdwgc) mono_jit_set_domain
0x00007ff8107ad204 (mono-2.0-bdwgc) mono_object_get_virtual_method
0x00007ff8107ad37c (mono-2.0-bdwgc) mono_runtime_invoke
0x00007ffff8ce1288 (UnityPlayer) 
0x00007ffff8ce173b (UnityPlayer) 
0x00007ffff8dcf778 (UnityPlayer) 
0x00007ffff8dcf964 (UnityPlayer) 
0x00007ffff8dcfe82 (UnityPlayer) 
0x00007ffff90233db (UnityPlayer) 
0x00007ffff9025dab (UnityPlayer) 
0x00007ffff902910b (UnityPlayer) 
0x00007ffff90293ab (UnityPlayer) UnityMain
0x00007ff7fb0611f6 (Cities2) 
0x00007ff96a6ae8d7 (KERNEL32) BaseThreadInitThunk
0x00007ff96bb4c53c (ntdll) RtlUserThreadStart

[SceneFlow] [WARN]  Duplicate prefab ID: ClimatePrefab:ContinentalTampereClimate (copy)
0x00007ffff922350d (UnityPlayer) UnityMain
0x00007ffff9223288 (UnityPlayer) UnityMain
0x00007ffff9209cd9 (UnityPlayer) UnityMain
0x00007ffff98a9e51 (UnityPlayer) UnityMain
0x00007ffff888b105 (UnityPlayer) 
0x0000023042b80f33 (Mono JIT Code) (wrapper managed-to-native) UnityEngine.DebugLogHandler:Internal_Log (UnityEngine.LogType,UnityEngine.LogOption,string,UnityEngine.Object)
0x0000023042b80e4b (Mono JIT Code) UnityEngine.DebugLogHandler:LogFormat (UnityEngine.LogType,UnityEngine.Object,string,object[])
0x0000023041124a6a (Mono JIT Code) Colossal.Logging.CustomLogHandler:PostProcessFormat (UnityEngine.LogType,Colossal.Logging.Level,UnityEngine.Object,string,Colossal.Logging.ILog,System.Exception)
0x00000230411241ab (Mono JIT Code) Colossal.Logging.CustomLogHandler:LogFormat (UnityEngine.LogType,UnityEngine.Object,string,object[])
0x00000230c50f1712 (Mono JIT Code) UnityEngine.Logger:LogFormat (UnityEngine.LogType,UnityEngine.Object,string,object[])
0x00000230c50f1686 (Mono JIT Code) Colossal.Logging.UnityLogger:Log (Colossal.Logging.Level,string,System.Exception,UnityEngine.Object)
0x00000230c50f17c3 (Mono JIT Code) Colossal.Logging.UnityLogger:WarnFormat (UnityEngine.Object,string,object)
0x00000230abb27b2c (Mono JIT Code) Game.Prefabs.PrefabSystem:AddPrefab (Game.Prefabs.PrefabBase,string,Game.Prefabs.PrefabBase,Game.Prefabs.ComponentBase)
0x0000022fcccb3023 (Mono JIT Code) Game.SceneFlow.GameManager/<>c__DisplayClass106_3:<RegisterPdxSdk>g__OnEntryIsInActivePlaysetChanged|16 (Colossal.Hash128,bool)
0x00000230abd4b75a (Mono JIT Code) Colossal.IO.AssetDatabase.ParadoxModsDataSource/<OnActivePlaysetChanged>d__24:MoveNext ()
0x0000023042b2f312 (Mono JIT Code) System.Runtime.CompilerServices.AsyncMethodBuilderCore/MoveNextRunner:InvokeMoveNext (object)
0x0000023041222aae (Mono JIT Code) System.Threading.ExecutionContext:RunInternal (System.Threading.ExecutionContext,System.Threading.ContextCallback,object,bool)
0x00000230412223db (Mono JIT Code) System.Threading.ExecutionContext:Run (System.Threading.ExecutionContext,System.Threading.ContextCallback,object,bool)
0x0000023042b2f1cb (Mono JIT Code) System.Runtime.CompilerServices.AsyncMethodBuilderCore/MoveNextRunner:Run ()
0x0000023044ff6cca (Mono JIT Code) System.Threading.Tasks.AwaitTaskContinuation:InvokeAction (object)
0x0000023042b32175 (Mono JIT Code) System.Threading.Tasks.AwaitTaskContinuation:RunCallback (System.Threading.ContextCallback,object,System.Threading.Tasks.Task&)
0x0000023042b31fd3 (Mono JIT Code) System.Threading.Tasks.SynchronizationContextAwaitTaskContinuation:Run (System.Threading.Tasks.Task,bool)
0x0000023042b2ded7 (Mono JIT Code) System.Threading.Tasks.Task:FinishContinuations ()
0x0000023042b2da73 (Mono JIT Code) System.Threading.Tasks.Task:FinishStageThree ()
0x0000023042b2d853 (Mono JIT Code) System.Threading.Tasks.Task`1<System.Threading.Tasks.VoidTaskResult>:TrySetResult (System.Threading.Tasks.VoidTaskResult)
0x0000023042b31083 (Mono JIT Code) System.Runtime.CompilerServices.AsyncTaskMethodBuilder`1<System.Threading.Tasks.VoidTaskResult>:SetResult (System.Threading.Tasks.VoidTaskResult)
0x0000023042b216b3 (Mono JIT Code) System.Runtime.CompilerServices.AsyncTaskMethodBuilder`1<System.Threading.Tasks.VoidTaskResult>:SetResult (System.Threading.Tasks.Task`1<System.Threading.Tasks.VoidTaskResult>)
0x0000023042b2160b (Mono JIT Code) System.Runtime.CompilerServices.AsyncTaskMethodBuilder:SetResult ()
0x00000230abd4cbeb (Mono JIT Code) Game.Threading.UnityTask/<WaitForGPUFrame>d__2:MoveNext ()
0x0000023042b2f312 (Mono JIT Code) System.Runtime.CompilerServices.AsyncMethodBuilderCore/MoveNextRunner:InvokeMoveNext (object)
0x0000023041222aae (Mono JIT Code) System.Threading.ExecutionContext:RunInternal (System.Threading.ExecutionContext,System.Threading.ContextCallback,object,bool)
0x00000230412223db (Mono JIT Code) System.Threading.ExecutionContext:Run (System.Threading.ExecutionContext,System.Threading.ContextCallback,object,bool)
0x0000023042b2f1cb (Mono JIT Code) System.Runtime.CompilerServices.AsyncMethodBuilderCore/MoveNextRunner:Run ()
0x0000023044ff6cca (Mono JIT Code) System.Threading.Tasks.AwaitTaskContinuation:InvokeAction (object)
0x0000023042b32175 (Mono JIT Code) System.Threading.Tasks.AwaitTaskContinuation:RunCallback (System.Threading.ContextCallback,object,System.Threading.Tasks.Task&)
0x0000023042b31fd3 (Mono JIT Code) System.Threading.Tasks.SynchronizationContextAwaitTaskContinuation:Run (System.Threading.Tasks.Task,bool)
0x0000023042b2ded7 (Mono JIT Code) System.Threading.Tasks.Task:FinishContinuations ()
0x0000023042b2da73 (Mono JIT Code) System.Threading.Tasks.Task:FinishStageThree ()
0x0000022fc4b750e3 (Mono JIT Code) System.Threading.Tasks.Task`1<bool>:TrySetResult (bool)
0x0000022fc4b74f93 (Mono JIT Code) System.Threading.Tasks.TaskCompletionSource`1<bool>:TrySetResult (bool)
0x0000022fc4b8c0d3 (Mono JIT Code) System.Threading.Tasks.TaskCompletionSource`1<bool>:SetResult (bool)
0x00000230abd4dbcb (Mono JIT Code) Game.Threading.UnityTask/<>c__DisplayClass2_0:<WaitForGPUFrame>b__0 (UnityEngine.Rendering.AsyncGPUReadbackRequest)
0x0000022fc4b70554 (Mono JIT Code) (wrapper runtime-invoke) <Module>:runtime_invoke_void__this___AsyncGPUReadbackRequest (object,intptr,intptr,intptr)
0x00007ff810874b7e (mono-2.0-bdwgc) mono_jit_set_domain
0x00007ff8107ad204 (mono-2.0-bdwgc) mono_object_get_virtual_method
0x00007ff8107ad37c (mono-2.0-bdwgc) mono_runtime_invoke
0x00007ffff8ce1288 (UnityPlayer) 
0x00007ffff8ce173b (UnityPlayer) 
0x00007ffff8dcf778 (UnityPlayer) 
0x00007ffff8dcf964 (UnityPlayer) 
0x00007ffff8dcfe82 (UnityPlayer) 
0x00007ffff90233db (UnityPlayer) 
0x00007ffff9025dab (UnityPlayer) 
0x00007ffff902910b (UnityPlayer) 
0x00007ffff90293ab (UnityPlayer) UnityMain
0x00007ff7fb0611f6 (Cities2) 
0x00007ff96a6ae8d7 (KERNEL32) BaseThreadInitThunk
0x00007ff96bb4c53c (ntdll) RtlUserThreadStart

[FileSystem] [WARN]  Lost serialization data for entry "m_FireHazardModifier" of type "FloatingPoint" in node "" because a serialized member of that name could not be found in type Game.Prefabs.ZoneProperties.
0x00007ffff922350d (UnityPlayer) UnityMain
0x00007ffff9223288 (UnityPlayer) UnityMain
0x00007ffff9209cd9 (UnityPlayer) UnityMain
0x00007ffff98a9e51 (UnityPlayer) UnityMain
0x00007ffff888b105 (UnityPlayer) 
0x0000023042b80f33 (Mono JIT Code) (wrapper managed-to-native) UnityEngine.DebugLogHandler:Internal_Log (UnityEngine.LogType,UnityEngine.LogOption,string,UnityEngine.Object)
0x0000023042b80e4b (Mono JIT Code) UnityEngine.DebugLogHandler:LogFormat (UnityEngine.LogType,UnityEngine.Object,string,object[])
0x0000023041124a6a (Mono JIT Code) Colossal.Logging.CustomLogHandler:PostProcessFormat (UnityEngine.LogType,Colossal.Logging.Level,UnityEngine.Object,string,Colossal.Logging.ILog,System.Exception)
0x00000230411241ab (Mono JIT Code) Colossal.Logging.CustomLogHandler:LogFormat (UnityEngine.LogType,UnityEngine.Object,string,object[])
0x0000023041123e71 (Mono JIT Code) UnityEngine.Logger:LogFormat (UnityEngine.LogType,string,object[])
0x000002304112382d (Mono JIT Code) Colossal.Logging.UnityLogger:Log (Colossal.Logging.Level,string,System.Exception)
0x00000230c50e9263 (Mono JIT Code) Colossal.Logging.UnityLogger:Warn (object)
0x00000230c50e91e3 (Mono JIT Code) Colossal.IO.AssetDatabase.PrefabAsset/OdinLogger:LogWarning (string)
0x00000230c50e8fd1 (Mono JIT Code) Colossal.OdinSerializer.DebugContext:LogWarning (string)
0x00000230c509120b (Mono JIT Code) Colossal.OdinSerializer.ReflectionFormatter`1<T_REF>:DeserializeImplementation (T_REF&,Colossal.OdinSerializer.IDataReader)
0x00000230c508e5e1 (Mono JIT Code) Colossal.OdinSerializer.BaseFormatter`1<T_REF>:Deserialize (Colossal.OdinSerializer.IDataReader)
0x00000230c508e173 (Mono JIT Code) Colossal.OdinSerializer.BaseFormatter`1<T_REF>:Colossal.OdinSerializer.IFormatter.Deserialize (Colossal.OdinSerializer.IDataReader)
0x00000230c509be55 (Mono JIT Code) Colossal.OdinSerializer.ComplexTypeSerializer`1<T_REF>:ReadValue (Colossal.OdinSerializer.IDataReader)
0x00000230c509831e (Mono JIT Code) Colossal.OdinSerializer.ListFormatter`1<T_REF>:DeserializeImplementation (System.Collections.Generic.List`1<T_REF>&,Colossal.OdinSerializer.IDataReader)
0x00000230c508e5e1 (Mono JIT Code) Colossal.OdinSerializer.BaseFormatter`1<T_REF>:Deserialize (Colossal.OdinSerializer.IDataReader)
0x00000230c508e173 (Mono JIT Code) Colossal.OdinSerializer.BaseFormatter`1<T_REF>:Colossal.OdinSerializer.IFormatter.Deserialize (Colossal.OdinSerializer.IDataReader)
0x00000230abde49a5 (Mono JIT Code) Colossal.OdinSerializer.AnySerializer:ReadValueWeak (Colossal.OdinSerializer.IDataReader)
0x00000230c5091263 (Mono JIT Code) Colossal.OdinSerializer.ReflectionFormatter`1<T_REF>:DeserializeImplementation (T_REF&,Colossal.OdinSerializer.IDataReader)
0x00000230c508e5e1 (Mono JIT Code) Colossal.OdinSerializer.BaseFormatter`1<T_REF>:Deserialize (Colossal.OdinSerializer.IDataReader)
0x00000230c508e173 (Mono JIT Code) Colossal.OdinSerializer.BaseFormatter`1<T_REF>:Colossal.OdinSerializer.IFormatter.Deserialize (Colossal.OdinSerializer.IDataReader)
0x00000230abde4185 (Mono JIT Code) Colossal.OdinSerializer.AnySerializer:ReadValueWeak (Colossal.OdinSerializer.IDataReader)
0x0000022fcccbea90 (Mono JIT Code) Colossal.OdinSerializer.SerializationUtility:DeserializeValueWeak (Colossal.OdinSerializer.IDataReader)
0x0000022fcccba163 (Mono JIT Code) Colossal.OdinSerializer.SerializationUtility:DeserializeValueWeak (System.IO.Stream,Colossal.OdinSerializer.DataFormat,Colossal.OdinSerializer.DeserializationContext)
0x0000022fcccb48a3 (Mono JIT Code) Colossal.IO.AssetDatabase.PrefabAsset:Load (System.Collections.Generic.HashSet`1<Colossal.IO.AssetDatabase.PrefabAsset>)
0x0000022fcccb40b3 (Mono JIT Code) Colossal.IO.AssetDatabase.PrefabAsset:Load ()
0x0000022fcccb2fb3 (Mono JIT Code) Game.SceneFlow.GameManager/<>c__DisplayClass106_3:<RegisterPdxSdk>g__OnEntryIsInActivePlaysetChanged|16 (Colossal.Hash128,bool)
0x00000230abd4b75a (Mono JIT Code) Colossal.IO.AssetDatabase.ParadoxModsDataSource/<OnActivePlaysetChanged>d__24:MoveNext ()
0x0000023042b2f312 (Mono JIT Code) System.Runtime.CompilerServices.AsyncMethodBuilderCore/MoveNextRunner:InvokeMoveNext (object)
0x0000023041222aae (Mono JIT Code) System.Threading.ExecutionContext:RunInternal (System.Threading.ExecutionContext,System.Threading.ContextCallback,object,bool)
0x00000230412223db (Mono JIT Code) System.Threading.ExecutionContext:Run (System.Threading.ExecutionContext,System.Threading.ContextCallback,object,bool)
0x0000023042b2f1cb (Mono JIT Code) System.Runtime.CompilerServices.AsyncMethodBuilderCore/MoveNextRunner:Run ()
0x0000023044ff6cca (Mono JIT Code) System.Threading.Tasks.AwaitTaskContinuation:InvokeAction (object)
0x0000023042b32175 (Mono JIT Code) System.Threading.Tasks.AwaitTaskContinuation:RunCallback (System.Threading.ContextCallback,object,System.Threading.Tasks.Task&)
0x0000023042b31fd3 (Mono JIT Code) System.Threading.Tasks.SynchronizationContextAwaitTaskContinuation:Run (System.Threading.Tasks.Task,bool)
0x0000023042b2ded7 (Mono JIT Code) System.Threading.Tasks.Task:FinishContinuations ()
0x0000023042b2da73 (Mono JIT Code) System.Threading.Tasks.Task:FinishStageThree ()
0x0000023042b2d853 (Mono JIT Code) System.Threading.Tasks.Task`1<System.Threading.Tasks.VoidTaskResult>:TrySetResult (System.Threading.Tasks.VoidTaskResult)
0x0000023042b31083 (Mono JIT Code) System.Runtime.CompilerServices.AsyncTaskMethodBuilder`1<System.Threading.Tasks.VoidTaskResult>:SetResult (System.Threading.Tasks.VoidTaskResult)
0x0000023042b216b3 (Mono JIT Code) System.Runtime.CompilerServices.AsyncTaskMethodBuilder`1<System.Threading.Tasks.VoidTaskResult>:SetResult (System.Threading.Tasks.Task`1<System.Threading.Tasks.VoidTaskResult>)
0x0000023042b2160b (Mono JIT Code) System.Runtime.CompilerServices.AsyncTaskMethodBuilder:SetResult ()
0x00000230abd4cbeb (Mono JIT Code) Game.Threading.UnityTask/<WaitForGPUFrame>d__2:MoveNext ()
0x0000023042b2f312 (Mono JIT Code) System.Runtime.CompilerServices.AsyncMethodBuilderCore/MoveNextRunner:InvokeMoveNext (object)
0x0000023041222aae (Mono JIT Code) System.Threading.ExecutionContext:RunInternal (System.Threading.ExecutionContext,System.Threading.ContextCallback,object,bool)
0x00000230412223db (Mono JIT Code) System.Threading.ExecutionContext:Run (System.Threading.ExecutionContext,System.Threading.ContextCallback,object,bool)
0x0000023042b2f1cb (Mono JIT Code) System.Runtime.CompilerServices.AsyncMethodBuilderCore/MoveNextRunner:Run ()
0x0000023044ff6cca (Mono JIT Code) System.Threading.Tasks.AwaitTaskContinuation:InvokeAction (object)
0x0000023042b32175 (Mono JIT Code) System.Threading.Tasks.AwaitTaskContinuation:RunCallback (System.Threading.ContextCallback,object,System.Threading.Tasks.Task&)
0x0000023042b31fd3 (Mono JIT Code) System.Threading.Tasks.SynchronizationContextAwaitTaskContinuation:Run (System.Threading.Tasks.Task,bool)
0x0000023042b2ded7 (Mono JIT Code) System.Threading.Tasks.Task:FinishContinuations ()
0x0000023042b2da73 (Mono JIT Code) System.Threading.Tasks.Task:FinishStageThree ()
0x0000022fc4b750e3 (Mono JIT Code) System.Threading.Tasks.Task`1<bool>:TrySetResult (bool)
0x0000022fc4b74f93 (Mono JIT Code) System.Threading.Tasks.TaskCompletionSource`1<bool>:TrySetResult (bool)
0x0000022fc4b8c0d3 (Mono JIT Code) System.Threading.Tasks.TaskCompletionSource`1<bool>:SetResult (bool)
0x00000230abd4dbcb (Mono JIT Code) Game.Threading.UnityTask/<>c__DisplayClass2_0:<WaitForGPUFrame>b__0 (UnityEngine.Rendering.AsyncGPUReadbackRequest)
0x0000022fc4b70554 (Mono JIT Code) (wrapper runtime-invoke) <Module>:runtime_invoke_void__this___AsyncGPUReadbackRequest (object,intptr,intptr,intptr)
0x00007ff810874b7e (mono-2.0-bdwgc) mono_jit_set_domain
0x00007ff8107ad204 (mono-2.0-bdwgc) mono_object_get_virtual_method
0x00007ff8107ad37c (mono-2.0-bdwgc) mono_runtime_invoke
0x00007ffff8ce1288 (UnityPlayer) 
0x00007ffff8ce173b (UnityPlayer) 
0x00007ffff8dcf778 (UnityPlayer) 
0x00007ffff8dcf964 (UnityPlayer) 
0x00007ffff8dcfe82 (UnityPlayer) 
0x00007ffff90233db (UnityPlayer) 
0x00007ffff9025dab (UnityPlayer) 
0x00007ffff902910b (UnityPlayer) 
0x00007ffff90293ab (UnityPlayer) UnityMain
0x00007ff7fb0611f6 (Cities2) 
0x00007ff96a6ae8d7 (KERNEL32) BaseThreadInitThunk
0x00007ff96bb4c53c (ntdll) RtlUserThreadStart

[FileSystem] [WARN]  Lost serialization data for entry "m_FireHazardModifier" of type "FloatingPoint" in node "" because a serialized member of that name could not be found in type Game.Prefabs.ZoneProperties.
0x00007ffff922350d (UnityPlayer) UnityMain
0x00007ffff9223288 (UnityPlayer) UnityMain
0x00007ffff9209cd9 (UnityPlayer) UnityMain
0x00007ffff98a9e51 (UnityPlayer) UnityMain
0x00007ffff888b105 (UnityPlayer) 
0x0000023042b80f33 (Mono JIT Code) (wrapper managed-to-native) UnityEngine.DebugLogHandler:Internal_Log (UnityEngine.LogType,UnityEngine.LogOption,string,UnityEngine.Object)
0x0000023042b80e4b (Mono JIT Code) UnityEngine.DebugLogHandler:LogFormat (UnityEngine.LogType,UnityEngine.Object,string,object[])
0x0000023041124a6a (Mono JIT Code) Colossal.Logging.CustomLogHandler:PostProcessFormat (UnityEngine.LogType,Colossal.Logging.Level,UnityEngine.Object,string,Colossal.Logging.ILog,System.Exception)
0x00000230411241ab (Mono JIT Code) Colossal.Logging.CustomLogHandler:LogFormat (UnityEngine.LogType,UnityEngine.Object,string,object[])
0x0000023041123e71 (Mono JIT Code) UnityEngine.Logger:LogFormat (UnityEngine.LogType,string,object[])
0x000002304112382d (Mono JIT Code) Colossal.Logging.UnityLogger:Log (Colossal.Logging.Level,string,System.Exception)
0x00000230c50e9263 (Mono JIT Code) Colossal.Logging.UnityLogger:Warn (object)
0x00000230c50e91e3 (Mono JIT Code) Colossal.IO.AssetDatabase.PrefabAsset/OdinLogger:LogWarning (string)
0x00000230c50e8fd1 (Mono JIT Code) Colossal.OdinSerializer.DebugContext:LogWarning (string)
0x00000230c509120b (Mono JIT Code) Colossal.OdinSerializer.ReflectionFormatter`1<T_REF>:DeserializeImplementation (T_REF&,Colossal.OdinSerializer.IDataReader)
0x00000230c508e5e1 (Mono JIT Code) Colossal.OdinSerializer.BaseFormatter`1<T_REF>:Deserialize (Colossal.OdinSerializer.IDataReader)
0x00000230c508e173 (Mono JIT Code) Colossal.OdinSerializer.BaseFormatter`1<T_REF>:Colossal.OdinSerializer.IFormatter.Deserialize (Colossal.OdinSerializer.IDataReader)
0x00000230c509be55 (Mono JIT Code) Colossal.OdinSerializer.ComplexTypeSerializer`1<T_REF>:ReadValue (Colossal.OdinSerializer.IDataReader)
0x00000230c509831e (Mono JIT Code) Colossal.OdinSerializer.ListFormatter`1<T_REF>:DeserializeImplementation (System.Collections.Generic.List`1<T_REF>&,Colossal.OdinSerializer.IDataReader)
0x00000230c508e5e1 (Mono JIT Code) Colossal.OdinSerializer.BaseFormatter`1<T_REF>:Deserialize (Colossal.OdinSerializer.IDataReader)
0x00000230c508e173 (Mono JIT Code) Colossal.OdinSerializer.BaseFormatter`1<T_REF>:Colossal.OdinSerializer.IFormatter.Deserialize (Colossal.OdinSerializer.IDataReader)
0x00000230abde49a5 (Mono JIT Code) Colossal.OdinSerializer.AnySerializer:ReadValueWeak (Colossal.OdinSerializer.IDataReader)
0x00000230c5091263 (Mono JIT Code) Colossal.OdinSerializer.ReflectionFormatter`1<T_REF>:DeserializeImplementation (T_REF&,Colossal.OdinSerializer.IDataReader)
0x00000230c508e5e1 (Mono JIT Code) Colossal.OdinSerializer.BaseFormatter`1<T_REF>:Deserialize (Colossal.OdinSerializer.IDataReader)
0x00000230c508e173 (Mono JIT Code) Colossal.OdinSerializer.BaseFormatter`1<T_REF>:Colossal.OdinSerializer.IFormatter.Deserialize (Colossal.OdinSerializer.IDataReader)
0x00000230abde4185 (Mono JIT Code) Colossal.OdinSerializer.AnySerializer:ReadValueWeak (Colossal.OdinSerializer.IDataReader)
0x0000022fcccbea90 (Mono JIT Code) Colossal.OdinSerializer.SerializationUtility:DeserializeValueWeak (Colossal.OdinSerializer.IDataReader)
0x0000022fcccba163 (Mono JIT Code) Colossal.OdinSerializer.SerializationUtility:DeserializeValueWeak (System.IO.Stream,Colossal.OdinSerializer.DataFormat,Colossal.OdinSerializer.DeserializationContext)
0x0000022fcccb48a3 (Mono JIT Code) Colossal.IO.AssetDatabase.PrefabAsset:Load (System.Collections.Generic.HashSet`1<Colossal.IO.AssetDatabase.PrefabAsset>)
0x0000022fcccb40b3 (Mono JIT Code) Colossal.IO.AssetDatabase.PrefabAsset:Load ()
0x0000022fcccb2fb3 (Mono JIT Code) Game.SceneFlow.GameManager/<>c__DisplayClass106_3:<RegisterPdxSdk>g__OnEntryIsInActivePlaysetChanged|16 (Colossal.Hash128,bool)
0x00000230abd4b75a (Mono JIT Code) Colossal.IO.AssetDatabase.ParadoxModsDataSource/<OnActivePlaysetChanged>d__24:MoveNext ()
0x0000023042b2f312 (Mono JIT Code) System.Runtime.CompilerServices.AsyncMethodBuilderCore/MoveNextRunner:InvokeMoveNext (object)
0x0000023041222aae (Mono JIT Code) System.Threading.ExecutionContext:RunInternal (System.Threading.ExecutionContext,System.Threading.ContextCallback,object,bool)
0x00000230412223db (Mono JIT Code) System.Threading.ExecutionContext:Run (System.Threading.ExecutionContext,System.Threading.ContextCallback,object,bool)
0x0000023042b2f1cb (Mono JIT Code) System.Runtime.CompilerServices.AsyncMethodBuilderCore/MoveNextRunner:Run ()
0x0000023044ff6cca (Mono JIT Code) System.Threading.Tasks.AwaitTaskContinuation:InvokeAction (object)
0x0000023042b32175 (Mono JIT Code) System.Threading.Tasks.AwaitTaskContinuation:RunCallback (System.Threading.ContextCallback,object,System.Threading.Tasks.Task&)
0x0000023042b31fd3 (Mono JIT Code) System.Threading.Tasks.SynchronizationContextAwaitTaskContinuation:Run (System.Threading.Tasks.Task,bool)
0x0000023042b2ded7 (Mono JIT Code) System.Threading.Tasks.Task:FinishContinuations ()
0x0000023042b2da73 (Mono JIT Code) System.Threading.Tasks.Task:FinishStageThree ()
0x0000023042b2d853 (Mono JIT Code) System.Threading.Tasks.Task`1<System.Threading.Tasks.VoidTaskResult>:TrySetResult (System.Threading.Tasks.VoidTaskResult)
0x0000023042b31083 (Mono JIT Code) System.Runtime.CompilerServices.AsyncTaskMethodBuilder`1<System.Threading.Tasks.VoidTaskResult>:SetResult (System.Threading.Tasks.VoidTaskResult)
0x0000023042b216b3 (Mono JIT Code) System.Runtime.CompilerServices.AsyncTaskMethodBuilder`1<System.Threading.Tasks.VoidTaskResult>:SetResult (System.Threading.Tasks.Task`1<System.Threading.Tasks.VoidTaskResult>)
0x0000023042b2160b (Mono JIT Code) System.Runtime.CompilerServices.AsyncTaskMethodBuilder:SetResult ()
0x00000230abd4cbeb (Mono JIT Code) Game.Threading.UnityTask/<WaitForGPUFrame>d__2:MoveNext ()
0x0000023042b2f312 (Mono JIT Code) System.Runtime.CompilerServices.AsyncMethodBuilderCore/MoveNextRunner:InvokeMoveNext (object)
0x0000023041222aae (Mono JIT Code) System.Threading.ExecutionContext:RunInternal (System.Threading.ExecutionContext,System.Threading.ContextCallback,object,bool)
0x00000230412223db (Mono JIT Code) System.Threading.ExecutionContext:Run (System.Threading.ExecutionContext,System.Threading.ContextCallback,object,bool)
0x0000023042b2f1cb (Mono JIT Code) System.Runtime.CompilerServices.AsyncMethodBuilderCore/MoveNextRunner:Run ()
0x0000023044ff6cca (Mono JIT Code) System.Threading.Tasks.AwaitTaskContinuation:InvokeAction (object)
0x0000023042b32175 (Mono JIT Code) System.Threading.Tasks.AwaitTaskContinuation:RunCallback (System.Threading.ContextCallback,object,System.Threading.Tasks.Task&)
0x0000023042b31fd3 (Mono JIT Code) System.Threading.Tasks.SynchronizationContextAwaitTaskContinuation:Run (System.Threading.Tasks.Task,bool)
0x0000023042b2ded7 (Mono JIT Code) System.Threading.Tasks.Task:FinishContinuations ()
0x0000023042b2da73 (Mono JIT Code) System.Threading.Tasks.Task:FinishStageThree ()
0x0000022fc4b750e3 (Mono JIT Code) System.Threading.Tasks.Task`1<bool>:TrySetResult (bool)
0x0000022fc4b74f93 (Mono JIT Code) System.Threading.Tasks.TaskCompletionSource`1<bool>:TrySetResult (bool)
0x0000022fc4b8c0d3 (Mono JIT Code) System.Threading.Tasks.TaskCompletionSource`1<bool>:SetResult (bool)
0x00000230abd4dbcb (Mono JIT Code) Game.Threading.UnityTask/<>c__DisplayClass2_0:<WaitForGPUFrame>b__0 (UnityEngine.Rendering.AsyncGPUReadbackRequest)
0x0000022fc4b70554 (Mono JIT Code) (wrapper runtime-invoke) <Module>:runtime_invoke_void__this___AsyncGPUReadbackRequest (object,intptr,intptr,intptr)
0x00007ff810874b7e (mono-2.0-bdwgc) mono_jit_set_domain
0x00007ff8107ad204 (mono-2.0-bdwgc) mono_object_get_virtual_method
0x00007ff8107ad37c (mono-2.0-bdwgc) mono_runtime_invoke
0x00007ffff8ce1288 (UnityPlayer) 
0x00007ffff8ce173b (UnityPlayer) 
0x00007ffff8dcf778 (UnityPlayer) 
0x00007ffff8dcf964 (UnityPlayer) 
0x00007ffff8dcfe82 (UnityPlayer) 
0x00007ffff90233db (UnityPlayer) 
0x00007ffff9025dab (UnityPlayer) 
0x00007ffff902910b (UnityPlayer) 
0x00007ffff90293ab (UnityPlayer) UnityMain
0x00007ff7fb0611f6 (Cities2) 
0x00007ff96a6ae8d7 (KERNEL32) BaseThreadInitThunk
0x00007ff96bb4c53c (ntdll) RtlUserThreadStart

[FileSystem] [WARN]  Lost serialization data for entry "m_FireHazardModifier" of type "FloatingPoint" in node "" because a serialized member of that name could not be found in type Game.Prefabs.ZoneProperties.
0x00007ffff922350d (UnityPlayer) UnityMain
0x00007ffff9223288 (UnityPlayer) UnityMain
0x00007ffff9209cd9 (UnityPlayer) UnityMain
0x00007ffff98a9e51 (UnityPlayer) UnityMain
0x00007ffff888b105 (UnityPlayer) 
0x0000023042b80f33 (Mono JIT Code) (wrapper managed-to-native) UnityEngine.DebugLogHandler:Internal_Log (UnityEngine.LogType,UnityEngine.LogOption,string,UnityEngine.Object)
0x0000023042b80e4b (Mono JIT Code) UnityEngine.DebugLogHandler:LogFormat (UnityEngine.LogType,UnityEngine.Object,string,object[])
0x0000023041124a6a (Mono JIT Code) Colossal.Logging.CustomLogHandler:PostProcessFormat (UnityEngine.LogType,Colossal.Logging.Level,UnityEngine.Object,string,Colossal.Logging.ILog,System.Exception)
0x00000230411241ab (Mono JIT Code) Colossal.Logging.CustomLogHandler:LogFormat (UnityEngine.LogType,UnityEngine.Object,string,object[])
0x0000023041123e71 (Mono JIT Code) UnityEngine.Logger:LogFormat (UnityEngine.LogType,string,object[])
0x000002304112382d (Mono JIT Code) Colossal.Logging.UnityLogger:Log (Colossal.Logging.Level,string,System.Exception)
0x00000230c50e9263 (Mono JIT Code) Colossal.Logging.UnityLogger:Warn (object)
0x00000230c50e91e3 (Mono JIT Code) Colossal.IO.AssetDatabase.PrefabAsset/OdinLogger:LogWarning (string)
0x00000230c50e8fd1 (Mono JIT Code) Colossal.OdinSerializer.DebugContext:LogWarning (string)
0x00000230c509120b (Mono JIT Code) Colossal.OdinSerializer.ReflectionFormatter`1<T_REF>:DeserializeImplementation (T_REF&,Colossal.OdinSerializer.IDataReader)
0x00000230c508e5e1 (Mono JIT Code) Colossal.OdinSerializer.BaseFormatter`1<T_REF>:Deserialize (Colossal.OdinSerializer.IDataReader)
0x00000230c508e173 (Mono JIT Code) Colossal.OdinSerializer.BaseFormatter`1<T_REF>:Colossal.OdinSerializer.IFormatter.Deserialize (Colossal.OdinSerializer.IDataReader)
0x00000230c509be55 (Mono JIT Code) Colossal.OdinSerializer.ComplexTypeSerializer`1<T_REF>:ReadValue (Colossal.OdinSerializer.IDataReader)
0x00000230c509831e (Mono JIT Code) Colossal.OdinSerializer.ListFormatter`1<T_REF>:DeserializeImplementation (System.Collections.Generic.List`1<T_REF>&,Colossal.OdinSerializer.IDataReader)
0x00000230c508e5e1 (Mono JIT Code) Colossal.OdinSerializer.BaseFormatter`1<T_REF>:Deserialize (Colossal.OdinSerializer.IDataReader)
0x00000230c508e173 (Mono JIT Code) Colossal.OdinSerializer.BaseFormatter`1<T_REF>:Colossal.OdinSerializer.IFormatter.Deserialize (Colossal.OdinSerializer.IDataReader)
0x00000230abde49a5 (Mono JIT Code) Colossal.OdinSerializer.AnySerializer:ReadValueWeak (Colossal.OdinSerializer.IDataReader)
0x00000230c5091263 (Mono JIT Code) Colossal.OdinSerializer.ReflectionFormatter`1<T_REF>:DeserializeImplementation (T_REF&,Colossal.OdinSerializer.IDataReader)
0x00000230c508e5e1 (Mono JIT Code) Colossal.OdinSerializer.BaseFormatter`1<T_REF>:Deserialize (Colossal.OdinSerializer.IDataReader)
0x00000230c508e173 (Mono JIT Code) Colossal.OdinSerializer.BaseFormatter`1<T_REF>:Colossal.OdinSerializer.IFormatter.Deserialize (Colossal.OdinSerializer.IDataReader)
0x00000230abde4185 (Mono JIT Code) Colossal.OdinSerializer.AnySerializer:ReadValueWeak (Colossal.OdinSerializer.IDataReader)
0x0000022fcccbea90 (Mono JIT Code) Colossal.OdinSerializer.SerializationUtility:DeserializeValueWeak (Colossal.OdinSerializer.IDataReader)
0x0000022fcccba163 (Mono JIT Code) Colossal.OdinSerializer.SerializationUtility:DeserializeValueWeak (System.IO.Stream,Colossal.OdinSerializer.DataFormat,Colossal.OdinSerializer.DeserializationContext)
0x0000022fcccb48a3 (Mono JIT Code) Colossal.IO.AssetDatabase.PrefabAsset:Load (System.Collections.Generic.HashSet`1<Colossal.IO.AssetDatabase.PrefabAsset>)
0x0000022fcccb40b3 (Mono JIT Code) Colossal.IO.AssetDatabase.PrefabAsset:Load ()
0x0000022fcccb2fb3 (Mono JIT Code) Game.SceneFlow.GameManager/<>c__DisplayClass106_3:<RegisterPdxSdk>g__OnEntryIsInActivePlaysetChanged|16 (Colossal.Hash128,bool)
0x00000230abd4b75a (Mono JIT Code) Colossal.IO.AssetDatabase.ParadoxModsDataSource/<OnActivePlaysetChanged>d__24:MoveNext ()
0x0000023042b2f312 (Mono JIT Code) System.Runtime.CompilerServices.AsyncMethodBuilderCore/MoveNextRunner:InvokeMoveNext (object)
0x0000023041222aae (Mono JIT Code) System.Threading.ExecutionContext:RunInternal (System.Threading.ExecutionContext,System.Threading.ContextCallback,object,bool)
0x00000230412223db (Mono JIT Code) System.Threading.ExecutionContext:Run (System.Threading.ExecutionContext,System.Threading.ContextCallback,object,bool)
0x0000023042b2f1cb (Mono JIT Code) System.Runtime.CompilerServices.AsyncMethodBuilderCore/MoveNextRunner:Run ()
0x0000023044ff6cca (Mono JIT Code) System.Threading.Tasks.AwaitTaskContinuation:InvokeAction (object)
0x0000023042b32175 (Mono JIT Code) System.Threading.Tasks.AwaitTaskContinuation:RunCallback (System.Threading.ContextCallback,object,System.Threading.Tasks.Task&)
0x0000023042b31fd3 (Mono JIT Code) System.Threading.Tasks.SynchronizationContextAwaitTaskContinuation:Run (System.Threading.Tasks.Task,bool)
0x0000023042b2ded7 (Mono JIT Code) System.Threading.Tasks.Task:FinishContinuations ()
0x0000023042b2da73 (Mono JIT Code) System.Threading.Tasks.Task:FinishStageThree ()
0x0000023042b2d853 (Mono JIT Code) System.Threading.Tasks.Task`1<System.Threading.Tasks.VoidTaskResult>:TrySetResult (System.Threading.Tasks.VoidTaskResult)
0x0000023042b31083 (Mono JIT Code) System.Runtime.CompilerServices.AsyncTaskMethodBuilder`1<System.Threading.Tasks.VoidTaskResult>:SetResult (System.Threading.Tasks.VoidTaskResult)
0x0000023042b216b3 (Mono JIT Code) System.Runtime.CompilerServices.AsyncTaskMethodBuilder`1<System.Threading.Tasks.VoidTaskResult>:SetResult (System.Threading.Tasks.Task`1<System.Threading.Tasks.VoidTaskResult>)
0x0000023042b2160b (Mono JIT Code) System.Runtime.CompilerServices.AsyncTaskMethodBuilder:SetResult ()
0x00000230abd4cbeb (Mono JIT Code) Game.Threading.UnityTask/<WaitForGPUFrame>d__2:MoveNext ()
0x0000023042b2f312 (Mono JIT Code) System.Runtime.CompilerServices.AsyncMethodBuilderCore/MoveNextRunner:InvokeMoveNext (object)
0x0000023041222aae (Mono JIT Code) System.Threading.ExecutionContext:RunInternal (System.Threading.ExecutionContext,System.Threading.ContextCallback,object,bool)
0x00000230412223db (Mono JIT Code) System.Threading.ExecutionContext:Run (System.Threading.ExecutionContext,System.Threading.ContextCallback,object,bool)
0x0000023042b2f1cb (Mono JIT Code) System.Runtime.CompilerServices.AsyncMethodBuilderCore/MoveNextRunner:Run ()
0x0000023044ff6cca (Mono JIT Code) System.Threading.Tasks.AwaitTaskContinuation:InvokeAction (object)
0x0000023042b32175 (Mono JIT Code) System.Threading.Tasks.AwaitTaskContinuation:RunCallback (System.Threading.ContextCallback,object,System.Threading.Tasks.Task&)
0x0000023042b31fd3 (Mono JIT Code) System.Threading.Tasks.SynchronizationContextAwaitTaskContinuation:Run (System.Threading.Tasks.Task,bool)
0x0000023042b2ded7 (Mono JIT Code) System.Threading.Tasks.Task:FinishContinuations ()
0x0000023042b2da73 (Mono JIT Code) System.Threading.Tasks.Task:FinishStageThree ()
0x0000022fc4b750e3 (Mono JIT Code) System.Threading.Tasks.Task`1<bool>:TrySetResult (bool)
0x0000022fc4b74f93 (Mono JIT Code) System.Threading.Tasks.TaskCompletionSource`1<bool>:TrySetResult (bool)
0x0000022fc4b8c0d3 (Mono JIT Code) System.Threading.Tasks.TaskCompletionSource`1<bool>:SetResult (bool)
0x00000230abd4dbcb (Mono JIT Code) Game.Threading.UnityTask/<>c__DisplayClass2_0:<WaitForGPUFrame>b__0 (UnityEngine.Rendering.AsyncGPUReadbackRequest)
0x0000022fc4b70554 (Mono JIT Code) (wrapper runtime-invoke) <Module>:runtime_invoke_void__this___AsyncGPUReadbackRequest (object,intptr,intptr,intptr)
0x00007ff810874b7e (mono-2.0-bdwgc) mono_jit_set_domain
0x00007ff8107ad204 (mono-2.0-bdwgc) mono_object_get_virtual_method
0x00007ff8107ad37c (mono-2.0-bdwgc) mono_runtime_invoke
0x00007ffff8ce1288 (UnityPlayer) 
0x00007ffff8ce173b (UnityPlayer) 
0x00007ffff8dcf778 (UnityPlayer) 
0x00007ffff8dcf964 (UnityPlayer) 
0x00007ffff8dcfe82 (UnityPlayer) 
0x00007ffff90233db (UnityPlayer) 
0x00007ffff9025dab (UnityPlayer) 
0x00007ffff902910b (UnityPlayer) 
0x00007ffff90293ab (UnityPlayer) UnityMain
0x00007ff7fb0611f6 (Cities2) 
0x00007ff96a6ae8d7 (KERNEL32) BaseThreadInitThunk
0x00007ff96bb4c53c (ntdll) RtlUserThreadStart

[FileSystem] [WARN]  Lost serialization data for entry "m_FireHazardModifier" of type "FloatingPoint" in node "" because a serialized member of that name could not be found in type Game.Prefabs.ZoneProperties.
0x00007ffff922350d (UnityPlayer) UnityMain
0x00007ffff9223288 (UnityPlayer) UnityMain
0x00007ffff9209cd9 (UnityPlayer) UnityMain
0x00007ffff98a9e51 (UnityPlayer) UnityMain
0x00007ffff888b105 (UnityPlayer) 
0x0000023042b80f33 (Mono JIT Code) (wrapper managed-to-native) UnityEngine.DebugLogHandler:Internal_Log (UnityEngine.LogType,UnityEngine.LogOption,string,UnityEngine.Object)
0x0000023042b80e4b (Mono JIT Code) UnityEngine.DebugLogHandler:LogFormat (UnityEngine.LogType,UnityEngine.Object,string,object[])
0x0000023041124a6a (Mono JIT Code) Colossal.Logging.CustomLogHandler:PostProcessFormat (UnityEngine.LogType,Colossal.Logging.Level,UnityEngine.Object,string,Colossal.Logging.ILog,System.Exception)
0x00000230411241ab (Mono JIT Code) Colossal.Logging.CustomLogHandler:LogFormat (UnityEngine.LogType,UnityEngine.Object,string,object[])
0x0000023041123e71 (Mono JIT Code) UnityEngine.Logger:LogFormat (UnityEngine.LogType,string,object[])
0x000002304112382d (Mono JIT Code) Colossal.Logging.UnityLogger:Log (Colossal.Logging.Level,string,System.Exception)
0x00000230c50e9263 (Mono JIT Code) Colossal.Logging.UnityLogger:Warn (object)
0x00000230c50e91e3 (Mono JIT Code) Colossal.IO.AssetDatabase.PrefabAsset/OdinLogger:LogWarning (string)
0x00000230c50e8fd1 (Mono JIT Code) Colossal.OdinSerializer.DebugContext:LogWarning (string)
0x00000230c509120b (Mono JIT Code) Colossal.OdinSerializer.ReflectionFormatter`1<T_REF>:DeserializeImplementation (T_REF&,Colossal.OdinSerializer.IDataReader)
0x00000230c508e5e1 (Mono JIT Code) Colossal.OdinSerializer.BaseFormatter`1<T_REF>:Deserialize (Colossal.OdinSerializer.IDataReader)
0x00000230c508e173 (Mono JIT Code) Colossal.OdinSerializer.BaseFormatter`1<T_REF>:Colossal.OdinSerializer.IFormatter.Deserialize (Colossal.OdinSerializer.IDataReader)
0x00000230c509be55 (Mono JIT Code) Colossal.OdinSerializer.ComplexTypeSerializer`1<T_REF>:ReadValue (Colossal.OdinSerializer.IDataReader)
0x00000230c509831e (Mono JIT Code) Colossal.OdinSerializer.ListFormatter`1<T_REF>:DeserializeImplementation (System.Collections.Generic.List`1<T_REF>&,Colossal.OdinSerializer.IDataReader)
0x00000230c508e5e1 (Mono JIT Code) Colossal.OdinSerializer.BaseFormatter`1<T_REF>:Deserialize (Colossal.OdinSerializer.IDataReader)
0x00000230c508e173 (Mono JIT Code) Colossal.OdinSerializer.BaseFormatter`1<T_REF>:Colossal.OdinSerializer.IFormatter.Deserialize (Colossal.OdinSerializer.IDataReader)
0x00000230abde49a5 (Mono JIT Code) Colossal.OdinSerializer.AnySerializer:ReadValueWeak (Colossal.OdinSerializer.IDataReader)
0x00000230c5091263 (Mono JIT Code) Colossal.OdinSerializer.ReflectionFormatter`1<T_REF>:DeserializeImplementation (T_REF&,Colossal.OdinSerializer.IDataReader)
0x00000230c508e5e1 (Mono JIT Code) Colossal.OdinSerializer.BaseFormatter`1<T_REF>:Deserialize (Colossal.OdinSerializer.IDataReader)
0x00000230c508e173 (Mono JIT Code) Colossal.OdinSerializer.BaseFormatter`1<T_REF>:Colossal.OdinSerializer.IFormatter.Deserialize (Colossal.OdinSerializer.IDataReader)
0x00000230abde4185 (Mono JIT Code) Colossal.OdinSerializer.AnySerializer:ReadValueWeak (Colossal.OdinSerializer.IDataReader)
0x0000022fcccbea90 (Mono JIT Code) Colossal.OdinSerializer.SerializationUtility:DeserializeValueWeak (Colossal.OdinSerializer.IDataReader)
0x0000022fcccba163 (Mono JIT Code) Colossal.OdinSerializer.SerializationUtility:DeserializeValueWeak (System.IO.Stream,Colossal.OdinSerializer.DataFormat,Colossal.OdinSerializer.DeserializationContext)
0x0000022fcccb48a3 (Mono JIT Code) Colossal.IO.AssetDatabase.PrefabAsset:Load (System.Collections.Generic.HashSet`1<Colossal.IO.AssetDatabase.PrefabAsset>)
0x0000022fcccb40b3 (Mono JIT Code) Colossal.IO.AssetDatabase.PrefabAsset:Load ()
0x0000022fcccb2fb3 (Mono JIT Code) Game.SceneFlow.GameManager/<>c__DisplayClass106_3:<RegisterPdxSdk>g__OnEntryIsInActivePlaysetChanged|16 (Colossal.Hash128,bool)
0x00000230abd4b75a (Mono JIT Code) Colossal.IO.AssetDatabase.ParadoxModsDataSource/<OnActivePlaysetChanged>d__24:MoveNext ()
0x0000023042b2f312 (Mono JIT Code) System.Runtime.CompilerServices.AsyncMethodBuilderCore/MoveNextRunner:InvokeMoveNext (object)
0x0000023041222aae (Mono JIT Code) System.Threading.ExecutionContext:RunInternal (System.Threading.ExecutionContext,System.Threading.ContextCallback,object,bool)
0x00000230412223db (Mono JIT Code) System.Threading.ExecutionContext:Run (System.Threading.ExecutionContext,System.Threading.ContextCallback,object,bool)
0x0000023042b2f1cb (Mono JIT Code) System.Runtime.CompilerServices.AsyncMethodBuilderCore/MoveNextRunner:Run ()
0x0000023044ff6cca (Mono JIT Code) System.Threading.Tasks.AwaitTaskContinuation:InvokeAction (object)
0x0000023042b32175 (Mono JIT Code) System.Threading.Tasks.AwaitTaskContinuation:RunCallback (System.Threading.ContextCallback,object,System.Threading.Tasks.Task&)
0x0000023042b31fd3 (Mono JIT Code) System.Threading.Tasks.SynchronizationContextAwaitTaskContinuation:Run (System.Threading.Tasks.Task,bool)
0x0000023042b2ded7 (Mono JIT Code) System.Threading.Tasks.Task:FinishContinuations ()
0x0000023042b2da73 (Mono JIT Code) System.Threading.Tasks.Task:FinishStageThree ()
0x0000023042b2d853 (Mono JIT Code) System.Threading.Tasks.Task`1<System.Threading.Tasks.VoidTaskResult>:TrySetResult (System.Threading.Tasks.VoidTaskResult)
0x0000023042b31083 (Mono JIT Code) System.Runtime.CompilerServices.AsyncTaskMethodBuilder`1<System.Threading.Tasks.VoidTaskResult>:SetResult (System.Threading.Tasks.VoidTaskResult)
0x0000023042b216b3 (Mono JIT Code) System.Runtime.CompilerServices.AsyncTaskMethodBuilder`1<System.Threading.Tasks.VoidTaskResult>:SetResult (System.Threading.Tasks.Task`1<System.Threading.Tasks.VoidTaskResult>)
0x0000023042b2160b (Mono JIT Code) System.Runtime.CompilerServices.AsyncTaskMethodBuilder:SetResult ()
0x00000230abd4cbeb (Mono JIT Code) Game.Threading.UnityTask/<WaitForGPUFrame>d__2:MoveNext ()
0x0000023042b2f312 (Mono JIT Code) System.Runtime.CompilerServices.AsyncMethodBuilderCore/MoveNextRunner:InvokeMoveNext (object)
0x0000023041222aae (Mono JIT Code) System.Threading.ExecutionContext:RunInternal (System.Threading.ExecutionContext,System.Threading.ContextCallback,object,bool)
0x00000230412223db (Mono JIT Code) System.Threading.ExecutionContext:Run (System.Threading.ExecutionContext,System.Threading.ContextCallback,object,bool)
0x0000023042b2f1cb (Mono JIT Code) System.Runtime.CompilerServices.AsyncMethodBuilderCore/MoveNextRunner:Run ()
0x0000023044ff6cca (Mono JIT Code) System.Threading.Tasks.AwaitTaskContinuation:InvokeAction (object)
0x0000023042b32175 (Mono JIT Code) System.Threading.Tasks.AwaitTaskContinuation:RunCallback (System.Threading.ContextCallback,object,System.Threading.Tasks.Task&)
0x0000023042b31fd3 (Mono JIT Code) System.Threading.Tasks.SynchronizationContextAwaitTaskContinuation:Run (System.Threading.Tasks.Task,bool)
0x0000023042b2ded7 (Mono JIT Code) System.Threading.Tasks.Task:FinishContinuations ()
0x0000023042b2da73 (Mono JIT Code) System.Threading.Tasks.Task:FinishStageThree ()
0x0000022fc4b750e3 (Mono JIT Code) System.Threading.Tasks.Task`1<bool>:TrySetResult (bool)
0x0000022fc4b74f93 (Mono JIT Code) System.Threading.Tasks.TaskCompletionSource`1<bool>:TrySetResult (bool)
0x0000022fc4b8c0d3 (Mono JIT Code) System.Threading.Tasks.TaskCompletionSource`1<bool>:SetResult (bool)
0x00000230abd4dbcb (Mono JIT Code) Game.Threading.UnityTask/<>c__DisplayClass2_0:<WaitForGPUFrame>b__0 (UnityEngine.Rendering.AsyncGPUReadbackRequest)
0x0000022fc4b70554 (Mono JIT Code) (wrapper runtime-invoke) <Module>:runtime_invoke_void__this___AsyncGPUReadbackRequest (object,intptr,intptr,intptr)
0x00007ff810874b7e (mono-2.0-bdwgc) mono_jit_set_domain
0x00007ff8107ad204 (mono-2.0-bdwgc) mono_object_get_virtual_method
0x00007ff8107ad37c (mono-2.0-bdwgc) mono_runtime_invoke
0x00007ffff8ce1288 (UnityPlayer) 
0x00007ffff8ce173b (UnityPlayer) 
0x00007ffff8dcf778 (UnityPlayer) 
0x00007ffff8dcf964 (UnityPlayer) 
0x00007ffff8dcfe82 (UnityPlayer) 
0x00007ffff90233db (UnityPlayer) 
0x00007ffff9025dab (UnityPlayer) 
0x00007ffff902910b (UnityPlayer) 
0x00007ffff90293ab (UnityPlayer) UnityMain
0x00007ff7fb0611f6 (Cities2) 
0x00007ff96a6ae8d7 (KERNEL32) BaseThreadInitThunk
0x00007ff96bb4c53c (ntdll) RtlUserThreadStart

[FileSystem] [WARN]  Lost serialization data for entry "m_FireHazardModifier" of type "FloatingPoint" in node "" because a serialized member of that name could not be found in type Game.Prefabs.ZoneProperties.
0x00007ffff922350d (UnityPlayer) UnityMain
0x00007ffff9223288 (UnityPlayer) UnityMain
0x00007ffff9209cd9 (UnityPlayer) UnityMain
0x00007ffff98a9e51 (UnityPlayer) UnityMain
0x00007ffff888b105 (UnityPlayer) 
0x0000023042b80f33 (Mono JIT Code) (wrapper managed-to-native) UnityEngine.DebugLogHandler:Internal_Log (UnityEngine.LogType,UnityEngine.LogOption,string,UnityEngine.Object)
0x0000023042b80e4b (Mono JIT Code) UnityEngine.DebugLogHandler:LogFormat (UnityEngine.LogType,UnityEngine.Object,string,object[])
0x0000023041124a6a (Mono JIT Code) Colossal.Logging.CustomLogHandler:PostProcessFormat (UnityEngine.LogType,Colossal.Logging.Level,UnityEngine.Object,string,Colossal.Logging.ILog,System.Exception)
0x00000230411241ab (Mono JIT Code) Colossal.Logging.CustomLogHandler:LogFormat (UnityEngine.LogType,UnityEngine.Object,string,object[])
0x0000023041123e71 (Mono JIT Code) UnityEngine.Logger:LogFormat (UnityEngine.LogType,string,object[])
0x000002304112382d (Mono JIT Code) Colossal.Logging.UnityLogger:Log (Colossal.Logging.Level,string,System.Exception)
0x00000230c50e9263 (Mono JIT Code) Colossal.Logging.UnityLogger:Warn (object)
0x00000230c50e91e3 (Mono JIT Code) Colossal.IO.AssetDatabase.PrefabAsset/OdinLogger:LogWarning (string)
0x00000230c50e8fd1 (Mono JIT Code) Colossal.OdinSerializer.DebugContext:LogWarning (string)
0x00000230c509120b (Mono JIT Code) Colossal.OdinSerializer.ReflectionFormatter`1<T_REF>:DeserializeImplementation (T_REF&,Colossal.OdinSerializer.IDataReader)
0x00000230c508e5e1 (Mono JIT Code) Colossal.OdinSerializer.BaseFormatter`1<T_REF>:Deserialize (Colossal.OdinSerializer.IDataReader)
0x00000230c508e173 (Mono JIT Code) Colossal.OdinSerializer.BaseFormatter`1<T_REF>:Colossal.OdinSerializer.IFormatter.Deserialize (Colossal.OdinSerializer.IDataReader)
0x00000230c509be55 (Mono JIT Code) Colossal.OdinSerializer.ComplexTypeSerializer`1<T_REF>:ReadValue (Colossal.OdinSerializer.IDataReader)
0x00000230c509831e (Mono JIT Code) Colossal.OdinSerializer.ListFormatter`1<T_REF>:DeserializeImplementation (System.Collections.Generic.List`1<T_REF>&,Colossal.OdinSerializer.IDataReader)
0x00000230c508e5e1 (Mono JIT Code) Colossal.OdinSerializer.BaseFormatter`1<T_REF>:Deserialize (Colossal.OdinSerializer.IDataReader)
0x00000230c508e173 (Mono JIT Code) Colossal.OdinSerializer.BaseFormatter`1<T_REF>:Colossal.OdinSerializer.IFormatter.Deserialize (Colossal.OdinSerializer.IDataReader)
0x00000230abde49a5 (Mono JIT Code) Colossal.OdinSerializer.AnySerializer:ReadValueWeak (Colossal.OdinSerializer.IDataReader)
0x00000230c5091263 (Mono JIT Code) Colossal.OdinSerializer.ReflectionFormatter`1<T_REF>:DeserializeImplementation (T_REF&,Colossal.OdinSerializer.IDataReader)
0x00000230c508e5e1 (Mono JIT Code) Colossal.OdinSerializer.BaseFormatter`1<T_REF>:Deserialize (Colossal.OdinSerializer.IDataReader)
0x00000230c508e173 (Mono JIT Code) Colossal.OdinSerializer.BaseFormatter`1<T_REF>:Colossal.OdinSerializer.IFormatter.Deserialize (Colossal.OdinSerializer.IDataReader)
0x00000230abde4185 (Mono JIT Code) Colossal.OdinSerializer.AnySerializer:ReadValueWeak (Colossal.OdinSerializer.IDataReader)
0x0000022fcccbea90 (Mono JIT Code) Colossal.OdinSerializer.SerializationUtility:DeserializeValueWeak (Colossal.OdinSerializer.IDataReader)
0x0000022fcccba163 (Mono JIT Code) Colossal.OdinSerializer.SerializationUtility:DeserializeValueWeak (System.IO.Stream,Colossal.OdinSerializer.DataFormat,Colossal.OdinSerializer.DeserializationContext)
0x0000022fcccb48a3 (Mono JIT Code) Colossal.IO.AssetDatabase.PrefabAsset:Load (System.Collections.Generic.HashSet`1<Colossal.IO.AssetDatabase.PrefabAsset>)
0x0000022fcccb40b3 (Mono JIT Code) Colossal.IO.AssetDatabase.PrefabAsset:Load ()
0x0000022fcccb2fb3 (Mono JIT Code) Game.SceneFlow.GameManager/<>c__DisplayClass106_3:<RegisterPdxSdk>g__OnEntryIsInActivePlaysetChanged|16 (Colossal.Hash128,bool)
0x00000230abd4b75a (Mono JIT Code) Colossal.IO.AssetDatabase.ParadoxModsDataSource/<OnActivePlaysetChanged>d__24:MoveNext ()
0x0000023042b2f312 (Mono JIT Code) System.Runtime.CompilerServices.AsyncMethodBuilderCore/MoveNextRunner:InvokeMoveNext (object)
0x0000023041222aae (Mono JIT Code) System.Threading.ExecutionContext:RunInternal (System.Threading.ExecutionContext,System.Threading.ContextCallback,object,bool)
0x00000230412223db (Mono JIT Code) System.Threading.ExecutionContext:Run (System.Threading.ExecutionContext,System.Threading.ContextCallback,object,bool)
0x0000023042b2f1cb (Mono JIT Code) System.Runtime.CompilerServices.AsyncMethodBuilderCore/MoveNextRunner:Run ()
0x0000023044ff6cca (Mono JIT Code) System.Threading.Tasks.AwaitTaskContinuation:InvokeAction (object)
0x0000023042b32175 (Mono JIT Code) System.Threading.Tasks.AwaitTaskContinuation:RunCallback (System.Threading.ContextCallback,object,System.Threading.Tasks.Task&)
0x0000023042b31fd3 (Mono JIT Code) System.Threading.Tasks.SynchronizationContextAwaitTaskContinuation:Run (System.Threading.Tasks.Task,bool)
0x0000023042b2ded7 (Mono JIT Code) System.Threading.Tasks.Task:FinishContinuations ()
0x0000023042b2da73 (Mono JIT Code) System.Threading.Tasks.Task:FinishStageThree ()
0x0000023042b2d853 (Mono JIT Code) System.Threading.Tasks.Task`1<System.Threading.Tasks.VoidTaskResult>:TrySetResult (System.Threading.Tasks.VoidTaskResult)
0x0000023042b31083 (Mono JIT Code) System.Runtime.CompilerServices.AsyncTaskMethodBuilder`1<System.Threading.Tasks.VoidTaskResult>:SetResult (System.Threading.Tasks.VoidTaskResult)
0x0000023042b216b3 (Mono JIT Code) System.Runtime.CompilerServices.AsyncTaskMethodBuilder`1<System.Threading.Tasks.VoidTaskResult>:SetResult (System.Threading.Tasks.Task`1<System.Threading.Tasks.VoidTaskResult>)
0x0000023042b2160b (Mono JIT Code) System.Runtime.CompilerServices.AsyncTaskMethodBuilder:SetResult ()
0x00000230abd4cbeb (Mono JIT Code) Game.Threading.UnityTask/<WaitForGPUFrame>d__2:MoveNext ()
0x0000023042b2f312 (Mono JIT Code) System.Runtime.CompilerServices.AsyncMethodBuilderCore/MoveNextRunner:InvokeMoveNext (object)
0x0000023041222aae (Mono JIT Code) System.Threading.ExecutionContext:RunInternal (System.Threading.ExecutionContext,System.Threading.ContextCallback,object,bool)
0x00000230412223db (Mono JIT Code) System.Threading.ExecutionContext:Run (System.Threading.ExecutionContext,System.Threading.ContextCallback,object,bool)
0x0000023042b2f1cb (Mono JIT Code) System.Runtime.CompilerServices.AsyncMethodBuilderCore/MoveNextRunner:Run ()
0x0000023044ff6cca (Mono JIT Code) System.Threading.Tasks.AwaitTaskContinuation:InvokeAction (object)
0x0000023042b32175 (Mono JIT Code) System.Threading.Tasks.AwaitTaskContinuation:RunCallback (System.Threading.ContextCallback,object,System.Threading.Tasks.Task&)
0x0000023042b31fd3 (Mono JIT Code) System.Threading.Tasks.SynchronizationContextAwaitTaskContinuation:Run (System.Threading.Tasks.Task,bool)
0x0000023042b2ded7 (Mono JIT Code) System.Threading.Tasks.Task:FinishContinuations ()
0x0000023042b2da73 (Mono JIT Code) System.Threading.Tasks.Task:FinishStageThree ()
0x0000022fc4b750e3 (Mono JIT Code) System.Threading.Tasks.Task`1<bool>:TrySetResult (bool)
0x0000022fc4b74f93 (Mono JIT Code) System.Threading.Tasks.TaskCompletionSource`1<bool>:TrySetResult (bool)
0x0000022fc4b8c0d3 (Mono JIT Code) System.Threading.Tasks.TaskCompletionSource`1<bool>:SetResult (bool)
0x00000230abd4dbcb (Mono JIT Code) Game.Threading.UnityTask/<>c__DisplayClass2_0:<WaitForGPUFrame>b__0 (UnityEngine.Rendering.AsyncGPUReadbackRequest)
0x0000022fc4b70554 (Mono JIT Code) (wrapper runtime-invoke) <Module>:runtime_invoke_void__this___AsyncGPUReadbackRequest (object,intptr,intptr,intptr)
0x00007ff810874b7e (mono-2.0-bdwgc) mono_jit_set_domain
0x00007ff8107ad204 (mono-2.0-bdwgc) mono_object_get_virtual_method
0x00007ff8107ad37c (mono-2.0-bdwgc) mono_runtime_invoke
0x00007ffff8ce1288 (UnityPlayer) 
0x00007ffff8ce173b (UnityPlayer) 
0x00007ffff8dcf778 (UnityPlayer) 
0x00007ffff8dcf964 (UnityPlayer) 
0x00007ffff8dcfe82 (UnityPlayer) 
0x00007ffff90233db (UnityPlayer) 
0x00007ffff9025dab (UnityPlayer) 
0x00007ffff902910b (UnityPlayer) 
0x00007ffff90293ab (UnityPlayer) UnityMain
0x00007ff7fb0611f6 (Cities2) 
0x00007ff96a6ae8d7 (KERNEL32) BaseThreadInitThunk
0x00007ff96bb4c53c (ntdll) RtlUserThreadStart

[FileSystem] [WARN]  Lost serialization data for entry "m_FireHazardModifier" of type "FloatingPoint" in node "" because a serialized member of that name could not be found in type Game.Prefabs.ZoneProperties.
0x00007ffff922350d (UnityPlayer) UnityMain
0x00007ffff9223288 (UnityPlayer) UnityMain
0x00007ffff9209cd9 (UnityPlayer) UnityMain
0x00007ffff98a9e51 (UnityPlayer) UnityMain
0x00007ffff888b105 (UnityPlayer) 
0x0000023042b80f33 (Mono JIT Code) (wrapper managed-to-native) UnityEngine.DebugLogHandler:Internal_Log (UnityEngine.LogType,UnityEngine.LogOption,string,UnityEngine.Object)
0x0000023042b80e4b (Mono JIT Code) UnityEngine.DebugLogHandler:LogFormat (UnityEngine.LogType,UnityEngine.Object,string,object[])
0x0000023041124a6a (Mono JIT Code) Colossal.Logging.CustomLogHandler:PostProcessFormat (UnityEngine.LogType,Colossal.Logging.Level,UnityEngine.Object,string,Colossal.Logging.ILog,System.Exception)
0x00000230411241ab (Mono JIT Code) Colossal.Logging.CustomLogHandler:LogFormat (UnityEngine.LogType,UnityEngine.Object,string,object[])
0x0000023041123e71 (Mono JIT Code) UnityEngine.Logger:LogFormat (UnityEngine.LogType,string,object[])
0x000002304112382d (Mono JIT Code) Colossal.Logging.UnityLogger:Log (Colossal.Logging.Level,string,System.Exception)
0x00000230c50e9263 (Mono JIT Code) Colossal.Logging.UnityLogger:Warn (object)
0x00000230c50e91e3 (Mono JIT Code) Colossal.IO.AssetDatabase.PrefabAsset/OdinLogger:LogWarning (string)
0x00000230c50e8fd1 (Mono JIT Code) Colossal.OdinSerializer.DebugContext:LogWarning (string)
0x00000230c509120b (Mono JIT Code) Colossal.OdinSerializer.ReflectionFormatter`1<T_REF>:DeserializeImplementation (T_REF&,Colossal.OdinSerializer.IDataReader)
0x00000230c508e5e1 (Mono JIT Code) Colossal.OdinSerializer.BaseFormatter`1<T_REF>:Deserialize (Colossal.OdinSerializer.IDataReader)
0x00000230c508e173 (Mono JIT Code) Colossal.OdinSerializer.BaseFormatter`1<T_REF>:Colossal.OdinSerializer.IFormatter.Deserialize (Colossal.OdinSerializer.IDataReader)
0x00000230c509be55 (Mono JIT Code) Colossal.OdinSerializer.ComplexTypeSerializer`1<T_REF>:ReadValue (Colossal.OdinSerializer.IDataReader)
0x00000230c509831e (Mono JIT Code) Colossal.OdinSerializer.ListFormatter`1<T_REF>:DeserializeImplementation (System.Collections.Generic.List`1<T_REF>&,Colossal.OdinSerializer.IDataReader)
0x00000230c508e5e1 (Mono JIT Code) Colossal.OdinSerializer.BaseFormatter`1<T_REF>:Deserialize (Colossal.OdinSerializer.IDataReader)
0x00000230c508e173 (Mono JIT Code) Colossal.OdinSerializer.BaseFormatter`1<T_REF>:Colossal.OdinSerializer.IFormatter.Deserialize (Colossal.OdinSerializer.IDataReader)
0x00000230abde49a5 (Mono JIT Code) Colossal.OdinSerializer.AnySerializer:ReadValueWeak (Colossal.OdinSerializer.IDataReader)
0x00000230c5091263 (Mono JIT Code) Colossal.OdinSerializer.ReflectionFormatter`1<T_REF>:DeserializeImplementation (T_REF&,Colossal.OdinSerializer.IDataReader)
0x00000230c508e5e1 (Mono JIT Code) Colossal.OdinSerializer.BaseFormatter`1<T_REF>:Deserialize (Colossal.OdinSerializer.IDataReader)
0x00000230c508e173 (Mono JIT Code) Colossal.OdinSerializer.BaseFormatter`1<T_REF>:Colossal.OdinSerializer.IFormatter.Deserialize (Colossal.OdinSerializer.IDataReader)
0x00000230abde4185 (Mono JIT Code) Colossal.OdinSerializer.AnySerializer:ReadValueWeak (Colossal.OdinSerializer.IDataReader)
0x0000022fcccbea90 (Mono JIT Code) Colossal.OdinSerializer.SerializationUtility:DeserializeValueWeak (Colossal.OdinSerializer.IDataReader)
0x0000022fcccba163 (Mono JIT Code) Colossal.OdinSerializer.SerializationUtility:DeserializeValueWeak (System.IO.Stream,Colossal.OdinSerializer.DataFormat,Colossal.OdinSerializer.DeserializationContext)
0x0000022fcccb48a3 (Mono JIT Code) Colossal.IO.AssetDatabase.PrefabAsset:Load (System.Collections.Generic.HashSet`1<Colossal.IO.AssetDatabase.PrefabAsset>)
0x0000022fcccb40b3 (Mono JIT Code) Colossal.IO.AssetDatabase.PrefabAsset:Load ()
0x0000022fcccb2fb3 (Mono JIT Code) Game.SceneFlow.GameManager/<>c__DisplayClass106_3:<RegisterPdxSdk>g__OnEntryIsInActivePlaysetChanged|16 (Colossal.Hash128,bool)
0x00000230abd4b75a (Mono JIT Code) Colossal.IO.AssetDatabase.ParadoxModsDataSource/<OnActivePlaysetChanged>d__24:MoveNext ()
0x0000023042b2f312 (Mono JIT Code) System.Runtime.CompilerServices.AsyncMethodBuilderCore/MoveNextRunner:InvokeMoveNext (object)
0x0000023041222aae (Mono JIT Code) System.Threading.ExecutionContext:RunInternal (System.Threading.ExecutionContext,System.Threading.ContextCallback,object,bool)
0x00000230412223db (Mono JIT Code) System.Threading.ExecutionContext:Run (System.Threading.ExecutionContext,System.Threading.ContextCallback,object,bool)
0x0000023042b2f1cb (Mono JIT Code) System.Runtime.CompilerServices.AsyncMethodBuilderCore/MoveNextRunner:Run ()
0x0000023044ff6cca (Mono JIT Code) System.Threading.Tasks.AwaitTaskContinuation:InvokeAction (object)
0x0000023042b32175 (Mono JIT Code) System.Threading.Tasks.AwaitTaskContinuation:RunCallback (System.Threading.ContextCallback,object,System.Threading.Tasks.Task&)
0x0000023042b31fd3 (Mono JIT Code) System.Threading.Tasks.SynchronizationContextAwaitTaskContinuation:Run (System.Threading.Tasks.Task,bool)
0x0000023042b2ded7 (Mono JIT Code) System.Threading.Tasks.Task:FinishContinuations ()
0x0000023042b2da73 (Mono JIT Code) System.Threading.Tasks.Task:FinishStageThree ()
0x0000023042b2d853 (Mono JIT Code) System.Threading.Tasks.Task`1<System.Threading.Tasks.VoidTaskResult>:TrySetResult (System.Threading.Tasks.VoidTaskResult)
0x0000023042b31083 (Mono JIT Code) System.Runtime.CompilerServices.AsyncTaskMethodBuilder`1<System.Threading.Tasks.VoidTaskResult>:SetResult (System.Threading.Tasks.VoidTaskResult)
0x0000023042b216b3 (Mono JIT Code) System.Runtime.CompilerServices.AsyncTaskMethodBuilder`1<System.Threading.Tasks.VoidTaskResult>:SetResult (System.Threading.Tasks.Task`1<System.Threading.Tasks.VoidTaskResult>)
0x0000023042b2160b (Mono JIT Code) System.Runtime.CompilerServices.AsyncTaskMethodBuilder:SetResult ()
0x00000230abd4cbeb (Mono JIT Code) Game.Threading.UnityTask/<WaitForGPUFrame>d__2:MoveNext ()
0x0000023042b2f312 (Mono JIT Code) System.Runtime.CompilerServices.AsyncMethodBuilderCore/MoveNextRunner:InvokeMoveNext (object)
0x0000023041222aae (Mono JIT Code) System.Threading.ExecutionContext:RunInternal (System.Threading.ExecutionContext,System.Threading.ContextCallback,object,bool)
0x00000230412223db (Mono JIT Code) System.Threading.ExecutionContext:Run (System.Threading.ExecutionContext,System.Threading.ContextCallback,object,bool)
0x0000023042b2f1cb (Mono JIT Code) System.Runtime.CompilerServices.AsyncMethodBuilderCore/MoveNextRunner:Run ()
0x0000023044ff6cca (Mono JIT Code) System.Threading.Tasks.AwaitTaskContinuation:InvokeAction (object)
0x0000023042b32175 (Mono JIT Code) System.Threading.Tasks.AwaitTaskContinuation:RunCallback (System.Threading.ContextCallback,object,System.Threading.Tasks.Task&)
0x0000023042b31fd3 (Mono JIT Code) System.Threading.Tasks.SynchronizationContextAwaitTaskContinuation:Run (System.Threading.Tasks.Task,bool)
0x0000023042b2ded7 (Mono JIT Code) System.Threading.Tasks.Task:FinishContinuations ()
0x0000023042b2da73 (Mono JIT Code) System.Threading.Tasks.Task:FinishStageThree ()
0x0000022fc4b750e3 (Mono JIT Code) System.Threading.Tasks.Task`1<bool>:TrySetResult (bool)
0x0000022fc4b74f93 (Mono JIT Code) System.Threading.Tasks.TaskCompletionSource`1<bool>:TrySetResult (bool)
0x0000022fc4b8c0d3 (Mono JIT Code) System.Threading.Tasks.TaskCompletionSource`1<bool>:SetResult (bool)
0x00000230abd4dbcb (Mono JIT Code) Game.Threading.UnityTask/<>c__DisplayClass2_0:<WaitForGPUFrame>b__0 (UnityEngine.Rendering.AsyncGPUReadbackRequest)
0x0000022fc4b70554 (Mono JIT Code) (wrapper runtime-invoke) <Module>:runtime_invoke_void__this___AsyncGPUReadbackRequest (object,intptr,intptr,intptr)
0x00007ff810874b7e (mono-2.0-bdwgc) mono_jit_set_domain
0x00007ff8107ad204 (mono-2.0-bdwgc) mono_object_get_virtual_method
0x00007ff8107ad37c (mono-2.0-bdwgc) mono_runtime_invoke
0x00007ffff8ce1288 (UnityPlayer) 
0x00007ffff8ce173b (UnityPlayer) 
0x00007ffff8dcf778 (UnityPlayer) 
0x00007ffff8dcf964 (UnityPlayer) 
0x00007ffff8dcfe82 (UnityPlayer) 
0x00007ffff90233db (UnityPlayer) 
0x00007ffff9025dab (UnityPlayer) 
0x00007ffff902910b (UnityPlayer) 
0x00007ffff90293ab (UnityPlayer) UnityMain
0x00007ff7fb0611f6 (Cities2) 
0x00007ff96a6ae8d7 (KERNEL32) BaseThreadInitThunk
0x00007ff96bb4c53c (ntdll) RtlUserThreadStart

[FileSystem] [WARN]  Lost serialization data for entry "m_FireHazardModifier" of type "FloatingPoint" in node "" because a serialized member of that name could not be found in type Game.Prefabs.ZoneProperties.
0x00007ffff922350d (UnityPlayer) UnityMain
0x00007ffff9223288 (UnityPlayer) UnityMain
0x00007ffff9209cd9 (UnityPlayer) UnityMain
0x00007ffff98a9e51 (UnityPlayer) UnityMain
0x00007ffff888b105 (UnityPlayer) 
0x0000023042b80f33 (Mono JIT Code) (wrapper managed-to-native) UnityEngine.DebugLogHandler:Internal_Log (UnityEngine.LogType,UnityEngine.LogOption,string,UnityEngine.Object)
0x0000023042b80e4b (Mono JIT Code) UnityEngine.DebugLogHandler:LogFormat (UnityEngine.LogType,UnityEngine.Object,string,object[])
0x0000023041124a6a (Mono JIT Code) Colossal.Logging.CustomLogHandler:PostProcessFormat (UnityEngine.LogType,Colossal.Logging.Level,UnityEngine.Object,string,Colossal.Logging.ILog,System.Exception)
0x00000230411241ab (Mono JIT Code) Colossal.Logging.CustomLogHandler:LogFormat (UnityEngine.LogType,UnityEngine.Object,string,object[])
0x0000023041123e71 (Mono JIT Code) UnityEngine.Logger:LogFormat (UnityEngine.LogType,string,object[])
0x000002304112382d (Mono JIT Code) Colossal.Logging.UnityLogger:Log (Colossal.Logging.Level,string,System.Exception)
0x00000230c50e9263 (Mono JIT Code) Colossal.Logging.UnityLogger:Warn (object)
0x00000230c50e91e3 (Mono JIT Code) Colossal.IO.AssetDatabase.PrefabAsset/OdinLogger:LogWarning (string)
0x00000230c50e8fd1 (Mono JIT Code) Colossal.OdinSerializer.DebugContext:LogWarning (string)
0x00000230c509120b (Mono JIT Code) Colossal.OdinSerializer.ReflectionFormatter`1<T_REF>:DeserializeImplementation (T_REF&,Colossal.OdinSerializer.IDataReader)
0x00000230c508e5e1 (Mono JIT Code) Colossal.OdinSerializer.BaseFormatter`1<T_REF>:Deserialize (Colossal.OdinSerializer.IDataReader)
0x00000230c508e173 (Mono JIT Code) Colossal.OdinSerializer.BaseFormatter`1<T_REF>:Colossal.OdinSerializer.IFormatter.Deserialize (Colossal.OdinSerializer.IDataReader)
0x00000230c509be55 (Mono JIT Code) Colossal.OdinSerializer.ComplexTypeSerializer`1<T_REF>:ReadValue (Colossal.OdinSerializer.IDataReader)
0x00000230c509831e (Mono JIT Code) Colossal.OdinSerializer.ListFormatter`1<T_REF>:DeserializeImplementation (System.Collections.Generic.List`1<T_REF>&,Colossal.OdinSerializer.IDataReader)
0x00000230c508e5e1 (Mono JIT Code) Colossal.OdinSerializer.BaseFormatter`1<T_REF>:Deserialize (Colossal.OdinSerializer.IDataReader)
0x00000230c508e173 (Mono JIT Code) Colossal.OdinSerializer.BaseFormatter`1<T_REF>:Colossal.OdinSerializer.IFormatter.Deserialize (Colossal.OdinSerializer.IDataReader)
0x00000230abde49a5 (Mono JIT Code) Colossal.OdinSerializer.AnySerializer:ReadValueWeak (Colossal.OdinSerializer.IDataReader)
0x00000230c5091263 (Mono JIT Code) Colossal.OdinSerializer.ReflectionFormatter`1<T_REF>:DeserializeImplementation (T_REF&,Colossal.OdinSerializer.IDataReader)
0x00000230c508e5e1 (Mono JIT Code) Colossal.OdinSerializer.BaseFormatter`1<T_REF>:Deserialize (Colossal.OdinSerializer.IDataReader)
0x00000230c508e173 (Mono JIT Code) Colossal.OdinSerializer.BaseFormatter`1<T_REF>:Colossal.OdinSerializer.IFormatter.Deserialize (Colossal.OdinSerializer.IDataReader)
0x00000230abde4185 (Mono JIT Code) Colossal.OdinSerializer.AnySerializer:ReadValueWeak (Colossal.OdinSerializer.IDataReader)
0x0000022fcccbea90 (Mono JIT Code) Colossal.OdinSerializer.SerializationUtility:DeserializeValueWeak (Colossal.OdinSerializer.IDataReader)
0x0000022fcccba163 (Mono JIT Code) Colossal.OdinSerializer.SerializationUtility:DeserializeValueWeak (System.IO.Stream,Colossal.OdinSerializer.DataFormat,Colossal.OdinSerializer.DeserializationContext)
0x0000022fcccb48a3 (Mono JIT Code) Colossal.IO.AssetDatabase.PrefabAsset:Load (System.Collections.Generic.HashSet`1<Colossal.IO.AssetDatabase.PrefabAsset>)
0x0000022fcccb40b3 (Mono JIT Code) Colossal.IO.AssetDatabase.PrefabAsset:Load ()
0x0000022fcccb2fb3 (Mono JIT Code) Game.SceneFlow.GameManager/<>c__DisplayClass106_3:<RegisterPdxSdk>g__OnEntryIsInActivePlaysetChanged|16 (Colossal.Hash128,bool)
0x00000230abd4b75a (Mono JIT Code) Colossal.IO.AssetDatabase.ParadoxModsDataSource/<OnActivePlaysetChanged>d__24:MoveNext ()
0x0000023042b2f312 (Mono JIT Code) System.Runtime.CompilerServices.AsyncMethodBuilderCore/MoveNextRunner:InvokeMoveNext (object)
0x0000023041222aae (Mono JIT Code) System.Threading.ExecutionContext:RunInternal (System.Threading.ExecutionContext,System.Threading.ContextCallback,object,bool)
0x00000230412223db (Mono JIT Code) System.Threading.ExecutionContext:Run (System.Threading.ExecutionContext,System.Threading.ContextCallback,object,bool)
0x0000023042b2f1cb (Mono JIT Code) System.Runtime.CompilerServices.AsyncMethodBuilderCore/MoveNextRunner:Run ()
0x0000023044ff6cca (Mono JIT Code) System.Threading.Tasks.AwaitTaskContinuation:InvokeAction (object)
0x0000023042b32175 (Mono JIT Code) System.Threading.Tasks.AwaitTaskContinuation:RunCallback (System.Threading.ContextCallback,object,System.Threading.Tasks.Task&)
0x0000023042b31fd3 (Mono JIT Code) System.Threading.Tasks.SynchronizationContextAwaitTaskContinuation:Run (System.Threading.Tasks.Task,bool)
0x0000023042b2ded7 (Mono JIT Code) System.Threading.Tasks.Task:FinishContinuations ()
0x0000023042b2da73 (Mono JIT Code) System.Threading.Tasks.Task:FinishStageThree ()
0x0000023042b2d853 (Mono JIT Code) System.Threading.Tasks.Task`1<System.Threading.Tasks.VoidTaskResult>:TrySetResult (System.Threading.Tasks.VoidTaskResult)
0x0000023042b31083 (Mono JIT Code) System.Runtime.CompilerServices.AsyncTaskMethodBuilder`1<System.Threading.Tasks.VoidTaskResult>:SetResult (System.Threading.Tasks.VoidTaskResult)
0x0000023042b216b3 (Mono JIT Code) System.Runtime.CompilerServices.AsyncTaskMethodBuilder`1<System.Threading.Tasks.VoidTaskResult>:SetResult (System.Threading.Tasks.Task`1<System.Threading.Tasks.VoidTaskResult>)
0x0000023042b2160b (Mono JIT Code) System.Runtime.CompilerServices.AsyncTaskMethodBuilder:SetResult ()
0x00000230abd4cbeb (Mono JIT Code) Game.Threading.UnityTask/<WaitForGPUFrame>d__2:MoveNext ()
0x0000023042b2f312 (Mono JIT Code) System.Runtime.CompilerServices.AsyncMethodBuilderCore/MoveNextRunner:InvokeMoveNext (object)
0x0000023041222aae (Mono JIT Code) System.Threading.ExecutionContext:RunInternal (System.Threading.ExecutionContext,System.Threading.ContextCallback,object,bool)
0x00000230412223db (Mono JIT Code) System.Threading.ExecutionContext:Run (System.Threading.ExecutionContext,System.Threading.ContextCallback,object,bool)
0x0000023042b2f1cb (Mono JIT Code) System.Runtime.CompilerServices.AsyncMethodBuilderCore/MoveNextRunner:Run ()
0x0000023044ff6cca (Mono JIT Code) System.Threading.Tasks.AwaitTaskContinuation:InvokeAction (object)
0x0000023042b32175 (Mono JIT Code) System.Threading.Tasks.AwaitTaskContinuation:RunCallback (System.Threading.ContextCallback,object,System.Threading.Tasks.Task&)
0x0000023042b31fd3 (Mono JIT Code) System.Threading.Tasks.SynchronizationContextAwaitTaskContinuation:Run (System.Threading.Tasks.Task,bool)
0x0000023042b2ded7 (Mono JIT Code) System.Threading.Tasks.Task:FinishContinuations ()
0x0000023042b2da73 (Mono JIT Code) System.Threading.Tasks.Task:FinishStageThree ()
0x0000022fc4b750e3 (Mono JIT Code) System.Threading.Tasks.Task`1<bool>:TrySetResult (bool)
0x0000022fc4b74f93 (Mono JIT Code) System.Threading.Tasks.TaskCompletionSource`1<bool>:TrySetResult (bool)
0x0000022fc4b8c0d3 (Mono JIT Code) System.Threading.Tasks.TaskCompletionSource`1<bool>:SetResult (bool)
0x00000230abd4dbcb (Mono JIT Code) Game.Threading.UnityTask/<>c__DisplayClass2_0:<WaitForGPUFrame>b__0 (UnityEngine.Rendering.AsyncGPUReadbackRequest)
0x0000022fc4b70554 (Mono JIT Code) (wrapper runtime-invoke) <Module>:runtime_invoke_void__this___AsyncGPUReadbackRequest (object,intptr,intptr,intptr)
0x00007ff810874b7e (mono-2.0-bdwgc) mono_jit_set_domain
0x00007ff8107ad204 (mono-2.0-bdwgc) mono_object_get_virtual_method
0x00007ff8107ad37c (mono-2.0-bdwgc) mono_runtime_invoke
0x00007ffff8ce1288 (UnityPlayer) 
0x00007ffff8ce173b (UnityPlayer) 
0x00007ffff8dcf778 (UnityPlayer) 
0x00007ffff8dcf964 (UnityPlayer) 
0x00007ffff8dcfe82 (UnityPlayer) 
0x00007ffff90233db (UnityPlayer) 
0x00007ffff9025dab (UnityPlayer) 
0x00007ffff902910b (UnityPlayer) 
0x00007ffff90293ab (UnityPlayer) UnityMain
0x00007ff7fb0611f6 (Cities2) 
0x00007ff96a6ae8d7 (KERNEL32) BaseThreadInitThunk
0x00007ff96bb4c53c (ntdll) RtlUserThreadStart

[SceneFlow] [WARN]  Duplicate prefab ID: BuildingExtensionPrefab:Elementary School 01 Extension Wing (USSW_ElementarySchool01_Sub01 (PrefabAsset:4c4d7209ee291bf8d5deb7f3e30d90b6 [assetdb://paradoxmods/mods_subscribed/101898_2/USA%20Southwest%20Pack.cok@USSW_ElementarySchool01_Sub01.Prefab]))
0x00007ffff922350d (UnityPlayer) UnityMain
0x00007ffff9223288 (UnityPlayer) UnityMain
0x00007ffff9209cd9 (UnityPlayer) UnityMain
0x00007ffff98a9e51 (UnityPlayer) UnityMain
0x00007ffff888b105 (UnityPlayer) 
0x0000023042b80f33 (Mono JIT Code) (wrapper managed-to-native) UnityEngine.DebugLogHandler:Internal_Log (UnityEngine.LogType,UnityEngine.LogOption,string,UnityEngine.Object)
0x0000023042b80e4b (Mono JIT Code) UnityEngine.DebugLogHandler:LogFormat (UnityEngine.LogType,UnityEngine.Object,string,object[])
0x0000023041124a6a (Mono JIT Code) Colossal.Logging.CustomLogHandler:PostProcessFormat (UnityEngine.LogType,Colossal.Logging.Level,UnityEngine.Object,string,Colossal.Logging.ILog,System.Exception)
0x00000230411241ab (Mono JIT Code) Colossal.Logging.CustomLogHandler:LogFormat (UnityEngine.LogType,UnityEngine.Object,string,object[])
0x00000230c50f1712 (Mono JIT Code) UnityEngine.Logger:LogFormat (UnityEngine.LogType,UnityEngine.Object,string,object[])
0x00000230c50f1686 (Mono JIT Code) Colossal.Logging.UnityLogger:Log (Colossal.Logging.Level,string,System.Exception,UnityEngine.Object)
0x00000230c50f14d3 (Mono JIT Code) Colossal.Logging.UnityLogger:WarnFormat (UnityEngine.Object,string,object,object)
0x00000230abb27e98 (Mono JIT Code) Game.Prefabs.PrefabSystem:AddPrefab (Game.Prefabs.PrefabBase,string,Game.Prefabs.PrefabBase,Game.Prefabs.ComponentBase)
0x0000022fcccb3023 (Mono JIT Code) Game.SceneFlow.GameManager/<>c__DisplayClass106_3:<RegisterPdxSdk>g__OnEntryIsInActivePlaysetChanged|16 (Colossal.Hash128,bool)
0x00000230abd4b75a (Mono JIT Code) Colossal.IO.AssetDatabase.ParadoxModsDataSource/<OnActivePlaysetChanged>d__24:MoveNext ()
0x0000023042b2f312 (Mono JIT Code) System.Runtime.CompilerServices.AsyncMethodBuilderCore/MoveNextRunner:InvokeMoveNext (object)
0x0000023041222aae (Mono JIT Code) System.Threading.ExecutionContext:RunInternal (System.Threading.ExecutionContext,System.Threading.ContextCallback,object,bool)
0x00000230412223db (Mono JIT Code) System.Threading.ExecutionContext:Run (System.Threading.ExecutionContext,System.Threading.ContextCallback,object,bool)
0x0000023042b2f1cb (Mono JIT Code) System.Runtime.CompilerServices.AsyncMethodBuilderCore/MoveNextRunner:Run ()
0x0000023044ff6cca (Mono JIT Code) System.Threading.Tasks.AwaitTaskContinuation:InvokeAction (object)
0x0000023042b32175 (Mono JIT Code) System.Threading.Tasks.AwaitTaskContinuation:RunCallback (System.Threading.ContextCallback,object,System.Threading.Tasks.Task&)
0x0000023042b31fd3 (Mono JIT Code) System.Threading.Tasks.SynchronizationContextAwaitTaskContinuation:Run (System.Threading.Tasks.Task,bool)
0x0000023042b2ded7 (Mono JIT Code) System.Threading.Tasks.Task:FinishContinuations ()
0x0000023042b2da73 (Mono JIT Code) System.Threading.Tasks.Task:FinishStageThree ()
0x0000023042b2d853 (Mono JIT Code) System.Threading.Tasks.Task`1<System.Threading.Tasks.VoidTaskResult>:TrySetResult (System.Threading.Tasks.VoidTaskResult)
0x0000023042b31083 (Mono JIT Code) System.Runtime.CompilerServices.AsyncTaskMethodBuilder`1<System.Threading.Tasks.VoidTaskResult>:SetResult (System.Threading.Tasks.VoidTaskResult)
0x0000023042b216b3 (Mono JIT Code) System.Runtime.CompilerServices.AsyncTaskMethodBuilder`1<System.Threading.Tasks.VoidTaskResult>:SetResult (System.Threading.Tasks.Task`1<System.Threading.Tasks.VoidTaskResult>)
0x0000023042b2160b (Mono JIT Code) System.Runtime.CompilerServices.AsyncTaskMethodBuilder:SetResult ()
0x00000230abd4cbeb (Mono JIT Code) Game.Threading.UnityTask/<WaitForGPUFrame>d__2:MoveNext ()
0x0000023042b2f312 (Mono JIT Code) System.Runtime.CompilerServices.AsyncMethodBuilderCore/MoveNextRunner:InvokeMoveNext (object)
0x0000023041222aae (Mono JIT Code) System.Threading.ExecutionContext:RunInternal (System.Threading.ExecutionContext,System.Threading.ContextCallback,object,bool)
0x00000230412223db (Mono JIT Code) System.Threading.ExecutionContext:Run (System.Threading.ExecutionContext,System.Threading.ContextCallback,object,bool)
0x0000023042b2f1cb (Mono JIT Code) System.Runtime.CompilerServices.AsyncMethodBuilderCore/MoveNextRunner:Run ()
0x0000023044ff6cca (Mono JIT Code) System.Threading.Tasks.AwaitTaskContinuation:InvokeAction (object)
0x0000023042b32175 (Mono JIT Code) System.Threading.Tasks.AwaitTaskContinuation:RunCallback (System.Threading.ContextCallback,object,System.Threading.Tasks.Task&)
0x0000023042b31fd3 (Mono JIT Code) System.Threading.Tasks.SynchronizationContextAwaitTaskContinuation:Run (System.Threading.Tasks.Task,bool)
0x0000023042b2ded7 (Mono JIT Code) System.Threading.Tasks.Task:FinishContinuations ()
0x0000023042b2da73 (Mono JIT Code) System.Threading.Tasks.Task:FinishStageThree ()
0x0000022fc4b750e3 (Mono JIT Code) System.Threading.Tasks.Task`1<bool>:TrySetResult (bool)
0x0000022fc4b74f93 (Mono JIT Code) System.Threading.Tasks.TaskCompletionSource`1<bool>:TrySetResult (bool)
0x0000022fc4b8c0d3 (Mono JIT Code) System.Threading.Tasks.TaskCompletionSource`1<bool>:SetResult (bool)
0x00000230abd4dbcb (Mono JIT Code) Game.Threading.UnityTask/<>c__DisplayClass2_0:<WaitForGPUFrame>b__0 (UnityEngine.Rendering.AsyncGPUReadbackRequest)
0x0000022fc4b70554 (Mono JIT Code) (wrapper runtime-invoke) <Module>:runtime_invoke_void__this___AsyncGPUReadbackRequest (object,intptr,intptr,intptr)
0x00007ff810874b7e (mono-2.0-bdwgc) mono_jit_set_domain
0x00007ff8107ad204 (mono-2.0-bdwgc) mono_object_get_virtual_method
0x00007ff8107ad37c (mono-2.0-bdwgc) mono_runtime_invoke
0x00007ffff8ce1288 (UnityPlayer) 
0x00007ffff8ce173b (UnityPlayer) 
0x00007ffff8dcf778 (UnityPlayer) 
0x00007ffff8dcf964 (UnityPlayer) 
0x00007ffff8dcfe82 (UnityPlayer) 
0x00007ffff90233db (UnityPlayer) 
0x00007ffff9025dab (UnityPlayer) 
0x00007ffff902910b (UnityPlayer) 
0x00007ffff90293ab (UnityPlayer) UnityMain
0x00007ff7fb0611f6 (Cities2) 
0x00007ff96a6ae8d7 (KERNEL32) BaseThreadInitThunk
0x00007ff96bb4c53c (ntdll) RtlUserThreadStart

[SceneFlow] [WARN]  Duplicate prefab ID: BuildingExtensionPrefab:Medical_Clinic_01 Ambulance Depot (USSW_HospitalExt1_2x8 (PrefabAsset:18c7819187a013090d7d4e89442944c5 [assetdb://paradoxmods/mods_subscribed/101898_2/USA%20Southwest%20Pack.cok@USSW_HospitalExt1_2x8.Prefab]))
0x00007ffff922350d (UnityPlayer) UnityMain
0x00007ffff9223288 (UnityPlayer) UnityMain
0x00007ffff9209cd9 (UnityPlayer) UnityMain
0x00007ffff98a9e51 (UnityPlayer) UnityMain
0x00007ffff888b105 (UnityPlayer) 
0x0000023042b80f33 (Mono JIT Code) (wrapper managed-to-native) UnityEngine.DebugLogHandler:Internal_Log (UnityEngine.LogType,UnityEngine.LogOption,string,UnityEngine.Object)
0x0000023042b80e4b (Mono JIT Code) UnityEngine.DebugLogHandler:LogFormat (UnityEngine.LogType,UnityEngine.Object,string,object[])
0x0000023041124a6a (Mono JIT Code) Colossal.Logging.CustomLogHandler:PostProcessFormat (UnityEngine.LogType,Colossal.Logging.Level,UnityEngine.Object,string,Colossal.Logging.ILog,System.Exception)
0x00000230411241ab (Mono JIT Code) Colossal.Logging.CustomLogHandler:LogFormat (UnityEngine.LogType,UnityEngine.Object,string,object[])
0x00000230c50f1712 (Mono JIT Code) UnityEngine.Logger:LogFormat (UnityEngine.LogType,UnityEngine.Object,string,object[])
0x00000230c50f1686 (Mono JIT Code) Colossal.Logging.UnityLogger:Log (Colossal.Logging.Level,string,System.Exception,UnityEngine.Object)
0x00000230c50f14d3 (Mono JIT Code) Colossal.Logging.UnityLogger:WarnFormat (UnityEngine.Object,string,object,object)
0x00000230abb27e98 (Mono JIT Code) Game.Prefabs.PrefabSystem:AddPrefab (Game.Prefabs.PrefabBase,string,Game.Prefabs.PrefabBase,Game.Prefabs.ComponentBase)
0x0000022fcccb3023 (Mono JIT Code) Game.SceneFlow.GameManager/<>c__DisplayClass106_3:<RegisterPdxSdk>g__OnEntryIsInActivePlaysetChanged|16 (Colossal.Hash128,bool)
0x00000230abd4b75a (Mono JIT Code) Colossal.IO.AssetDatabase.ParadoxModsDataSource/<OnActivePlaysetChanged>d__24:MoveNext ()
0x0000023042b2f312 (Mono JIT Code) System.Runtime.CompilerServices.AsyncMethodBuilderCore/MoveNextRunner:InvokeMoveNext (object)
0x0000023041222aae (Mono JIT Code) System.Threading.ExecutionContext:RunInternal (System.Threading.ExecutionContext,System.Threading.ContextCallback,object,bool)
0x00000230412223db (Mono JIT Code) System.Threading.ExecutionContext:Run (System.Threading.ExecutionContext,System.Threading.ContextCallback,object,bool)
0x0000023042b2f1cb (Mono JIT Code) System.Runtime.CompilerServices.AsyncMethodBuilderCore/MoveNextRunner:Run ()
0x0000023044ff6cca (Mono JIT Code) System.Threading.Tasks.AwaitTaskContinuation:InvokeAction (object)
0x0000023042b32175 (Mono JIT Code) System.Threading.Tasks.AwaitTaskContinuation:RunCallback (System.Threading.ContextCallback,object,System.Threading.Tasks.Task&)
0x0000023042b31fd3 (Mono JIT Code) System.Threading.Tasks.SynchronizationContextAwaitTaskContinuation:Run (System.Threading.Tasks.Task,bool)
0x0000023042b2ded7 (Mono JIT Code) System.Threading.Tasks.Task:FinishContinuations ()
0x0000023042b2da73 (Mono JIT Code) System.Threading.Tasks.Task:FinishStageThree ()
0x0000023042b2d853 (Mono JIT Code) System.Threading.Tasks.Task`1<System.Threading.Tasks.VoidTaskResult>:TrySetResult (System.Threading.Tasks.VoidTaskResult)
0x0000023042b31083 (Mono JIT Code) System.Runtime.CompilerServices.AsyncTaskMethodBuilder`1<System.Threading.Tasks.VoidTaskResult>:SetResult (System.Threading.Tasks.VoidTaskResult)
0x0000023042b216b3 (Mono JIT Code) System.Runtime.CompilerServices.AsyncTaskMethodBuilder`1<System.Threading.Tasks.VoidTaskResult>:SetResult (System.Threading.Tasks.Task`1<System.Threading.Tasks.VoidTaskResult>)
0x0000023042b2160b (Mono JIT Code) System.Runtime.CompilerServices.AsyncTaskMethodBuilder:SetResult ()
0x00000230abd4cbeb (Mono JIT Code) Game.Threading.UnityTask/<WaitForGPUFrame>d__2:MoveNext ()
0x0000023042b2f312 (Mono JIT Code) System.Runtime.CompilerServices.AsyncMethodBuilderCore/MoveNextRunner:InvokeMoveNext (object)
0x0000023041222aae (Mono JIT Code) System.Threading.ExecutionContext:RunInternal (System.Threading.ExecutionContext,System.Threading.ContextCallback,object,bool)
0x00000230412223db (Mono JIT Code) System.Threading.ExecutionContext:Run (System.Threading.ExecutionContext,System.Threading.ContextCallback,object,bool)
0x0000023042b2f1cb (Mono JIT Code) System.Runtime.CompilerServices.AsyncMethodBuilderCore/MoveNextRunner:Run ()
0x0000023044ff6cca (Mono JIT Code) System.Threading.Tasks.AwaitTaskContinuation:InvokeAction (object)
0x0000023042b32175 (Mono JIT Code) System.Threading.Tasks.AwaitTaskContinuation:RunCallback (System.Threading.ContextCallback,object,System.Threading.Tasks.Task&)
0x0000023042b31fd3 (Mono JIT Code) System.Threading.Tasks.SynchronizationContextAwaitTaskContinuation:Run (System.Threading.Tasks.Task,bool)
0x0000023042b2ded7 (Mono JIT Code) System.Threading.Tasks.Task:FinishContinuations ()
0x0000023042b2da73 (Mono JIT Code) System.Threading.Tasks.Task:FinishStageThree ()
0x0000022fc4b750e3 (Mono JIT Code) System.Threading.Tasks.Task`1<bool>:TrySetResult (bool)
0x0000022fc4b74f93 (Mono JIT Code) System.Threading.Tasks.TaskCompletionSource`1<bool>:TrySetResult (bool)
0x0000022fc4b8c0d3 (Mono JIT Code) System.Threading.Tasks.TaskCompletionSource`1<bool>:SetResult (bool)
0x00000230abd4dbcb (Mono JIT Code) Game.Threading.UnityTask/<>c__DisplayClass2_0:<WaitForGPUFrame>b__0 (UnityEngine.Rendering.AsyncGPUReadbackRequest)
0x0000022fc4b70554 (Mono JIT Code) (wrapper runtime-invoke) <Module>:runtime_invoke_void__this___AsyncGPUReadbackRequest (object,intptr,intptr,intptr)
0x00007ff810874b7e (mono-2.0-bdwgc) mono_jit_set_domain
0x00007ff8107ad204 (mono-2.0-bdwgc) mono_object_get_virtual_method
0x00007ff8107ad37c (mono-2.0-bdwgc) mono_runtime_invoke
0x00007ffff8ce1288 (UnityPlayer) 
0x00007ffff8ce173b (UnityPlayer) 
0x00007ffff8dcf778 (UnityPlayer) 
0x00007ffff8dcf964 (UnityPlayer) 
0x00007ffff8dcfe82 (UnityPlayer) 
0x00007ffff90233db (UnityPlayer) 
0x00007ffff9025dab (UnityPlayer) 
0x00007ffff902910b (UnityPlayer) 
0x00007ffff90293ab (UnityPlayer) UnityMain
0x00007ff7fb0611f6 (Cities2) 
0x00007ff96a6ae8d7 (KERNEL32) BaseThreadInitThunk
0x00007ff96bb4c53c (ntdll) RtlUserThreadStart

[SceneFlow] [WARN]  Duplicate prefab ID: BuildingExtensionPrefab:Medical_Clinic_01 Ambulance Depot (USSW_HospitalExt2_2x8 (PrefabAsset:e311ae7e12a496ef4da07db2074c1e35 [assetdb://paradoxmods/mods_subscribed/101898_2/USA%20Southwest%20Pack.cok@USSW_HospitalExt2_2x8.Prefab]))
0x00007ffff922350d (UnityPlayer) UnityMain
0x00007ffff9223288 (UnityPlayer) UnityMain
0x00007ffff9209cd9 (UnityPlayer) UnityMain
0x00007ffff98a9e51 (UnityPlayer) UnityMain
0x00007ffff888b105 (UnityPlayer) 
0x0000023042b80f33 (Mono JIT Code) (wrapper managed-to-native) UnityEngine.DebugLogHandler:Internal_Log (UnityEngine.LogType,UnityEngine.LogOption,string,UnityEngine.Object)
0x0000023042b80e4b (Mono JIT Code) UnityEngine.DebugLogHandler:LogFormat (UnityEngine.LogType,UnityEngine.Object,string,object[])
0x0000023041124a6a (Mono JIT Code) Colossal.Logging.CustomLogHandler:PostProcessFormat (UnityEngine.LogType,Colossal.Logging.Level,UnityEngine.Object,string,Colossal.Logging.ILog,System.Exception)
0x00000230411241ab (Mono JIT Code) Colossal.Logging.CustomLogHandler:LogFormat (UnityEngine.LogType,UnityEngine.Object,string,object[])
0x00000230c50f1712 (Mono JIT Code) UnityEngine.Logger:LogFormat (UnityEngine.LogType,UnityEngine.Object,string,object[])
0x00000230c50f1686 (Mono JIT Code) Colossal.Logging.UnityLogger:Log (Colossal.Logging.Level,string,System.Exception,UnityEngine.Object)
0x00000230c50f14d3 (Mono JIT Code) Colossal.Logging.UnityLogger:WarnFormat (UnityEngine.Object,string,object,object)
0x00000230abb27e98 (Mono JIT Code) Game.Prefabs.PrefabSystem:AddPrefab (Game.Prefabs.PrefabBase,string,Game.Prefabs.PrefabBase,Game.Prefabs.ComponentBase)
0x0000022fcccb3023 (Mono JIT Code) Game.SceneFlow.GameManager/<>c__DisplayClass106_3:<RegisterPdxSdk>g__OnEntryIsInActivePlaysetChanged|16 (Colossal.Hash128,bool)
0x00000230abd4b75a (Mono JIT Code) Colossal.IO.AssetDatabase.ParadoxModsDataSource/<OnActivePlaysetChanged>d__24:MoveNext ()
0x0000023042b2f312 (Mono JIT Code) System.Runtime.CompilerServices.AsyncMethodBuilderCore/MoveNextRunner:InvokeMoveNext (object)
0x0000023041222aae (Mono JIT Code) System.Threading.ExecutionContext:RunInternal (System.Threading.ExecutionContext,System.Threading.ContextCallback,object,bool)
0x00000230412223db (Mono JIT Code) System.Threading.ExecutionContext:Run (System.Threading.ExecutionContext,System.Threading.ContextCallback,object,bool)
0x0000023042b2f1cb (Mono JIT Code) System.Runtime.CompilerServices.AsyncMethodBuilderCore/MoveNextRunner:Run ()
0x0000023044ff6cca (Mono JIT Code) System.Threading.Tasks.AwaitTaskContinuation:InvokeAction (object)
0x0000023042b32175 (Mono JIT Code) System.Threading.Tasks.AwaitTaskContinuation:RunCallback (System.Threading.ContextCallback,object,System.Threading.Tasks.Task&)
0x0000023042b31fd3 (Mono JIT Code) System.Threading.Tasks.SynchronizationContextAwaitTaskContinuation:Run (System.Threading.Tasks.Task,bool)
0x0000023042b2ded7 (Mono JIT Code) System.Threading.Tasks.Task:FinishContinuations ()
0x0000023042b2da73 (Mono JIT Code) System.Threading.Tasks.Task:FinishStageThree ()
0x0000023042b2d853 (Mono JIT Code) System.Threading.Tasks.Task`1<System.Threading.Tasks.VoidTaskResult>:TrySetResult (System.Threading.Tasks.VoidTaskResult)
0x0000023042b31083 (Mono JIT Code) System.Runtime.CompilerServices.AsyncTaskMethodBuilder`1<System.Threading.Tasks.VoidTaskResult>:SetResult (System.Threading.Tasks.VoidTaskResult)
0x0000023042b216b3 (Mono JIT Code) System.Runtime.CompilerServices.AsyncTaskMethodBuilder`1<System.Threading.Tasks.VoidTaskResult>:SetResult (System.Threading.Tasks.Task`1<System.Threading.Tasks.VoidTaskResult>)
0x0000023042b2160b (Mono JIT Code) System.Runtime.CompilerServices.AsyncTaskMethodBuilder:SetResult ()
0x00000230abd4cbeb (Mono JIT Code) Game.Threading.UnityTask/<WaitForGPUFrame>d__2:MoveNext ()
0x0000023042b2f312 (Mono JIT Code) System.Runtime.CompilerServices.AsyncMethodBuilderCore/MoveNextRunner:InvokeMoveNext (object)
0x0000023041222aae (Mono JIT Code) System.Threading.ExecutionContext:RunInternal (System.Threading.ExecutionContext,System.Threading.ContextCallback,object,bool)
0x00000230412223db (Mono JIT Code) System.Threading.ExecutionContext:Run (System.Threading.ExecutionContext,System.Threading.ContextCallback,object,bool)
0x0000023042b2f1cb (Mono JIT Code) System.Runtime.CompilerServices.AsyncMethodBuilderCore/MoveNextRunner:Run ()
0x0000023044ff6cca (Mono JIT Code) System.Threading.Tasks.AwaitTaskContinuation:InvokeAction (object)
0x0000023042b32175 (Mono JIT Code) System.Threading.Tasks.AwaitTaskContinuation:RunCallback (System.Threading.ContextCallback,object,System.Threading.Tasks.Task&)
0x0000023042b31fd3 (Mono JIT Code) System.Threading.Tasks.SynchronizationContextAwaitTaskContinuation:Run (System.Threading.Tasks.Task,bool)
0x0000023042b2ded7 (Mono JIT Code) System.Threading.Tasks.Task:FinishContinuations ()
0x0000023042b2da73 (Mono JIT Code) System.Threading.Tasks.Task:FinishStageThree ()
0x0000022fc4b750e3 (Mono JIT Code) System.Threading.Tasks.Task`1<bool>:TrySetResult (bool)
0x0000022fc4b74f93 (Mono JIT Code) System.Threading.Tasks.TaskCompletionSource`1<bool>:TrySetResult (bool)
0x0000022fc4b8c0d3 (Mono JIT Code) System.Threading.Tasks.TaskCompletionSource`1<bool>:SetResult (bool)
0x00000230abd4dbcb (Mono JIT Code) Game.Threading.UnityTask/<>c__DisplayClass2_0:<WaitForGPUFrame>b__0 (UnityEngine.Rendering.AsyncGPUReadbackRequest)
0x0000022fc4b70554 (Mono JIT Code) (wrapper runtime-invoke) <Module>:runtime_invoke_void__this___AsyncGPUReadbackRequest (object,intptr,intptr,intptr)
0x00007ff810874b7e (mono-2.0-bdwgc) mono_jit_set_domain
0x00007ff8107ad204 (mono-2.0-bdwgc) mono_object_get_virtual_method
0x00007ff8107ad37c (mono-2.0-bdwgc) mono_runtime_invoke
0x00007ffff8ce1288 (UnityPlayer) 
0x00007ffff8ce173b (UnityPlayer) 
0x00007ffff8dcf778 (UnityPlayer) 
0x00007ffff8dcf964 (UnityPlayer) 
0x00007ffff8dcfe82 (UnityPlayer) 
0x00007ffff90233db (UnityPlayer) 
0x00007ffff9025dab (UnityPlayer) 
0x00007ffff902910b (UnityPlayer) 
0x00007ffff90293ab (UnityPlayer) UnityMain
0x00007ff7fb0611f6 (Cities2) 
0x00007ff96a6ae8d7 (KERNEL32) BaseThreadInitThunk
0x00007ff96bb4c53c (ntdll) RtlUserThreadStart

Fallback handler could not load library C:/Program Files (x86)/Steam/steamapps/common/Cities Skylines II/Cities2_Data/MonoBleedingEdge/data-00000230CFA0A040.dll
Fallback handler could not load library C:/Program Files (x86)/Steam/steamapps/common/Cities Skylines II/Cities2_Data/MonoBleedingEdge/data-00000230B26DF740.dll
Fallback handler could not load library C:/Program Files (x86)/Steam/steamapps/common/Cities Skylines II/Cities2_Data/MonoBleedingEdge/data-00000230639A9260.dll
Fallback handler could not load library C:/Program Files (x86)/Steam/steamapps/common/Cities Skylines II/Cities2_Data/MonoBleedingEdge/data-00000230CFDB40D0.dll
Fallback handler could not load library C:/Program Files (x86)/Steam/steamapps/common/Cities Skylines II/Cities2_Data/MonoBleedingEdge/data-00000230D1E02040.dll
Fallback handler could not load library C:/Program Files (x86)/Steam/steamapps/common/Cities Skylines II/Cities2_Data/MonoBleedingEdge/data-00000230B2E29640.dll
Fallback handler could not load library C:/Program Files (x86)/Steam/steamapps/common/Cities Skylines II/Cities2_Data/MonoBleedingEdge/data-00000230B2E27210.dll
Fallback handler could not load library C:/Program Files (x86)/Steam/steamapps/common/Cities Skylines II/Cities2_Data/MonoBleedingEdge/data-00000230D17E81E0.dll
Fallback handler could not load library C:/Program Files (x86)/Steam/steamapps/common/Cities Skylines II/Cities2_Data/MonoBleedingEdge/data-00000230D191A020.dll
Fallback handler could not load library C:/Program Files (x86)/Steam/steamapps/common/Cities Skylines II/Cities2_Data/MonoBleedingEdge/data-00000230E7080080.dll
Fallback handler could not load library C:/Program Files (x86)/Steam/steamapps/common/Cities Skylines II/Cities2_Data/MonoBleedingEdge/data-00000230D1DD56E0.dll
Fallback handler could not load library C:/Program Files (x86)/Steam/steamapps/common/Cities Skylines II/Cities2_Data/MonoBleedingEdge/data-00000230E70EF010.dll
Fallback handler could not load library C:/Program Files (x86)/Steam/steamapps/common/Cities Skylines II/Cities2_Data/MonoBleedingEdge/data-0000022F805A7890.dll
Fallback handler could not load library C:/Program Files (x86)/Steam/steamapps/common/Cities Skylines II/Cities2_Data/MonoBleedingEdge/data-00000230E7295020.dll
Fallback handler could not load library C:/Program Files (x86)/Steam/steamapps/common/Cities Skylines II/Cities2_Data/MonoBleedingEdge/data-00000230E72F2460.dll
Fallback handler could not load library C:/Program Files (x86)/Steam/steamapps/common/Cities Skylines II/Cities2_Data/MonoBleedingEdge/data-00000230E74B1010.dll
Fallback handler could not load library C:/Program Files (x86)/Steam/steamapps/common/Cities Skylines II/Cities2_Data/MonoBleedingEdge/data-00000230E7527320.dll
Fallback handler could not load library C:/Program Files (x86)/Steam/steamapps/common/Cities Skylines II/Cities2_Data/MonoBleedingEdge/data-00000230E80CB040.dll
Fallback handler could not load library C:/Program Files (x86)/Steam/steamapps/common/Cities Skylines II/Cities2_Data/MonoBleedingEdge/data-00000230D1C8E8E0.dll
Fallback handler could not load library C:/Program Files (x86)/Steam/steamapps/common/Cities Skylines II/Cities2_Data/MonoBleedingEdge/data-00000230E7922010.dll
Fallback handler could not load library C:/Program Files (x86)/Steam/steamapps/common/Cities Skylines II/Cities2_Data/MonoBleedingEdge/data-00000230E79B0010.dll
Fallback handler could not load library C:/Program Files (x86)/Steam/steamapps/common/Cities Skylines II/Cities2_Data/MonoBleedingEdge/data-00000230AF44A010.dll
Fallback handler could not load library C:/Program Files (x86)/Steam/steamapps/common/Cities Skylines II/Cities2_Data/MonoBleedingEdge/data-00000230E8A5F010.dll
Fallback handler could not load library C:/Program Files (x86)/Steam/steamapps/common/Cities Skylines II/Cities2_Data/MonoBleedingEdge/data-00000230E86BA030.dll
Fallback handler could not load library C:/Program Files (x86)/Steam/steamapps/common/Cities Skylines II/Cities2_Data/MonoBleedingEdge/data-00000230E7E79030.dll
Fallback handler could not load library C:/Program Files (x86)/Steam/steamapps/common/Cities Skylines II/Cities2_Data/MonoBleedingEdge/data-00000230E78DF030.dll
Fallback handler could not load library C:/Program Files (x86)/Steam/steamapps/common/Cities Skylines II/Cities2_Data/MonoBleedingEdge/data-00000230E88BA1D0.dll
Fallback handler could not load library C:/Program Files (x86)/Steam/steamapps/common/Cities Skylines II/Cities2_Data/MonoBleedingEdge/data-00000230E88D05C0.dll
Fallback handler could not load library C:/Program Files (x86)/Steam/steamapps/common/Cities Skylines II/Cities2_Data/MonoBleedingEdge/data-00000230E9624040.dll
Fallback handler could not load library C:/Program Files (x86)/Steam/steamapps/common/Cities Skylines II/Cities2_Data/MonoBleedingEdge/data-00000230B2E2A250.dll
Fallback handler could not load library C:/Program Files (x86)/Steam/steamapps/common/Cities Skylines II/Cities2_Data/MonoBleedingEdge/data-00000230E8AFB160.dll
Fallback handler could not load library C:/Program Files (x86)/Steam/steamapps/common/Cities Skylines II/Cities2_Data/MonoBleedingEdge/data-0000022F805B0500.dll
Fallback handler could not load library C:/Program Files (x86)/Steam/steamapps/common/Cities Skylines II/Cities2_Data/MonoBleedingEdge/data-00000230E8B94700.dll
Fallback handler could not load library C:/Program Files (x86)/Steam/steamapps/common/Cities Skylines II/Cities2_Data/MonoBleedingEdge/data-00000230E7CC8890.dll
Fallback handler could not load library C:/Program Files (x86)/Steam/steamapps/common/Cities Skylines II/Cities2_Data/MonoBleedingEdge/data-0000022F805AC8D0.dll
Virtual texturing: Created a 329MB VT cache, sizes 16368x8448x2(2 mips), format BC7
Virtual texturing: Created a 649MB VT cache, sizes 16368x11088x3(2 mips), format BC7
[SceneFlow] [WARN]  Duplicate prefab ID: NetPiecePrefab:Train Track Piece 4
0x00007ffff922350d (UnityPlayer) UnityMain
0x00007ffff9223288 (UnityPlayer) UnityMain
0x00007ffff9209cd9 (UnityPlayer) UnityMain
0x00007ffff98a9e51 (UnityPlayer) UnityMain
0x00007ffff888b105 (UnityPlayer) 
0x0000023042b80f33 (Mono JIT Code) (wrapper managed-to-native) UnityEngine.DebugLogHandler:Internal_Log (UnityEngine.LogType,UnityEngine.LogOption,string,UnityEngine.Object)
0x0000023042b80e4b (Mono JIT Code) UnityEngine.DebugLogHandler:LogFormat (UnityEngine.LogType,UnityEngine.Object,string,object[])
0x0000023041124a6a (Mono JIT Code) Colossal.Logging.CustomLogHandler:PostProcessFormat (UnityEngine.LogType,Colossal.Logging.Level,UnityEngine.Object,string,Colossal.Logging.ILog,System.Exception)
0x00000230411241ab (Mono JIT Code) Colossal.Logging.CustomLogHandler:LogFormat (UnityEngine.LogType,UnityEngine.Object,string,object[])
0x00000230c50f1712 (Mono JIT Code) UnityEngine.Logger:LogFormat (UnityEngine.LogType,UnityEngine.Object,string,object[])
0x00000230c50f1686 (Mono JIT Code) Colossal.Logging.UnityLogger:Log (Colossal.Logging.Level,string,System.Exception,UnityEngine.Object)
0x00000230c50f17c3 (Mono JIT Code) Colossal.Logging.UnityLogger:WarnFormat (UnityEngine.Object,string,object)
0x00000230abb27b2c (Mono JIT Code) Game.Prefabs.PrefabSystem:AddPrefab (Game.Prefabs.PrefabBase,string,Game.Prefabs.PrefabBase,Game.Prefabs.ComponentBase)
0x00000230f103f16b (Mono JIT Code) Game.Prefabs.PrefabInitializeSystem:OnUpdate ()
0x00000230f0fccb7b (Mono JIT Code) Unity.Entities.SystemBase:Update ()
0x00000230f0fc764f (Mono JIT Code) Game.UpdateSystem:Update (Game.SystemUpdatePhase)
0x00000230f101ab73 (Mono JIT Code) Game.Prefabs.PrefabSystem:OnUpdate ()
0x00000230f0fccb7b (Mono JIT Code) Unity.Entities.SystemBase:Update ()
0x00000230f0fc764f (Mono JIT Code) Game.UpdateSystem:Update (Game.SystemUpdatePhase)
0x00000230ab80e083 (Mono JIT Code) Game.SceneFlow.GameManager:UpdateWorld ()
0x0000023044ff35fb (Mono JIT Code) Game.SceneFlow.GameManager:Update ()
0x0000022fce6f81c8 (Mono JIT Code) (wrapper runtime-invoke) object:runtime_invoke_void__this__ (object,intptr,intptr,intptr)
0x00007ff810874b7e (mono-2.0-bdwgc) mono_jit_set_domain
0x00007ff8107ad204 (mono-2.0-bdwgc) mono_object_get_virtual_method
0x00007ff8107ad37c (mono-2.0-bdwgc) mono_runtime_invoke
0x00007ffff8f8fe96 (UnityPlayer) 
0x00007ffff8f8ffd1 (UnityPlayer) 
0x00007ffff8c60d20 (UnityPlayer) 
0x00007ffff8dcf778 (UnityPlayer) 
0x00007ffff8dcf964 (UnityPlayer) 
0x00007ffff8dcfe82 (UnityPlayer) 
0x00007ffff90233db (UnityPlayer) 
0x00007ffff9025dab (UnityPlayer) 
0x00007ffff902910b (UnityPlayer) 
0x00007ffff90293ab (UnityPlayer) UnityMain
0x00007ff7fb0611f6 (Cities2) 
0x00007ff96a6ae8d7 (KERNEL32) BaseThreadInitThunk
0x00007ff96bb4c53c (ntdll) RtlUserThreadStart

[FileSystem] [WARN]  No asset matching filter found
0x00007ffff922350d (UnityPlayer) UnityMain
0x00007ffff9223288 (UnityPlayer) UnityMain
0x00007ffff9209cd9 (UnityPlayer) UnityMain
0x00007ffff98a9e51 (UnityPlayer) UnityMain
0x00007ffff888b105 (UnityPlayer) 
0x0000023042b80f33 (Mono JIT Code) (wrapper managed-to-native) UnityEngine.DebugLogHandler:Internal_Log (UnityEngine.LogType,UnityEngine.LogOption,string,UnityEngine.Object)
0x0000023042b80e4b (Mono JIT Code) UnityEngine.DebugLogHandler:LogFormat (UnityEngine.LogType,UnityEngine.Object,string,object[])
0x0000023041124a6a (Mono JIT Code) Colossal.Logging.CustomLogHandler:PostProcessFormat (UnityEngine.LogType,Colossal.Logging.Level,UnityEngine.Object,string,Colossal.Logging.ILog,System.Exception)
0x00000230411241ab (Mono JIT Code) Colossal.Logging.CustomLogHandler:LogFormat (UnityEngine.LogType,UnityEngine.Object,string,object[])
0x0000023041123e71 (Mono JIT Code) UnityEngine.Logger:LogFormat (UnityEngine.LogType,string,object[])
0x000002304112382d (Mono JIT Code) Colossal.Logging.UnityLogger:Log (Colossal.Logging.Level,string,System.Exception)
0x00000230abd5e193 (Mono JIT Code) Colossal.Logging.UnityLogger:WarnFormat (string,object[])
0x00000230e95f8895 (Mono JIT Code) Colossal.IO.AssetDatabase.AssetDatabase:GetAsset<T_REF> (Colossal.IO.AssetDatabase.SearchFilter`1<T_REF>)
0x00000231e5a6c55b (Mono JIT Code) Belzont.Utils.BridgeUtils:ApplyPatches (string,System.Collections.Generic.List`1<System.ValueTuple`2<System.Type, string>>,bool)
0x00000231e5a6bd1b (Mono JIT Code) BelzontTLM.XTM_STIntegrationController:OnStartRunning ()
0x00000230f0fccb6f (Mono JIT Code) Unity.Entities.SystemBase:Update ()
0x00000230f0fc764f (Mono JIT Code) Game.UpdateSystem:Update (Game.SystemUpdatePhase)
0x00000231e5a6b03b (Mono JIT Code) Game.UI.UIUpdateSystem:OnUpdate ()
0x00000230f0fccb7b (Mono JIT Code) Unity.Entities.SystemBase:Update ()
0x00000230f0fc764f (Mono JIT Code) Game.UpdateSystem:Update (Game.SystemUpdatePhase)
0x00000230ab80e083 (Mono JIT Code) Game.SceneFlow.GameManager:UpdateWorld ()
0x0000023044ff35fb (Mono JIT Code) Game.SceneFlow.GameManager:Update ()
0x0000022fce6f81c8 (Mono JIT Code) (wrapper runtime-invoke) object:runtime_invoke_void__this__ (object,intptr,intptr,intptr)
0x00007ff810874b7e (mono-2.0-bdwgc) mono_jit_set_domain
0x00007ff8107ad204 (mono-2.0-bdwgc) mono_object_get_virtual_method
0x00007ff8107ad37c (mono-2.0-bdwgc) mono_runtime_invoke
0x00007ffff8f8fe96 (UnityPlayer) 
0x00007ffff8f8ffd1 (UnityPlayer) 
0x00007ffff8c60d20 (UnityPlayer) 
0x00007ffff8dcf778 (UnityPlayer) 
0x00007ffff8dcf964 (UnityPlayer) 
0x00007ffff8dcfe82 (UnityPlayer) 
0x00007ffff90233db (UnityPlayer) 
0x00007ffff9025dab (UnityPlayer) 
0x00007ffff902910b (UnityPlayer) 
0x00007ffff90293ab (UnityPlayer) UnityMain
0x00007ff7fb0611f6 (Cities2) 
0x00007ff96a6ae8d7 (KERNEL32) BaseThreadInitThunk
0x00007ff96bb4c53c (ntdll) RtlUserThreadStart

[Mods_K45_XTM] [WARN]  [XTM ] [v0.1.5 r0        ] [WARNING ] Error applying patches for SmartTransportation: System.NullReferenceException: Object reference not set to an instance of an object
  at Belzont.Utils.BridgeUtils.ApplyPatches (System.String assemblyName, System.Collections.Generic.List`1[T] bridgeMappings, System.Boolean required) [0x0009d] in <877de8d8f8be4a879c131e5094581ec3>:0 
0x00007ffff922350d (UnityPlayer) UnityMain
0x00007ffff9223288 (UnityPlayer) UnityMain
0x00007ffff9209cd9 (UnityPlayer) UnityMain
0x00007ffff98a9e51 (UnityPlayer) UnityMain
0x00007ffff888b105 (UnityPlayer) 
0x0000023042b80f33 (Mono JIT Code) (wrapper managed-to-native) UnityEngine.DebugLogHandler:Internal_Log (UnityEngine.LogType,UnityEngine.LogOption,string,UnityEngine.Object)
0x0000023042b80e4b (Mono JIT Code) UnityEngine.DebugLogHandler:LogFormat (UnityEngine.LogType,UnityEngine.Object,string,object[])
0x0000023041124a6a (Mono JIT Code) Colossal.Logging.CustomLogHandler:PostProcessFormat (UnityEngine.LogType,Colossal.Logging.Level,UnityEngine.Object,string,Colossal.Logging.ILog,System.Exception)
0x00000230411241ab (Mono JIT Code) Colossal.Logging.CustomLogHandler:LogFormat (UnityEngine.LogType,UnityEngine.Object,string,object[])
0x0000023041123e71 (Mono JIT Code) UnityEngine.Logger:LogFormat (UnityEngine.LogType,string,object[])
0x000002304112382d (Mono JIT Code) Colossal.Logging.UnityLogger:Log (Colossal.Logging.Level,string,System.Exception)
0x00000231e5a6f8e2 (Mono JIT Code) Belzont.Utils.LogUtils:DoWarnLog (string,object[])
0x00000231e5a6d16b (Mono JIT Code) Belzont.Utils.BridgeUtils:ApplyPatches (string,System.Collections.Generic.List`1<System.ValueTuple`2<System.Type, string>>,bool)
0x00000231e5a6bd1b (Mono JIT Code) BelzontTLM.XTM_STIntegrationController:OnStartRunning ()
0x00000230f0fccb6f (Mono JIT Code) Unity.Entities.SystemBase:Update ()
0x00000230f0fc764f (Mono JIT Code) Game.UpdateSystem:Update (Game.SystemUpdatePhase)
0x00000231e5a6b03b (Mono JIT Code) Game.UI.UIUpdateSystem:OnUpdate ()
0x00000230f0fccb7b (Mono JIT Code) Unity.Entities.SystemBase:Update ()
0x00000230f0fc764f (Mono JIT Code) Game.UpdateSystem:Update (Game.SystemUpdatePhase)
0x00000230ab80e083 (Mono JIT Code) Game.SceneFlow.GameManager:UpdateWorld ()
0x0000023044ff35fb (Mono JIT Code) Game.SceneFlow.GameManager:Update ()
0x0000022fce6f81c8 (Mono JIT Code) (wrapper runtime-invoke) object:runtime_invoke_void__this__ (object,intptr,intptr,intptr)
0x00007ff810874b7e (mono-2.0-bdwgc) mono_jit_set_domain
0x00007ff8107ad204 (mono-2.0-bdwgc) mono_object_get_virtual_method
0x00007ff8107ad37c (mono-2.0-bdwgc) mono_runtime_invoke
0x00007ffff8f8fe96 (UnityPlayer) 
0x00007ffff8f8ffd1 (UnityPlayer) 
0x00007ffff8c60d20 (UnityPlayer) 
0x00007ffff8dcf778 (UnityPlayer) 
0x00007ffff8dcf964 (UnityPlayer) 
0x00007ffff8dcfe82 (UnityPlayer) 
0x00007ffff90233db (UnityPlayer) 
0x00007ffff9025dab (UnityPlayer) 
0x00007ffff902910b (UnityPlayer) 
0x00007ffff90293ab (UnityPlayer) UnityMain
0x00007ff7fb0611f6 (Cities2) 
0x00007ff96a6ae8d7 (KERNEL32) BaseThreadInitThunk
0x00007ff96bb4c53c (ntdll) RtlUserThreadStart

Unloading 5 Unused Serialized files (Serialized files now loaded: 0)
Unloading 415 unused Assets to reduce memory usage. Loaded Objects now: 219822.
Total: 153.075600 ms (FindLiveObjects: 11.325400 ms CreateObjectMapping: 16.487500 ms MarkObjects: 124.410100 ms  DeleteObjects: 0.852400 ms)

Unloading 0 Unused Serialized files (Serialized files now loaded: 0)
Unloading 4 unused Assets to reduce memory usage. Loaded Objects now: 220928.
Total: 172.193700 ms (FindLiveObjects: 13.193000 ms CreateObjectMapping: 15.456300 ms MarkObjects: 143.017800 ms  DeleteObjects: 0.526400 ms)

Not serializable type: C2VM.CommonLibraries.LaneSystem.CustomLaneDirection, C2VM.CommonLibraries.LaneSystem, Version=0.0.16.0, Culture=neutral, PublicKeyToken=null
0x00007ffff922350d (UnityPlayer) UnityMain
0x00007ffff9223288 (UnityPlayer) UnityMain
0x00007ffff9209cd9 (UnityPlayer) UnityMain
0x00007ffff98a9e51 (UnityPlayer) UnityMain
0x00007ffff888b105 (UnityPlayer) 
0x0000023042b80f33 (Mono JIT Code) (wrapper managed-to-native) UnityEngine.DebugLogHandler:Internal_Log (UnityEngine.LogType,UnityEngine.LogOption,string,UnityEngine.Object)
0x0000023042b80e4b (Mono JIT Code) UnityEngine.DebugLogHandler:LogFormat (UnityEngine.LogType,UnityEngine.Object,string,object[])
0x00000230411243d3 (Mono JIT Code) Colossal.Logging.CustomLogHandler:LogFormat (UnityEngine.LogType,UnityEngine.Object,string,object[])
0x0000023041123e71 (Mono JIT Code) UnityEngine.Logger:LogFormat (UnityEngine.LogType,string,object[])
0x000002328d73c9dd (Mono JIT Code) UnityEngine.Debug:LogWarningFormat (string,object[])
0x000002328d733f03 (Mono JIT Code) Colossal.Serialization.Entities.ComponentSerializer:DeserializeType<Colossal.Serialization.Entities.BinaryReader> (Colossal.Serialization.Entities.ReaderData,System.Collections.Generic.Dictionary`2<string, System.Type>,Unity.Entities.ComponentType&,Colossal.Serialization.Entities.ComponentSerializerType&,int&)
0x000002328d732ceb (Mono JIT Code) Colossal.Serialization.Entities.EntityDeserializer`1<Game.Serialization.ReadBuffer>:DeserializeComponentTypes<Colossal.Serialization.Entities.BinaryReader> (Colossal.Serialization.Entities.Context,Unity.Collections.Allocator)
0x000002328d72ce23 (Mono JIT Code) Colossal.Serialization.Entities.EntityDeserializer`1<Game.Serialization.ReadBuffer>:Deserialize<Colossal.Serialization.Entities.BinaryReader, Game.FormatTags> (Colossal.Serialization.Entities.Context&,Unity.Entities.ComponentType[])
0x000002328d6b20fb (Mono JIT Code) Game.Serialization.SerializerSystem:OnUpdate ()
0x00000230f0fccb7b (Mono JIT Code) Unity.Entities.SystemBase:Update ()
0x00000230f0fc764f (Mono JIT Code) Game.UpdateSystem:Update (Game.SystemUpdatePhase)
0x000002328d6962f3 (Mono JIT Code) Game.Serialization.LoadGameSystem:OnUpdate ()
0x00000230f0fccb7b (Mono JIT Code) Unity.Entities.SystemBase:Update ()
0x00000230f0fc764f (Mono JIT Code) Game.UpdateSystem:Update (Game.SystemUpdatePhase)
0x00000230ab80e083 (Mono JIT Code) Game.SceneFlow.GameManager:UpdateWorld ()
0x0000023044ff35fb (Mono JIT Code) Game.SceneFlow.GameManager:Update ()
0x0000022fce6f81c8 (Mono JIT Code) (wrapper runtime-invoke) object:runtime_invoke_void__this__ (object,intptr,intptr,intptr)
0x00007ff810874b7e (mono-2.0-bdwgc) mono_jit_set_domain
0x00007ff8107ad204 (mono-2.0-bdwgc) mono_object_get_virtual_method
0x00007ff8107ad37c (mono-2.0-bdwgc) mono_runtime_invoke
0x00007ffff8f8fe96 (UnityPlayer) 
0x00007ffff8f8ffd1 (UnityPlayer) 
0x00007ffff8c60d20 (UnityPlayer) 
0x00007ffff8dcf778 (UnityPlayer) 
0x00007ffff8dcf964 (UnityPlayer) 
0x00007ffff8dcfe82 (UnityPlayer) 
0x00007ffff90233db (UnityPlayer) 
0x00007ffff9025dab (UnityPlayer) 
0x00007ffff902910b (UnityPlayer) 
0x00007ffff90293ab (UnityPlayer) UnityMain
0x00007ff7fb0611f6 (Cities2) 
0x00007ff96a6ae8d7 (KERNEL32) BaseThreadInitThunk
0x00007ff96bb4c53c (ntdll) RtlUserThreadStart

Not serializable type: C2VM.TrafficLightsEnhancement.Components.CustomPhaseData, C2VM.TrafficLightsEnhancement, Version=0.3.0.0, Culture=neutral, PublicKeyToken=null
0x00007ffff922350d (UnityPlayer) UnityMain
0x00007ffff9223288 (UnityPlayer) UnityMain
0x00007ffff9209cd9 (UnityPlayer) UnityMain
0x00007ffff98a9e51 (UnityPlayer) UnityMain
0x00007ffff888b105 (UnityPlayer) 
0x0000023042b80f33 (Mono JIT Code) (wrapper managed-to-native) UnityEngine.DebugLogHandler:Internal_Log (UnityEngine.LogType,UnityEngine.LogOption,string,UnityEngine.Object)
0x0000023042b80e4b (Mono JIT Code) UnityEngine.DebugLogHandler:LogFormat (UnityEngine.LogType,UnityEngine.Object,string,object[])
0x00000230411243d3 (Mono JIT Code) Colossal.Logging.CustomLogHandler:LogFormat (UnityEngine.LogType,UnityEngine.Object,string,object[])
0x0000023041123e71 (Mono JIT Code) UnityEngine.Logger:LogFormat (UnityEngine.LogType,string,object[])
0x000002328d73c9dd (Mono JIT Code) UnityEngine.Debug:LogWarningFormat (string,object[])
0x000002328d733f03 (Mono JIT Code) Colossal.Serialization.Entities.ComponentSerializer:DeserializeType<Colossal.Serialization.Entities.BinaryReader> (Colossal.Serialization.Entities.ReaderData,System.Collections.Generic.Dictionary`2<string, System.Type>,Unity.Entities.ComponentType&,Colossal.Serialization.Entities.ComponentSerializerType&,int&)
0x000002328d732ceb (Mono JIT Code) Colossal.Serialization.Entities.EntityDeserializer`1<Game.Serialization.ReadBuffer>:DeserializeComponentTypes<Colossal.Serialization.Entities.BinaryReader> (Colossal.Serialization.Entities.Context,Unity.Collections.Allocator)
0x000002328d72ce23 (Mono JIT Code) Colossal.Serialization.Entities.EntityDeserializer`1<Game.Serialization.ReadBuffer>:Deserialize<Colossal.Serialization.Entities.BinaryReader, Game.FormatTags> (Colossal.Serialization.Entities.Context&,Unity.Entities.ComponentType[])
0x000002328d6b20fb (Mono JIT Code) Game.Serialization.SerializerSystem:OnUpdate ()
0x00000230f0fccb7b (Mono JIT Code) Unity.Entities.SystemBase:Update ()
0x00000230f0fc764f (Mono JIT Code) Game.UpdateSystem:Update (Game.SystemUpdatePhase)
0x000002328d6962f3 (Mono JIT Code) Game.Serialization.LoadGameSystem:OnUpdate ()
0x00000230f0fccb7b (Mono JIT Code) Unity.Entities.SystemBase:Update ()
0x00000230f0fc764f (Mono JIT Code) Game.UpdateSystem:Update (Game.SystemUpdatePhase)
0x00000230ab80e083 (Mono JIT Code) Game.SceneFlow.GameManager:UpdateWorld ()
0x0000023044ff35fb (Mono JIT Code) Game.SceneFlow.GameManager:Update ()
0x0000022fce6f81c8 (Mono JIT Code) (wrapper runtime-invoke) object:runtime_invoke_void__this__ (object,intptr,intptr,intptr)
0x00007ff810874b7e (mono-2.0-bdwgc) mono_jit_set_domain
0x00007ff8107ad204 (mono-2.0-bdwgc) mono_object_get_virtual_method
0x00007ff8107ad37c (mono-2.0-bdwgc) mono_runtime_invoke
0x00007ffff8f8fe96 (UnityPlayer) 
0x00007ffff8f8ffd1 (UnityPlayer) 
0x00007ffff8c60d20 (UnityPlayer) 
0x00007ffff8dcf778 (UnityPlayer) 
0x00007ffff8dcf964 (UnityPlayer) 
0x00007ffff8dcfe82 (UnityPlayer) 
0x00007ffff90233db (UnityPlayer) 
0x00007ffff9025dab (UnityPlayer) 
0x00007ffff902910b (UnityPlayer) 
0x00007ffff90293ab (UnityPlayer) UnityMain
0x00007ff7fb0611f6 (Cities2) 
0x00007ff96a6ae8d7 (KERNEL32) BaseThreadInitThunk
0x00007ff96bb4c53c (ntdll) RtlUserThreadStart

Not serializable type: C2VM.TrafficLightsEnhancement.Components.CustomTrafficLights, C2VM.TrafficLightsEnhancement, Version=0.3.0.0, Culture=neutral, PublicKeyToken=null
0x00007ffff922350d (UnityPlayer) UnityMain
0x00007ffff9223288 (UnityPlayer) UnityMain
0x00007ffff9209cd9 (UnityPlayer) UnityMain
0x00007ffff98a9e51 (UnityPlayer) UnityMain
0x00007ffff888b105 (UnityPlayer) 
0x0000023042b80f33 (Mono JIT Code) (wrapper managed-to-native) UnityEngine.DebugLogHandler:Internal_Log (UnityEngine.LogType,UnityEngine.LogOption,string,UnityEngine.Object)
0x0000023042b80e4b (Mono JIT Code) UnityEngine.DebugLogHandler:LogFormat (UnityEngine.LogType,UnityEngine.Object,string,object[])
0x00000230411243d3 (Mono JIT Code) Colossal.Logging.CustomLogHandler:LogFormat (UnityEngine.LogType,UnityEngine.Object,string,object[])
0x0000023041123e71 (Mono JIT Code) UnityEngine.Logger:LogFormat (UnityEngine.LogType,string,object[])
0x000002328d73c9dd (Mono JIT Code) UnityEngine.Debug:LogWarningFormat (string,object[])
0x000002328d733f03 (Mono JIT Code) Colossal.Serialization.Entities.ComponentSerializer:DeserializeType<Colossal.Serialization.Entities.BinaryReader> (Colossal.Serialization.Entities.ReaderData,System.Collections.Generic.Dictionary`2<string, System.Type>,Unity.Entities.ComponentType&,Colossal.Serialization.Entities.ComponentSerializerType&,int&)
0x000002328d732ceb (Mono JIT Code) Colossal.Serialization.Entities.EntityDeserializer`1<Game.Serialization.ReadBuffer>:DeserializeComponentTypes<Colossal.Serialization.Entities.BinaryReader> (Colossal.Serialization.Entities.Context,Unity.Collections.Allocator)
0x000002328d72ce23 (Mono JIT Code) Colossal.Serialization.Entities.EntityDeserializer`1<Game.Serialization.ReadBuffer>:Deserialize<Colossal.Serialization.Entities.BinaryReader, Game.FormatTags> (Colossal.Serialization.Entities.Context&,Unity.Entities.ComponentType[])
0x000002328d6b20fb (Mono JIT Code) Game.Serialization.SerializerSystem:OnUpdate ()
0x00000230f0fccb7b (Mono JIT Code) Unity.Entities.SystemBase:Update ()
0x00000230f0fc764f (Mono JIT Code) Game.UpdateSystem:Update (Game.SystemUpdatePhase)
0x000002328d6962f3 (Mono JIT Code) Game.Serialization.LoadGameSystem:OnUpdate ()
0x00000230f0fccb7b (Mono JIT Code) Unity.Entities.SystemBase:Update ()
0x00000230f0fc764f (Mono JIT Code) Game.UpdateSystem:Update (Game.SystemUpdatePhase)
0x00000230ab80e083 (Mono JIT Code) Game.SceneFlow.GameManager:UpdateWorld ()
0x0000023044ff35fb (Mono JIT Code) Game.SceneFlow.GameManager:Update ()
0x0000022fce6f81c8 (Mono JIT Code) (wrapper runtime-invoke) object:runtime_invoke_void__this__ (object,intptr,intptr,intptr)
0x00007ff810874b7e (mono-2.0-bdwgc) mono_jit_set_domain
0x00007ff8107ad204 (mono-2.0-bdwgc) mono_object_get_virtual_method
0x00007ff8107ad37c (mono-2.0-bdwgc) mono_runtime_invoke
0x00007ffff8f8fe96 (UnityPlayer) 
0x00007ffff8f8ffd1 (UnityPlayer) 
0x00007ffff8c60d20 (UnityPlayer) 
0x00007ffff8dcf778 (UnityPlayer) 
0x00007ffff8dcf964 (UnityPlayer) 
0x00007ffff8dcfe82 (UnityPlayer) 
0x00007ffff90233db (UnityPlayer) 
0x00007ffff9025dab (UnityPlayer) 
0x00007ffff902910b (UnityPlayer) 
0x00007ffff90293ab (UnityPlayer) UnityMain
0x00007ff7fb0611f6 (Cities2) 
0x00007ff96a6ae8d7 (KERNEL32) BaseThreadInitThunk
0x00007ff96bb4c53c (ntdll) RtlUserThreadStart

Not serializable type: C2VM.TrafficLightsEnhancement.Components.EdgeGroupMask, C2VM.TrafficLightsEnhancement, Version=0.3.0.0, Culture=neutral, PublicKeyToken=null
0x00007ffff922350d (UnityPlayer) UnityMain
0x00007ffff9223288 (UnityPlayer) UnityMain
0x00007ffff9209cd9 (UnityPlayer) UnityMain
0x00007ffff98a9e51 (UnityPlayer) UnityMain
0x00007ffff888b105 (UnityPlayer) 
0x0000023042b80f33 (Mono JIT Code) (wrapper managed-to-native) UnityEngine.DebugLogHandler:Internal_Log (UnityEngine.LogType,UnityEngine.LogOption,string,UnityEngine.Object)
0x0000023042b80e4b (Mono JIT Code) UnityEngine.DebugLogHandler:LogFormat (UnityEngine.LogType,UnityEngine.Object,string,object[])
0x00000230411243d3 (Mono JIT Code) Colossal.Logging.CustomLogHandler:LogFormat (UnityEngine.LogType,UnityEngine.Object,string,object[])
0x0000023041123e71 (Mono JIT Code) UnityEngine.Logger:LogFormat (UnityEngine.LogType,string,object[])
0x000002328d73c9dd (Mono JIT Code) UnityEngine.Debug:LogWarningFormat (string,object[])
0x000002328d733f03 (Mono JIT Code) Colossal.Serialization.Entities.ComponentSerializer:DeserializeType<Colossal.Serialization.Entities.BinaryReader> (Colossal.Serialization.Entities.ReaderData,System.Collections.Generic.Dictionary`2<string, System.Type>,Unity.Entities.ComponentType&,Colossal.Serialization.Entities.ComponentSerializerType&,int&)
0x000002328d732ceb (Mono JIT Code) Colossal.Serialization.Entities.EntityDeserializer`1<Game.Serialization.ReadBuffer>:DeserializeComponentTypes<Colossal.Serialization.Entities.BinaryReader> (Colossal.Serialization.Entities.Context,Unity.Collections.Allocator)
0x000002328d72ce23 (Mono JIT Code) Colossal.Serialization.Entities.EntityDeserializer`1<Game.Serialization.ReadBuffer>:Deserialize<Colossal.Serialization.Entities.BinaryReader, Game.FormatTags> (Colossal.Serialization.Entities.Context&,Unity.Entities.ComponentType[])
0x000002328d6b20fb (Mono JIT Code) Game.Serialization.SerializerSystem:OnUpdate ()
0x00000230f0fccb7b (Mono JIT Code) Unity.Entities.SystemBase:Update ()
0x00000230f0fc764f (Mono JIT Code) Game.UpdateSystem:Update (Game.SystemUpdatePhase)
0x000002328d6962f3 (Mono JIT Code) Game.Serialization.LoadGameSystem:OnUpdate ()
0x00000230f0fccb7b (Mono JIT Code) Unity.Entities.SystemBase:Update ()
0x00000230f0fc764f (Mono JIT Code) Game.UpdateSystem:Update (Game.SystemUpdatePhase)
0x00000230ab80e083 (Mono JIT Code) Game.SceneFlow.GameManager:UpdateWorld ()
0x0000023044ff35fb (Mono JIT Code) Game.SceneFlow.GameManager:Update ()
0x0000022fce6f81c8 (Mono JIT Code) (wrapper runtime-invoke) object:runtime_invoke_void__this__ (object,intptr,intptr,intptr)
0x00007ff810874b7e (mono-2.0-bdwgc) mono_jit_set_domain
0x00007ff8107ad204 (mono-2.0-bdwgc) mono_object_get_virtual_method
0x00007ff8107ad37c (mono-2.0-bdwgc) mono_runtime_invoke
0x00007ffff8f8fe96 (UnityPlayer) 
0x00007ffff8f8ffd1 (UnityPlayer) 
0x00007ffff8c60d20 (UnityPlayer) 
0x00007ffff8dcf778 (UnityPlayer) 
0x00007ffff8dcf964 (UnityPlayer) 
0x00007ffff8dcfe82 (UnityPlayer) 
0x00007ffff90233db (UnityPlayer) 
0x00007ffff9025dab (UnityPlayer) 
0x00007ffff902910b (UnityPlayer) 
0x00007ffff90293ab (UnityPlayer) UnityMain
0x00007ff7fb0611f6 (Cities2) 
0x00007ff96a6ae8d7 (KERNEL32) BaseThreadInitThunk
0x00007ff96bb4c53c (ntdll) RtlUserThreadStart

Not serializable type: C2VM.TrafficLightsEnhancement.Components.ExtraLaneSignal, C2VM.TrafficLightsEnhancement, Version=0.3.0.0, Culture=neutral, PublicKeyToken=null
0x00007ffff922350d (UnityPlayer) UnityMain
0x00007ffff9223288 (UnityPlayer) UnityMain
0x00007ffff9209cd9 (UnityPlayer) UnityMain
0x00007ffff98a9e51 (UnityPlayer) UnityMain
0x00007ffff888b105 (UnityPlayer) 
0x0000023042b80f33 (Mono JIT Code) (wrapper managed-to-native) UnityEngine.DebugLogHandler:Internal_Log (UnityEngine.LogType,UnityEngine.LogOption,string,UnityEngine.Object)
0x0000023042b80e4b (Mono JIT Code) UnityEngine.DebugLogHandler:LogFormat (UnityEngine.LogType,UnityEngine.Object,string,object[])
0x00000230411243d3 (Mono JIT Code) Colossal.Logging.CustomLogHandler:LogFormat (UnityEngine.LogType,UnityEngine.Object,string,object[])
0x0000023041123e71 (Mono JIT Code) UnityEngine.Logger:LogFormat (UnityEngine.LogType,string,object[])
0x000002328d73c9dd (Mono JIT Code) UnityEngine.Debug:LogWarningFormat (string,object[])
0x000002328d733f03 (Mono JIT Code) Colossal.Serialization.Entities.ComponentSerializer:DeserializeType<Colossal.Serialization.Entities.BinaryReader> (Colossal.Serialization.Entities.ReaderData,System.Collections.Generic.Dictionary`2<string, System.Type>,Unity.Entities.ComponentType&,Colossal.Serialization.Entities.ComponentSerializerType&,int&)
0x000002328d732ceb (Mono JIT Code) Colossal.Serialization.Entities.EntityDeserializer`1<Game.Serialization.ReadBuffer>:DeserializeComponentTypes<Colossal.Serialization.Entities.BinaryReader> (Colossal.Serialization.Entities.Context,Unity.Collections.Allocator)
0x000002328d72ce23 (Mono JIT Code) Colossal.Serialization.Entities.EntityDeserializer`1<Game.Serialization.ReadBuffer>:Deserialize<Colossal.Serialization.Entities.BinaryReader, Game.FormatTags> (Colossal.Serialization.Entities.Context&,Unity.Entities.ComponentType[])
0x000002328d6b20fb (Mono JIT Code) Game.Serialization.SerializerSystem:OnUpdate ()
0x00000230f0fccb7b (Mono JIT Code) Unity.Entities.SystemBase:Update ()
0x00000230f0fc764f (Mono JIT Code) Game.UpdateSystem:Update (Game.SystemUpdatePhase)
0x000002328d6962f3 (Mono JIT Code) Game.Serialization.LoadGameSystem:OnUpdate ()
0x00000230f0fccb7b (Mono JIT Code) Unity.Entities.SystemBase:Update ()
0x00000230f0fc764f (Mono JIT Code) Game.UpdateSystem:Update (Game.SystemUpdatePhase)
0x00000230ab80e083 (Mono JIT Code) Game.SceneFlow.GameManager:UpdateWorld ()
0x0000023044ff35fb (Mono JIT Code) Game.SceneFlow.GameManager:Update ()
0x0000022fce6f81c8 (Mono JIT Code) (wrapper runtime-invoke) object:runtime_invoke_void__this__ (object,intptr,intptr,intptr)
0x00007ff810874b7e (mono-2.0-bdwgc) mono_jit_set_domain
0x00007ff8107ad204 (mono-2.0-bdwgc) mono_object_get_virtual_method
0x00007ff8107ad37c (mono-2.0-bdwgc) mono_runtime_invoke
0x00007ffff8f8fe96 (UnityPlayer) 
0x00007ffff8f8ffd1 (UnityPlayer) 
0x00007ffff8c60d20 (UnityPlayer) 
0x00007ffff8dcf778 (UnityPlayer) 
0x00007ffff8dcf964 (UnityPlayer) 
0x00007ffff8dcfe82 (UnityPlayer) 
0x00007ffff90233db (UnityPlayer) 
0x00007ffff9025dab (UnityPlayer) 
0x00007ffff902910b (UnityPlayer) 
0x00007ffff90293ab (UnityPlayer) UnityMain
0x00007ff7fb0611f6 (Cities2) 
0x00007ff96a6ae8d7 (KERNEL32) BaseThreadInitThunk
0x00007ff96bb4c53c (ntdll) RtlUserThreadStart

Not serializable type: C2VM.TrafficLightsEnhancement.Components.LaneFlowHistory, C2VM.TrafficLightsEnhancement, Version=0.3.0.0, Culture=neutral, PublicKeyToken=null
0x00007ffff922350d (UnityPlayer) UnityMain
0x00007ffff9223288 (UnityPlayer) UnityMain
0x00007ffff9209cd9 (UnityPlayer) UnityMain
0x00007ffff98a9e51 (UnityPlayer) UnityMain
0x00007ffff888b105 (UnityPlayer) 
0x0000023042b80f33 (Mono JIT Code) (wrapper managed-to-native) UnityEngine.DebugLogHandler:Internal_Log (UnityEngine.LogType,UnityEngine.LogOption,string,UnityEngine.Object)
0x0000023042b80e4b (Mono JIT Code) UnityEngine.DebugLogHandler:LogFormat (UnityEngine.LogType,UnityEngine.Object,string,object[])
0x00000230411243d3 (Mono JIT Code) Colossal.Logging.CustomLogHandler:LogFormat (UnityEngine.LogType,UnityEngine.Object,string,object[])
0x0000023041123e71 (Mono JIT Code) UnityEngine.Logger:LogFormat (UnityEngine.LogType,string,object[])
0x000002328d73c9dd (Mono JIT Code) UnityEngine.Debug:LogWarningFormat (string,object[])
0x000002328d733f03 (Mono JIT Code) Colossal.Serialization.Entities.ComponentSerializer:DeserializeType<Colossal.Serialization.Entities.BinaryReader> (Colossal.Serialization.Entities.ReaderData,System.Collections.Generic.Dictionary`2<string, System.Type>,Unity.Entities.ComponentType&,Colossal.Serialization.Entities.ComponentSerializerType&,int&)
0x000002328d732ceb (Mono JIT Code) Colossal.Serialization.Entities.EntityDeserializer`1<Game.Serialization.ReadBuffer>:DeserializeComponentTypes<Colossal.Serialization.Entities.BinaryReader> (Colossal.Serialization.Entities.Context,Unity.Collections.Allocator)
0x000002328d72ce23 (Mono JIT Code) Colossal.Serialization.Entities.EntityDeserializer`1<Game.Serialization.ReadBuffer>:Deserialize<Colossal.Serialization.Entities.BinaryReader, Game.FormatTags> (Colossal.Serialization.Entities.Context&,Unity.Entities.ComponentType[])
0x000002328d6b20fb (Mono JIT Code) Game.Serialization.SerializerSystem:OnUpdate ()
0x00000230f0fccb7b (Mono JIT Code) Unity.Entities.SystemBase:Update ()
0x00000230f0fc764f (Mono JIT Code) Game.UpdateSystem:Update (Game.SystemUpdatePhase)
0x000002328d6962f3 (Mono JIT Code) Game.Serialization.LoadGameSystem:OnUpdate ()
0x00000230f0fccb7b (Mono JIT Code) Unity.Entities.SystemBase:Update ()
0x00000230f0fc764f (Mono JIT Code) Game.UpdateSystem:Update (Game.SystemUpdatePhase)
0x00000230ab80e083 (Mono JIT Code) Game.SceneFlow.GameManager:UpdateWorld ()
0x0000023044ff35fb (Mono JIT Code) Game.SceneFlow.GameManager:Update ()
0x0000022fce6f81c8 (Mono JIT Code) (wrapper runtime-invoke) object:runtime_invoke_void__this__ (object,intptr,intptr,intptr)
0x00007ff810874b7e (mono-2.0-bdwgc) mono_jit_set_domain
0x00007ff8107ad204 (mono-2.0-bdwgc) mono_object_get_virtual_method
0x00007ff8107ad37c (mono-2.0-bdwgc) mono_runtime_invoke
0x00007ffff8f8fe96 (UnityPlayer) 
0x00007ffff8f8ffd1 (UnityPlayer) 
0x00007ffff8c60d20 (UnityPlayer) 
0x00007ffff8dcf778 (UnityPlayer) 
0x00007ffff8dcf964 (UnityPlayer) 
0x00007ffff8dcfe82 (UnityPlayer) 
0x00007ffff90233db (UnityPlayer) 
0x00007ffff9025dab (UnityPlayer) 
0x00007ffff902910b (UnityPlayer) 
0x00007ffff90293ab (UnityPlayer) UnityMain
0x00007ff7fb0611f6 (Cities2) 
0x00007ff96a6ae8d7 (KERNEL32) BaseThreadInitThunk
0x00007ff96bb4c53c (ntdll) RtlUserThreadStart

Not serializable type: C2VM.TrafficLightsEnhancement.Components.SubLaneGroupMask, C2VM.TrafficLightsEnhancement, Version=0.3.0.0, Culture=neutral, PublicKeyToken=null
0x00007ffff922350d (UnityPlayer) UnityMain
0x00007ffff9223288 (UnityPlayer) UnityMain
0x00007ffff9209cd9 (UnityPlayer) UnityMain
0x00007ffff98a9e51 (UnityPlayer) UnityMain
0x00007ffff888b105 (UnityPlayer) 
0x0000023042b80f33 (Mono JIT Code) (wrapper managed-to-native) UnityEngine.DebugLogHandler:Internal_Log (UnityEngine.LogType,UnityEngine.LogOption,string,UnityEngine.Object)
0x0000023042b80e4b (Mono JIT Code) UnityEngine.DebugLogHandler:LogFormat (UnityEngine.LogType,UnityEngine.Object,string,object[])
0x00000230411243d3 (Mono JIT Code) Colossal.Logging.CustomLogHandler:LogFormat (UnityEngine.LogType,UnityEngine.Object,string,object[])
0x0000023041123e71 (Mono JIT Code) UnityEngine.Logger:LogFormat (UnityEngine.LogType,string,object[])
0x000002328d73c9dd (Mono JIT Code) UnityEngine.Debug:LogWarningFormat (string,object[])
0x000002328d733f03 (Mono JIT Code) Colossal.Serialization.Entities.ComponentSerializer:DeserializeType<Colossal.Serialization.Entities.BinaryReader> (Colossal.Serialization.Entities.ReaderData,System.Collections.Generic.Dictionary`2<string, System.Type>,Unity.Entities.ComponentType&,Colossal.Serialization.Entities.ComponentSerializerType&,int&)
0x000002328d732ceb (Mono JIT Code) Colossal.Serialization.Entities.EntityDeserializer`1<Game.Serialization.ReadBuffer>:DeserializeComponentTypes<Colossal.Serialization.Entities.BinaryReader> (Colossal.Serialization.Entities.Context,Unity.Collections.Allocator)
0x000002328d72ce23 (Mono JIT Code) Colossal.Serialization.Entities.EntityDeserializer`1<Game.Serialization.ReadBuffer>:Deserialize<Colossal.Serialization.Entities.BinaryReader, Game.FormatTags> (Colossal.Serialization.Entities.Context&,Unity.Entities.ComponentType[])
0x000002328d6b20fb (Mono JIT Code) Game.Serialization.SerializerSystem:OnUpdate ()
0x00000230f0fccb7b (Mono JIT Code) Unity.Entities.SystemBase:Update ()
0x00000230f0fc764f (Mono JIT Code) Game.UpdateSystem:Update (Game.SystemUpdatePhase)
0x000002328d6962f3 (Mono JIT Code) Game.Serialization.LoadGameSystem:OnUpdate ()
0x00000230f0fccb7b (Mono JIT Code) Unity.Entities.SystemBase:Update ()
0x00000230f0fc764f (Mono JIT Code) Game.UpdateSystem:Update (Game.SystemUpdatePhase)
0x00000230ab80e083 (Mono JIT Code) Game.SceneFlow.GameManager:UpdateWorld ()
0x0000023044ff35fb (Mono JIT Code) Game.SceneFlow.GameManager:Update ()
0x0000022fce6f81c8 (Mono JIT Code) (wrapper runtime-invoke) object:runtime_invoke_void__this__ (object,intptr,intptr,intptr)
0x00007ff810874b7e (mono-2.0-bdwgc) mono_jit_set_domain
0x00007ff8107ad204 (mono-2.0-bdwgc) mono_object_get_virtual_method
0x00007ff8107ad37c (mono-2.0-bdwgc) mono_runtime_invoke
0x00007ffff8f8fe96 (UnityPlayer) 
0x00007ffff8f8ffd1 (UnityPlayer) 
0x00007ffff8c60d20 (UnityPlayer) 
0x00007ffff8dcf778 (UnityPlayer) 
0x00007ffff8dcf964 (UnityPlayer) 
0x00007ffff8dcfe82 (UnityPlayer) 
0x00007ffff90233db (UnityPlayer) 
0x00007ffff9025dab (UnityPlayer) 
0x00007ffff902910b (UnityPlayer) 
0x00007ffff90293ab (UnityPlayer) UnityMain
0x00007ff7fb0611f6 (Cities2) 
0x00007ff96a6ae8d7 (KERNEL32) BaseThreadInitThunk
0x00007ff96bb4c53c (ntdll) RtlUserThreadStart

Unloading 2 Unused Serialized files (Serialized files now loaded: 0)
Unloading 0 unused Assets to reduce memory usage. Loaded Objects now: 221955.
Total: 218.103100 ms (FindLiveObjects: 10.864500 ms CreateObjectMapping: 15.630400 ms MarkObjects: 191.036200 ms  DeleteObjects: 0.571600 ms)

[UI] [WARN]  Watcher is trying to remove a path not being watched: C:\Users\bwort\AppData\LocalLow\Colossal Order\Cities Skylines II\ModsData\ExtraAssetsImporter
0x00007ffff922350d (UnityPlayer) UnityMain
0x00007ffff9223288 (UnityPlayer) UnityMain
0x00007ffff9209cd9 (UnityPlayer) UnityMain
0x00007ffff98a9e51 (UnityPlayer) UnityMain
0x00007ffff888b105 (UnityPlayer) 
0x0000023042b80f33 (Mono JIT Code) (wrapper managed-to-native) UnityEngine.DebugLogHandler:Internal_Log (UnityEngine.LogType,UnityEngine.LogOption,string,UnityEngine.Object)
0x0000023042b80e4b (Mono JIT Code) UnityEngine.DebugLogHandler:LogFormat (UnityEngine.LogType,UnityEngine.Object,string,object[])
0x0000023041124a6a (Mono JIT Code) Colossal.Logging.CustomLogHandler:PostProcessFormat (UnityEngine.LogType,Colossal.Logging.Level,UnityEngine.Object,string,Colossal.Logging.ILog,System.Exception)
0x00000230411241ab (Mono JIT Code) Colossal.Logging.CustomLogHandler:LogFormat (UnityEngine.LogType,UnityEngine.Object,string,object[])
0x0000023041123e71 (Mono JIT Code) UnityEngine.Logger:LogFormat (UnityEngine.LogType,string,object[])
0x000002304112382d (Mono JIT Code) Colossal.Logging.UnityLogger:Log (Colossal.Logging.Level,string,System.Exception)
0x00000232092f9123 (Mono JIT Code) Colossal.Logging.UnityLogger:WarnFormat (string,object)
0x00000232092f8fae (Mono JIT Code) Colossal.UI.UILiveReload:OnHostLocationRemoved (string,string)
0x00000232092f8d42 (Mono JIT Code) Colossal.UI.UISystem:RemoveHostLocation (string)
0x00000232092f8acb (Mono JIT Code) ExtraLib.Helpers.Icons:UnLoadAllIconsFolder () (at E:/__CODE/ExtraLib/mod/Helpers/Icons.cs:60)
0x00000232092f89f3 (Mono JIT Code) ExtraLib.EL:OnDispose () (at E:/__CODE/ExtraLib/EL.cs:95)
0x00000232092f609f (Mono JIT Code) Game.Modding.ModManager/ModInfo:OnDispose ()
0x00000232092f5ff3 (Mono JIT Code) Game.Modding.ModManager/ModInfo:Dispose ()
0x00000232092f5c93 (Mono JIT Code) Game.Modding.ModManager:Dispose ()
0x00000232092f2e23 (Mono JIT Code) Game.SceneFlow.GameManager/<TerminateGame>d__64:MoveNext ()
0x0000023042b2f312 (Mono JIT Code) System.Runtime.CompilerServices.AsyncMethodBuilderCore/MoveNextRunner:InvokeMoveNext (object)
0x0000023041222aae (Mono JIT Code) System.Threading.ExecutionContext:RunInternal (System.Threading.ExecutionContext,System.Threading.ContextCallback,object,bool)
0x00000230412223db (Mono JIT Code) System.Threading.ExecutionContext:Run (System.Threading.ExecutionContext,System.Threading.ContextCallback,object,bool)
0x0000023042b2f1cb (Mono JIT Code) System.Runtime.CompilerServices.AsyncMethodBuilderCore/MoveNextRunner:Run ()
0x0000023044ff6b7a (Mono JIT Code) System.Threading.Tasks.SynchronizationContextAwaitTaskContinuation/<>c:<.cctor>b__7_0 (object)
0x0000023044ff6a84 (Mono JIT Code) UnityEngine.UnitySynchronizationContext/WorkRequest:Invoke ()
0x0000023044ff5f73 (Mono JIT Code) UnityEngine.UnitySynchronizationContext:Exec ()
0x0000023044ff5d6b (Mono JIT Code) UnityEngine.UnitySynchronizationContext:ExecuteTasks ()
0x0000022e6d4c1575 (Mono JIT Code) (wrapper runtime-invoke) object:runtime_invoke_void (object,intptr,intptr,intptr)
0x00007ff810874b7e (mono-2.0-bdwgc) mono_jit_set_domain
0x00007ff8107ad204 (mono-2.0-bdwgc) mono_object_get_virtual_method
0x00007ff8107ad37c (mono-2.0-bdwgc) mono_runtime_invoke
0x00007ffff902ff69 (UnityPlayer) UnityMain
0x00007ffff8de03f7 (UnityPlayer) 
0x00007ffff8dcf778 (UnityPlayer) 
0x00007ffff8dcf964 (UnityPlayer) 
0x00007ffff8dcfe82 (UnityPlayer) 
0x00007ffff90233db (UnityPlayer) 
0x00007ffff9025dab (UnityPlayer) 
0x00007ffff902910b (UnityPlayer) 
0x00007ffff90293ab (UnityPlayer) UnityMain
0x00007ff7fb0611f6 (Cities2) 
0x00007ff96a6ae8d7 (KERNEL32) BaseThreadInitThunk
0x00007ff96bb4c53c (ntdll) RtlUserThreadStart

[UI] [WARN]  Watcher is trying to remove a path not being watched: C:\Users\bwort\AppData\LocalLow\Colossal Order\Cities Skylines II\.cache\Mods\mods_subscribed\80583_2
0x00007ffff922350d (UnityPlayer) UnityMain
0x00007ffff9223288 (UnityPlayer) UnityMain
0x00007ffff9209cd9 (UnityPlayer) UnityMain
0x00007ffff98a9e51 (UnityPlayer) UnityMain
0x00007ffff888b105 (UnityPlayer) 
0x0000023042b80f33 (Mono JIT Code) (wrapper managed-to-native) UnityEngine.DebugLogHandler:Internal_Log (UnityEngine.LogType,UnityEngine.LogOption,string,UnityEngine.Object)
0x0000023042b80e4b (Mono JIT Code) UnityEngine.DebugLogHandler:LogFormat (UnityEngine.LogType,UnityEngine.Object,string,object[])
0x0000023041124a6a (Mono JIT Code) Colossal.Logging.CustomLogHandler:PostProcessFormat (UnityEngine.LogType,Colossal.Logging.Level,UnityEngine.Object,string,Colossal.Logging.ILog,System.Exception)
0x00000230411241ab (Mono JIT Code) Colossal.Logging.CustomLogHandler:LogFormat (UnityEngine.LogType,UnityEngine.Object,string,object[])
0x0000023041123e71 (Mono JIT Code) UnityEngine.Logger:LogFormat (UnityEngine.LogType,string,object[])
0x000002304112382d (Mono JIT Code) Colossal.Logging.UnityLogger:Log (Colossal.Logging.Level,string,System.Exception)
0x00000232092f9123 (Mono JIT Code) Colossal.Logging.UnityLogger:WarnFormat (string,object)
0x00000232092f8fae (Mono JIT Code) Colossal.UI.UILiveReload:OnHostLocationRemoved (string,string)
0x00000232092f8d42 (Mono JIT Code) Colossal.UI.UISystem:RemoveHostLocation (string)
0x00000232092f8acb (Mono JIT Code) ExtraLib.Helpers.Icons:UnLoadAllIconsFolder () (at E:/__CODE/ExtraLib/mod/Helpers/Icons.cs:60)
0x00000232092f89f3 (Mono JIT Code) ExtraLib.EL:OnDispose () (at E:/__CODE/ExtraLib/EL.cs:95)
0x00000232092f609f (Mono JIT Code) Game.Modding.ModManager/ModInfo:OnDispose ()
0x00000232092f5ff3 (Mono JIT Code) Game.Modding.ModManager/ModInfo:Dispose ()
0x00000232092f5c93 (Mono JIT Code) Game.Modding.ModManager:Dispose ()
0x00000232092f2e23 (Mono JIT Code) Game.SceneFlow.GameManager/<TerminateGame>d__64:MoveNext ()
0x0000023042b2f312 (Mono JIT Code) System.Runtime.CompilerServices.AsyncMethodBuilderCore/MoveNextRunner:InvokeMoveNext (object)
0x0000023041222aae (Mono JIT Code) System.Threading.ExecutionContext:RunInternal (System.Threading.ExecutionContext,System.Threading.ContextCallback,object,bool)
0x00000230412223db (Mono JIT Code) System.Threading.ExecutionContext:Run (System.Threading.ExecutionContext,System.Threading.ContextCallback,object,bool)
0x0000023042b2f1cb (Mono JIT Code) System.Runtime.CompilerServices.AsyncMethodBuilderCore/MoveNextRunner:Run ()
0x0000023044ff6b7a (Mono JIT Code) System.Threading.Tasks.SynchronizationContextAwaitTaskContinuation/<>c:<.cctor>b__7_0 (object)
0x0000023044ff6a84 (Mono JIT Code) UnityEngine.UnitySynchronizationContext/WorkRequest:Invoke ()
0x0000023044ff5f73 (Mono JIT Code) UnityEngine.UnitySynchronizationContext:Exec ()
0x0000023044ff5d6b (Mono JIT Code) UnityEngine.UnitySynchronizationContext:ExecuteTasks ()
0x0000022e6d4c1575 (Mono JIT Code) (wrapper runtime-invoke) object:runtime_invoke_void (object,intptr,intptr,intptr)
0x00007ff810874b7e (mono-2.0-bdwgc) mono_jit_set_domain
0x00007ff8107ad204 (mono-2.0-bdwgc) mono_object_get_virtual_method
0x00007ff8107ad37c (mono-2.0-bdwgc) mono_runtime_invoke
0x00007ffff902ff69 (UnityPlayer) UnityMain
0x00007ffff8de03f7 (UnityPlayer) 
0x00007ffff8dcf778 (UnityPlayer) 
0x00007ffff8dcf964 (UnityPlayer) 
0x00007ffff8dcfe82 (UnityPlayer) 
0x00007ffff90233db (UnityPlayer) 
0x00007ffff9025dab (UnityPlayer) 
0x00007ffff902910b (UnityPlayer) 
0x00007ffff90293ab (UnityPlayer) UnityMain
0x00007ff7fb0611f6 (Cities2) 
0x00007ff96a6ae8d7 (KERNEL32) BaseThreadInitThunk
0x00007ff96bb4c53c (ntdll) RtlUserThreadStart

[UI] [WARN]  Watcher is trying to remove a path not being watched: C:\Users\bwort\AppData\LocalLow\Colossal Order\Cities Skylines II\.cache\Mods\mods_subscribed\80758_2
0x00007ffff922350d (UnityPlayer) UnityMain
0x00007ffff9223288 (UnityPlayer) UnityMain
0x00007ffff9209cd9 (UnityPlayer) UnityMain
0x00007ffff98a9e51 (UnityPlayer) UnityMain
0x00007ffff888b105 (UnityPlayer) 
0x0000023042b80f33 (Mono JIT Code) (wrapper managed-to-native) UnityEngine.DebugLogHandler:Internal_Log (UnityEngine.LogType,UnityEngine.LogOption,string,UnityEngine.Object)
0x0000023042b80e4b (Mono JIT Code) UnityEngine.DebugLogHandler:LogFormat (UnityEngine.LogType,UnityEngine.Object,string,object[])
0x0000023041124a6a (Mono JIT Code) Colossal.Logging.CustomLogHandler:PostProcessFormat (UnityEngine.LogType,Colossal.Logging.Level,UnityEngine.Object,string,Colossal.Logging.ILog,System.Exception)
0x00000230411241ab (Mono JIT Code) Colossal.Logging.CustomLogHandler:LogFormat (UnityEngine.LogType,UnityEngine.Object,string,object[])
0x0000023041123e71 (Mono JIT Code) UnityEngine.Logger:LogFormat (UnityEngine.LogType,string,object[])
0x000002304112382d (Mono JIT Code) Colossal.Logging.UnityLogger:Log (Colossal.Logging.Level,string,System.Exception)
0x00000232092f9123 (Mono JIT Code) Colossal.Logging.UnityLogger:WarnFormat (string,object)
0x00000232092f8fae (Mono JIT Code) Colossal.UI.UILiveReload:OnHostLocationRemoved (string,string)
0x00000232092f8d42 (Mono JIT Code) Colossal.UI.UISystem:RemoveHostLocation (string)
0x00000232092f8acb (Mono JIT Code) ExtraLib.Helpers.Icons:UnLoadAllIconsFolder () (at E:/__CODE/ExtraLib/mod/Helpers/Icons.cs:60)
0x00000232092f89f3 (Mono JIT Code) ExtraLib.EL:OnDispose () (at E:/__CODE/ExtraLib/EL.cs:95)
0x00000232092f609f (Mono JIT Code) Game.Modding.ModManager/ModInfo:OnDispose ()
0x00000232092f5ff3 (Mono JIT Code) Game.Modding.ModManager/ModInfo:Dispose ()
0x00000232092f5c93 (Mono JIT Code) Game.Modding.ModManager:Dispose ()
0x00000232092f2e23 (Mono JIT Code) Game.SceneFlow.GameManager/<TerminateGame>d__64:MoveNext ()
0x0000023042b2f312 (Mono JIT Code) System.Runtime.CompilerServices.AsyncMethodBuilderCore/MoveNextRunner:InvokeMoveNext (object)
0x0000023041222aae (Mono JIT Code) System.Threading.ExecutionContext:RunInternal (System.Threading.ExecutionContext,System.Threading.ContextCallback,object,bool)
0x00000230412223db (Mono JIT Code) System.Threading.ExecutionContext:Run (System.Threading.ExecutionContext,System.Threading.ContextCallback,object,bool)
0x0000023042b2f1cb (Mono JIT Code) System.Runtime.CompilerServices.AsyncMethodBuilderCore/MoveNextRunner:Run ()
0x0000023044ff6b7a (Mono JIT Code) System.Threading.Tasks.SynchronizationContextAwaitTaskContinuation/<>c:<.cctor>b__7_0 (object)
0x0000023044ff6a84 (Mono JIT Code) UnityEngine.UnitySynchronizationContext/WorkRequest:Invoke ()
0x0000023044ff5f73 (Mono JIT Code) UnityEngine.UnitySynchronizationContext:Exec ()
0x0000023044ff5d6b (Mono JIT Code) UnityEngine.UnitySynchronizationContext:ExecuteTasks ()
0x0000022e6d4c1575 (Mono JIT Code) (wrapper runtime-invoke) object:runtime_invoke_void (object,intptr,intptr,intptr)
0x00007ff810874b7e (mono-2.0-bdwgc) mono_jit_set_domain
0x00007ff8107ad204 (mono-2.0-bdwgc) mono_object_get_virtual_method
0x00007ff8107ad37c (mono-2.0-bdwgc) mono_runtime_invoke
0x00007ffff902ff69 (UnityPlayer) UnityMain
0x00007ffff8de03f7 (UnityPlayer) 
0x00007ffff8dcf778 (UnityPlayer) 
0x00007ffff8dcf964 (UnityPlayer) 
0x00007ffff8dcfe82 (UnityPlayer) 
0x00007ffff90233db (UnityPlayer) 
0x00007ffff9025dab (UnityPlayer) 
0x00007ffff902910b (UnityPlayer) 
0x00007ffff90293ab (UnityPlayer) UnityMain
0x00007ff7fb0611f6 (Cities2) 
0x00007ff96a6ae8d7 (KERNEL32) BaseThreadInitThunk
0x00007ff96bb4c53c (ntdll) RtlUserThreadStart

[UI] [WARN]  Watcher is trying to remove a path not being watched: C:\Users\bwort\AppData\LocalLow\Colossal Order\Cities Skylines II\.cache\Mods\mods_subscribed\80529_35
0x00007ffff922350d (UnityPlayer) UnityMain
0x00007ffff9223288 (UnityPlayer) UnityMain
0x00007ffff9209cd9 (UnityPlayer) UnityMain
0x00007ffff98a9e51 (UnityPlayer) UnityMain
0x00007ffff888b105 (UnityPlayer) 
0x0000023042b80f33 (Mono JIT Code) (wrapper managed-to-native) UnityEngine.DebugLogHandler:Internal_Log (UnityEngine.LogType,UnityEngine.LogOption,string,UnityEngine.Object)
0x0000023042b80e4b (Mono JIT Code) UnityEngine.DebugLogHandler:LogFormat (UnityEngine.LogType,UnityEngine.Object,string,object[])
0x0000023041124a6a (Mono JIT Code) Colossal.Logging.CustomLogHandler:PostProcessFormat (UnityEngine.LogType,Colossal.Logging.Level,UnityEngine.Object,string,Colossal.Logging.ILog,System.Exception)
0x00000230411241ab (Mono JIT Code) Colossal.Logging.CustomLogHandler:LogFormat (UnityEngine.LogType,UnityEngine.Object,string,object[])
0x0000023041123e71 (Mono JIT Code) UnityEngine.Logger:LogFormat (UnityEngine.LogType,string,object[])
0x000002304112382d (Mono JIT Code) Colossal.Logging.UnityLogger:Log (Colossal.Logging.Level,string,System.Exception)
0x00000232092f9123 (Mono JIT Code) Colossal.Logging.UnityLogger:WarnFormat (string,object)
0x00000232092f8fae (Mono JIT Code) Colossal.UI.UILiveReload:OnHostLocationRemoved (string,string)
0x00000232092f8d42 (Mono JIT Code) Colossal.UI.UISystem:RemoveHostLocation (string)
0x00000232092f8acb (Mono JIT Code) ExtraLib.Helpers.Icons:UnLoadAllIconsFolder () (at E:/__CODE/ExtraLib/mod/Helpers/Icons.cs:60)
0x00000232092f89f3 (Mono JIT Code) ExtraLib.EL:OnDispose () (at E:/__CODE/ExtraLib/EL.cs:95)
0x00000232092f609f (Mono JIT Code) Game.Modding.ModManager/ModInfo:OnDispose ()
0x00000232092f5ff3 (Mono JIT Code) Game.Modding.ModManager/ModInfo:Dispose ()
0x00000232092f5c93 (Mono JIT Code) Game.Modding.ModManager:Dispose ()
0x00000232092f2e23 (Mono JIT Code) Game.SceneFlow.GameManager/<TerminateGame>d__64:MoveNext ()
0x0000023042b2f312 (Mono JIT Code) System.Runtime.CompilerServices.AsyncMethodBuilderCore/MoveNextRunner:InvokeMoveNext (object)
0x0000023041222aae (Mono JIT Code) System.Threading.ExecutionContext:RunInternal (System.Threading.ExecutionContext,System.Threading.ContextCallback,object,bool)
0x00000230412223db (Mono JIT Code) System.Threading.ExecutionContext:Run (System.Threading.ExecutionContext,System.Threading.ContextCallback,object,bool)
0x0000023042b2f1cb (Mono JIT Code) System.Runtime.CompilerServices.AsyncMethodBuilderCore/MoveNextRunner:Run ()
0x0000023044ff6b7a (Mono JIT Code) System.Threading.Tasks.SynchronizationContextAwaitTaskContinuation/<>c:<.cctor>b__7_0 (object)
0x0000023044ff6a84 (Mono JIT Code) UnityEngine.UnitySynchronizationContext/WorkRequest:Invoke ()
0x0000023044ff5f73 (Mono JIT Code) UnityEngine.UnitySynchronizationContext:Exec ()
0x0000023044ff5d6b (Mono JIT Code) UnityEngine.UnitySynchronizationContext:ExecuteTasks ()
0x0000022e6d4c1575 (Mono JIT Code) (wrapper runtime-invoke) object:runtime_invoke_void (object,intptr,intptr,intptr)
0x00007ff810874b7e (mono-2.0-bdwgc) mono_jit_set_domain
0x00007ff8107ad204 (mono-2.0-bdwgc) mono_object_get_virtual_method
0x00007ff8107ad37c (mono-2.0-bdwgc) mono_runtime_invoke
0x00007ffff902ff69 (UnityPlayer) UnityMain
0x00007ffff8de03f7 (UnityPlayer) 
0x00007ffff8dcf778 (UnityPlayer) 
0x00007ffff8dcf964 (UnityPlayer) 
0x00007ffff8dcfe82 (UnityPlayer) 
0x00007ffff90233db (UnityPlayer) 
0x00007ffff9025dab (UnityPlayer) 
0x00007ffff902910b (UnityPlayer) 
0x00007ffff90293ab (UnityPlayer) UnityMain
0x00007ff7fb0611f6 (Cities2) 
0x00007ff96a6ae8d7 (KERNEL32) BaseThreadInitThunk
0x00007ff96bb4c53c (ntdll) RtlUserThreadStart

[UI] [WARN]  Watcher is trying to remove a path not being watched: C:\Users\bwort\AppData\LocalLow\Colossal Order\Cities Skylines II\.cache\Mods\mods_subscribed\80530_4
0x00007ffff922350d (UnityPlayer) UnityMain
0x00007ffff9223288 (UnityPlayer) UnityMain
0x00007ffff9209cd9 (UnityPlayer) UnityMain
0x00007ffff98a9e51 (UnityPlayer) UnityMain
0x00007ffff888b105 (UnityPlayer) 
0x0000023042b80f33 (Mono JIT Code) (wrapper managed-to-native) UnityEngine.DebugLogHandler:Internal_Log (UnityEngine.LogType,UnityEngine.LogOption,string,UnityEngine.Object)
0x0000023042b80e4b (Mono JIT Code) UnityEngine.DebugLogHandler:LogFormat (UnityEngine.LogType,UnityEngine.Object,string,object[])
0x0000023041124a6a (Mono JIT Code) Colossal.Logging.CustomLogHandler:PostProcessFormat (UnityEngine.LogType,Colossal.Logging.Level,UnityEngine.Object,string,Colossal.Logging.ILog,System.Exception)
0x00000230411241ab (Mono JIT Code) Colossal.Logging.CustomLogHandler:LogFormat (UnityEngine.LogType,UnityEngine.Object,string,object[])
0x0000023041123e71 (Mono JIT Code) UnityEngine.Logger:LogFormat (UnityEngine.LogType,string,object[])
0x000002304112382d (Mono JIT Code) Colossal.Logging.UnityLogger:Log (Colossal.Logging.Level,string,System.Exception)
0x00000232092f9123 (Mono JIT Code) Colossal.Logging.UnityLogger:WarnFormat (string,object)
0x00000232092f8fae (Mono JIT Code) Colossal.UI.UILiveReload:OnHostLocationRemoved (string,string)
0x00000232092f8d42 (Mono JIT Code) Colossal.UI.UISystem:RemoveHostLocation (string)
0x00000232092f8acb (Mono JIT Code) ExtraLib.Helpers.Icons:UnLoadAllIconsFolder () (at E:/__CODE/ExtraLib/mod/Helpers/Icons.cs:60)
0x00000232092f89f3 (Mono JIT Code) ExtraLib.EL:OnDispose () (at E:/__CODE/ExtraLib/EL.cs:95)
0x00000232092f609f (Mono JIT Code) Game.Modding.ModManager/ModInfo:OnDispose ()
0x00000232092f5ff3 (Mono JIT Code) Game.Modding.ModManager/ModInfo:Dispose ()
0x00000232092f5c93 (Mono JIT Code) Game.Modding.ModManager:Dispose ()
0x00000232092f2e23 (Mono JIT Code) Game.SceneFlow.GameManager/<TerminateGame>d__64:MoveNext ()
0x0000023042b2f312 (Mono JIT Code) System.Runtime.CompilerServices.AsyncMethodBuilderCore/MoveNextRunner:InvokeMoveNext (object)
0x0000023041222aae (Mono JIT Code) System.Threading.ExecutionContext:RunInternal (System.Threading.ExecutionContext,System.Threading.ContextCallback,object,bool)
0x00000230412223db (Mono JIT Code) System.Threading.ExecutionContext:Run (System.Threading.ExecutionContext,System.Threading.ContextCallback,object,bool)
0x0000023042b2f1cb (Mono JIT Code) System.Runtime.CompilerServices.AsyncMethodBuilderCore/MoveNextRunner:Run ()
0x0000023044ff6b7a (Mono JIT Code) System.Threading.Tasks.SynchronizationContextAwaitTaskContinuation/<>c:<.cctor>b__7_0 (object)
0x0000023044ff6a84 (Mono JIT Code) UnityEngine.UnitySynchronizationContext/WorkRequest:Invoke ()
0x0000023044ff5f73 (Mono JIT Code) UnityEngine.UnitySynchronizationContext:Exec ()
0x0000023044ff5d6b (Mono JIT Code) UnityEngine.UnitySynchronizationContext:ExecuteTasks ()
0x0000022e6d4c1575 (Mono JIT Code) (wrapper runtime-invoke) object:runtime_invoke_void (object,intptr,intptr,intptr)
0x00007ff810874b7e (mono-2.0-bdwgc) mono_jit_set_domain
0x00007ff8107ad204 (mono-2.0-bdwgc) mono_object_get_virtual_method
0x00007ff8107ad37c (mono-2.0-bdwgc) mono_runtime_invoke
0x00007ffff902ff69 (UnityPlayer) UnityMain
0x00007ffff8de03f7 (UnityPlayer) 
0x00007ffff8dcf778 (UnityPlayer) 
0x00007ffff8dcf964 (UnityPlayer) 
0x00007ffff8dcfe82 (UnityPlayer) 
0x00007ffff90233db (UnityPlayer) 
0x00007ffff9025dab (UnityPlayer) 
0x00007ffff902910b (UnityPlayer) 
0x00007ffff90293ab (UnityPlayer) UnityMain
0x00007ff7fb0611f6 (Cities2) 
0x00007ff96a6ae8d7 (KERNEL32) BaseThreadInitThunk
0x00007ff96bb4c53c (ntdll) RtlUserThreadStart

[UI] [WARN]  Watcher is trying to remove a path not being watched: C:\Users\bwort\AppData\LocalLow\Colossal Order\Cities Skylines II\.cache\Mods\mods_subscribed\75724_25
0x00007ffff922350d (UnityPlayer) UnityMain
0x00007ffff9223288 (UnityPlayer) UnityMain
0x00007ffff9209cd9 (UnityPlayer) UnityMain
0x00007ffff98a9e51 (UnityPlayer) UnityMain
0x00007ffff888b105 (UnityPlayer) 
0x0000023042b80f33 (Mono JIT Code) (wrapper managed-to-native) UnityEngine.DebugLogHandler:Internal_Log (UnityEngine.LogType,UnityEngine.LogOption,string,UnityEngine.Object)
0x0000023042b80e4b (Mono JIT Code) UnityEngine.DebugLogHandler:LogFormat (UnityEngine.LogType,UnityEngine.Object,string,object[])
0x0000023041124a6a (Mono JIT Code) Colossal.Logging.CustomLogHandler:PostProcessFormat (UnityEngine.LogType,Colossal.Logging.Level,UnityEngine.Object,string,Colossal.Logging.ILog,System.Exception)
0x00000230411241ab (Mono JIT Code) Colossal.Logging.CustomLogHandler:LogFormat (UnityEngine.LogType,UnityEngine.Object,string,object[])
0x0000023041123e71 (Mono JIT Code) UnityEngine.Logger:LogFormat (UnityEngine.LogType,string,object[])
0x000002304112382d (Mono JIT Code) Colossal.Logging.UnityLogger:Log (Colossal.Logging.Level,string,System.Exception)
0x00000232092f9123 (Mono JIT Code) Colossal.Logging.UnityLogger:WarnFormat (string,object)
0x00000232092f8fae (Mono JIT Code) Colossal.UI.UILiveReload:OnHostLocationRemoved (string,string)
0x00000232092f8d42 (Mono JIT Code) Colossal.UI.UISystem:RemoveHostLocation (string)
0x00000232092f8acb (Mono JIT Code) ExtraLib.Helpers.Icons:UnLoadAllIconsFolder () (at E:/__CODE/ExtraLib/mod/Helpers/Icons.cs:60)
0x00000232092f89f3 (Mono JIT Code) ExtraLib.EL:OnDispose () (at E:/__CODE/ExtraLib/EL.cs:95)
0x00000232092f609f (Mono JIT Code) Game.Modding.ModManager/ModInfo:OnDispose ()
0x00000232092f5ff3 (Mono JIT Code) Game.Modding.ModManager/ModInfo:Dispose ()
0x00000232092f5c93 (Mono JIT Code) Game.Modding.ModManager:Dispose ()
0x00000232092f2e23 (Mono JIT Code) Game.SceneFlow.GameManager/<TerminateGame>d__64:MoveNext ()
0x0000023042b2f312 (Mono JIT Code) System.Runtime.CompilerServices.AsyncMethodBuilderCore/MoveNextRunner:InvokeMoveNext (object)
0x0000023041222aae (Mono JIT Code) System.Threading.ExecutionContext:RunInternal (System.Threading.ExecutionContext,System.Threading.ContextCallback,object,bool)
0x00000230412223db (Mono JIT Code) System.Threading.ExecutionContext:Run (System.Threading.ExecutionContext,System.Threading.ContextCallback,object,bool)
0x0000023042b2f1cb (Mono JIT Code) System.Runtime.CompilerServices.AsyncMethodBuilderCore/MoveNextRunner:Run ()
0x0000023044ff6b7a (Mono JIT Code) System.Threading.Tasks.SynchronizationContextAwaitTaskContinuation/<>c:<.cctor>b__7_0 (object)
0x0000023044ff6a84 (Mono JIT Code) UnityEngine.UnitySynchronizationContext/WorkRequest:Invoke ()
0x0000023044ff5f73 (Mono JIT Code) UnityEngine.UnitySynchronizationContext:Exec ()
0x0000023044ff5d6b (Mono JIT Code) UnityEngine.UnitySynchronizationContext:ExecuteTasks ()
0x0000022e6d4c1575 (Mono JIT Code) (wrapper runtime-invoke) object:runtime_invoke_void (object,intptr,intptr,intptr)
0x00007ff810874b7e (mono-2.0-bdwgc) mono_jit_set_domain
0x00007ff8107ad204 (mono-2.0-bdwgc) mono_object_get_virtual_method
0x00007ff8107ad37c (mono-2.0-bdwgc) mono_runtime_invoke
0x00007ffff902ff69 (UnityPlayer) UnityMain
0x00007ffff8de03f7 (UnityPlayer) 
0x00007ffff8dcf778 (UnityPlayer) 
0x00007ffff8dcf964 (UnityPlayer) 
0x00007ffff8dcfe82 (UnityPlayer) 
0x00007ffff90233db (UnityPlayer) 
0x00007ffff9025dab (UnityPlayer) 
0x00007ffff902910b (UnityPlayer) 
0x00007ffff90293ab (UnityPlayer) UnityMain
0x00007ff7fb0611f6 (Cities2) 
0x00007ff96a6ae8d7 (KERNEL32) BaseThreadInitThunk
0x00007ff96bb4c53c (ntdll) RtlUserThreadStart

[UI] [WARN]  Watcher is trying to remove a path not being watched: C:\Users\bwort\AppData\LocalLow\Colossal Order\Cities Skylines II\.cache\Mods\mods_subscribed\80528_12
0x00007ffff922350d (UnityPlayer) UnityMain
0x00007ffff9223288 (UnityPlayer) UnityMain
0x00007ffff9209cd9 (UnityPlayer) UnityMain
0x00007ffff98a9e51 (UnityPlayer) UnityMain
0x00007ffff888b105 (UnityPlayer) 
0x0000023042b80f33 (Mono JIT Code) (wrapper managed-to-native) UnityEngine.DebugLogHandler:Internal_Log (UnityEngine.LogType,UnityEngine.LogOption,string,UnityEngine.Object)
0x0000023042b80e4b (Mono JIT Code) UnityEngine.DebugLogHandler:LogFormat (UnityEngine.LogType,UnityEngine.Object,string,object[])
0x0000023041124a6a (Mono JIT Code) Colossal.Logging.CustomLogHandler:PostProcessFormat (UnityEngine.LogType,Colossal.Logging.Level,UnityEngine.Object,string,Colossal.Logging.ILog,System.Exception)
0x00000230411241ab (Mono JIT Code) Colossal.Logging.CustomLogHandler:LogFormat (UnityEngine.LogType,UnityEngine.Object,string,object[])
0x0000023041123e71 (Mono JIT Code) UnityEngine.Logger:LogFormat (UnityEngine.LogType,string,object[])
0x000002304112382d (Mono JIT Code) Colossal.Logging.UnityLogger:Log (Colossal.Logging.Level,string,System.Exception)
0x00000232092f9123 (Mono JIT Code) Colossal.Logging.UnityLogger:WarnFormat (string,object)
0x00000232092f8fae (Mono JIT Code) Colossal.UI.UILiveReload:OnHostLocationRemoved (string,string)
0x00000232092f8d42 (Mono JIT Code) Colossal.UI.UISystem:RemoveHostLocation (string)
0x00000232092f8acb (Mono JIT Code) ExtraLib.Helpers.Icons:UnLoadAllIconsFolder () (at E:/__CODE/ExtraLib/mod/Helpers/Icons.cs:60)
0x00000232092f89f3 (Mono JIT Code) ExtraLib.EL:OnDispose () (at E:/__CODE/ExtraLib/EL.cs:95)
0x00000232092f609f (Mono JIT Code) Game.Modding.ModManager/ModInfo:OnDispose ()
0x00000232092f5ff3 (Mono JIT Code) Game.Modding.ModManager/ModInfo:Dispose ()
0x00000232092f5c93 (Mono JIT Code) Game.Modding.ModManager:Dispose ()
0x00000232092f2e23 (Mono JIT Code) Game.SceneFlow.GameManager/<TerminateGame>d__64:MoveNext ()
0x0000023042b2f312 (Mono JIT Code) System.Runtime.CompilerServices.AsyncMethodBuilderCore/MoveNextRunner:InvokeMoveNext (object)
0x0000023041222aae (Mono JIT Code) System.Threading.ExecutionContext:RunInternal (System.Threading.ExecutionContext,System.Threading.ContextCallback,object,bool)
0x00000230412223db (Mono JIT Code) System.Threading.ExecutionContext:Run (System.Threading.ExecutionContext,System.Threading.ContextCallback,object,bool)
0x0000023042b2f1cb (Mono JIT Code) System.Runtime.CompilerServices.AsyncMethodBuilderCore/MoveNextRunner:Run ()
0x0000023044ff6b7a (Mono JIT Code) System.Threading.Tasks.SynchronizationContextAwaitTaskContinuation/<>c:<.cctor>b__7_0 (object)
0x0000023044ff6a84 (Mono JIT Code) UnityEngine.UnitySynchronizationContext/WorkRequest:Invoke ()
0x0000023044ff5f73 (Mono JIT Code) UnityEngine.UnitySynchronizationContext:Exec ()
0x0000023044ff5d6b (Mono JIT Code) UnityEngine.UnitySynchronizationContext:ExecuteTasks ()
0x0000022e6d4c1575 (Mono JIT Code) (wrapper runtime-invoke) object:runtime_invoke_void (object,intptr,intptr,intptr)
0x00007ff810874b7e (mono-2.0-bdwgc) mono_jit_set_domain
0x00007ff8107ad204 (mono-2.0-bdwgc) mono_object_get_virtual_method
0x00007ff8107ad37c (mono-2.0-bdwgc) mono_runtime_invoke
0x00007ffff902ff69 (UnityPlayer) UnityMain
0x00007ffff8de03f7 (UnityPlayer) 
0x00007ffff8dcf778 (UnityPlayer) 
0x00007ffff8dcf964 (UnityPlayer) 
0x00007ffff8dcfe82 (UnityPlayer) 
0x00007ffff90233db (UnityPlayer) 
0x00007ffff9025dab (UnityPlayer) 
0x00007ffff902910b (UnityPlayer) 
0x00007ffff90293ab (UnityPlayer) UnityMain
0x00007ff7fb0611f6 (Cities2) 
0x00007ff96a6ae8d7 (KERNEL32) BaseThreadInitThunk
0x00007ff96bb4c53c (ntdll) RtlUserThreadStart

[UI] [WARN]  Watcher is trying to remove a path not being watched: C:\Users\bwort\AppData\LocalLow\Colossal Order\Cities Skylines II\.cache\Mods\mods_subscribed\77175_15
0x00007ffff922350d (UnityPlayer) UnityMain
0x00007ffff9223288 (UnityPlayer) UnityMain
0x00007ffff9209cd9 (UnityPlayer) UnityMain
0x00007ffff98a9e51 (UnityPlayer) UnityMain
0x00007ffff888b105 (UnityPlayer) 
0x0000023042b80f33 (Mono JIT Code) (wrapper managed-to-native) UnityEngine.DebugLogHandler:Internal_Log (UnityEngine.LogType,UnityEngine.LogOption,string,UnityEngine.Object)
0x0000023042b80e4b (Mono JIT Code) UnityEngine.DebugLogHandler:LogFormat (UnityEngine.LogType,UnityEngine.Object,string,object[])
0x0000023041124a6a (Mono JIT Code) Colossal.Logging.CustomLogHandler:PostProcessFormat (UnityEngine.LogType,Colossal.Logging.Level,UnityEngine.Object,string,Colossal.Logging.ILog,System.Exception)
0x00000230411241ab (Mono JIT Code) Colossal.Logging.CustomLogHandler:LogFormat (UnityEngine.LogType,UnityEngine.Object,string,object[])
0x0000023041123e71 (Mono JIT Code) UnityEngine.Logger:LogFormat (UnityEngine.LogType,string,object[])
0x000002304112382d (Mono JIT Code) Colossal.Logging.UnityLogger:Log (Colossal.Logging.Level,string,System.Exception)
0x00000232092f9123 (Mono JIT Code) Colossal.Logging.UnityLogger:WarnFormat (string,object)
0x00000232092f8fae (Mono JIT Code) Colossal.UI.UILiveReload:OnHostLocationRemoved (string,string)
0x00000232092f8d42 (Mono JIT Code) Colossal.UI.UISystem:RemoveHostLocation (string)
0x00000232092f8acb (Mono JIT Code) ExtraLib.Helpers.Icons:UnLoadAllIconsFolder () (at E:/__CODE/ExtraLib/mod/Helpers/Icons.cs:60)
0x00000232092f89f3 (Mono JIT Code) ExtraLib.EL:OnDispose () (at E:/__CODE/ExtraLib/EL.cs:95)
0x00000232092f609f (Mono JIT Code) Game.Modding.ModManager/ModInfo:OnDispose ()
0x00000232092f5ff3 (Mono JIT Code) Game.Modding.ModManager/ModInfo:Dispose ()
0x00000232092f5c93 (Mono JIT Code) Game.Modding.ModManager:Dispose ()
0x00000232092f2e23 (Mono JIT Code) Game.SceneFlow.GameManager/<TerminateGame>d__64:MoveNext ()
0x0000023042b2f312 (Mono JIT Code) System.Runtime.CompilerServices.AsyncMethodBuilderCore/MoveNextRunner:InvokeMoveNext (object)
0x0000023041222aae (Mono JIT Code) System.Threading.ExecutionContext:RunInternal (System.Threading.ExecutionContext,System.Threading.ContextCallback,object,bool)
0x00000230412223db (Mono JIT Code) System.Threading.ExecutionContext:Run (System.Threading.ExecutionContext,System.Threading.ContextCallback,object,bool)
0x0000023042b2f1cb (Mono JIT Code) System.Runtime.CompilerServices.AsyncMethodBuilderCore/MoveNextRunner:Run ()
0x0000023044ff6b7a (Mono JIT Code) System.Threading.Tasks.SynchronizationContextAwaitTaskContinuation/<>c:<.cctor>b__7_0 (object)
0x0000023044ff6a84 (Mono JIT Code) UnityEngine.UnitySynchronizationContext/WorkRequest:Invoke ()
0x0000023044ff5f73 (Mono JIT Code) UnityEngine.UnitySynchronizationContext:Exec ()
0x0000023044ff5d6b (Mono JIT Code) UnityEngine.UnitySynchronizationContext:ExecuteTasks ()
0x0000022e6d4c1575 (Mono JIT Code) (wrapper runtime-invoke) object:runtime_invoke_void (object,intptr,intptr,intptr)
0x00007ff810874b7e (mono-2.0-bdwgc) mono_jit_set_domain
0x00007ff8107ad204 (mono-2.0-bdwgc) mono_object_get_virtual_method
0x00007ff8107ad37c (mono-2.0-bdwgc) mono_runtime_invoke
0x00007ffff902ff69 (UnityPlayer) UnityMain
0x00007ffff8de03f7 (UnityPlayer) 
0x00007ffff8dcf778 (UnityPlayer) 
0x00007ffff8dcf964 (UnityPlayer) 
0x00007ffff8dcfe82 (UnityPlayer) 
0x00007ffff90233db (UnityPlayer) 
0x00007ffff9025dab (UnityPlayer) 
0x00007ffff902910b (UnityPlayer) 
0x00007ffff90293ab (UnityPlayer) UnityMain
0x00007ff7fb0611f6 (Cities2) 
0x00007ff96a6ae8d7 (KERNEL32) BaseThreadInitThunk
0x00007ff96bb4c53c (ntdll) RtlUserThreadStart

Virtual texturing: Deleting GPU cache BC7 RT
Virtual texturing: Deleting GPU cache BC7 RT
Releasing render texture that is set to be RenderTexture.active!
0x00007ffff922350d (UnityPlayer) UnityMain
0x00007ffff9223288 (UnityPlayer) UnityMain
0x00007ffff9209cd9 (UnityPlayer) UnityMain
0x00007ffff98a9e51 (UnityPlayer) UnityMain
0x00007ffff8cbfb5e (UnityPlayer) 
0x00007ffff8cc05f0 (UnityPlayer) 
0x00007ffff8b82806 (UnityPlayer) 
0x00007ffff8b82383 (UnityPlayer) 
0x00007ffff8dbe287 (UnityPlayer) 
0x00007ffff8c6094c (UnityPlayer) 
0x00007ffff8c5be0d (UnityPlayer) 
0x00007ffff8dcf778 (UnityPlayer) 
0x00007ffff8dcf964 (UnityPlayer) 
0x00007ffff8dcfe82 (UnityPlayer) 
0x00007ffff90233db (UnityPlayer) 
0x00007ffff9025dab (UnityPlayer) 
0x00007ffff902910b (UnityPlayer) 
0x00007ffff90293ab (UnityPlayer) UnityMain
0x00007ff7fb0611f6 (Cities2) 
0x00007ff96a6ae8d7 (KERNEL32) BaseThreadInitThunk
0x00007ff96bb4c53c (ntdll) RtlUserThreadStart

Game terminated successfully
0x00007ffff922350d (UnityPlayer) UnityMain
0x00007ffff9223288 (UnityPlayer) UnityMain
0x00007ffff9209cd9 (UnityPlayer) UnityMain
0x00007ffff98a9e51 (UnityPlayer) UnityMain
0x00007ffff888b105 (UnityPlayer) 
0x0000023042b80f33 (Mono JIT Code) (wrapper managed-to-native) UnityEngine.DebugLogHandler:Internal_Log (UnityEngine.LogType,UnityEngine.LogOption,string,UnityEngine.Object)
0x0000023042b80e4b (Mono JIT Code) UnityEngine.DebugLogHandler:LogFormat (UnityEngine.LogType,UnityEngine.Object,string,object[])
0x00000230411243d3 (Mono JIT Code) Colossal.Logging.CustomLogHandler:LogFormat (UnityEngine.LogType,UnityEngine.Object,string,object[])
0x0000023042b80a00 (Mono JIT Code) UnityEngine.Logger:Log (UnityEngine.LogType,object)
0x0000023042b80928 (Mono JIT Code) UnityEngine.Debug:Log (object)
0x00000232092f35cb (Mono JIT Code) Game.SceneFlow.GameManager/<TerminateGame>d__64:MoveNext ()
0x0000023042b2f312 (Mono JIT Code) System.Runtime.CompilerServices.AsyncMethodBuilderCore/MoveNextRunner:InvokeMoveNext (object)
0x0000023041222aae (Mono JIT Code) System.Threading.ExecutionContext:RunInternal (System.Threading.ExecutionContext,System.Threading.ContextCallback,object,bool)
0x00000230412223db (Mono JIT Code) System.Threading.ExecutionContext:Run (System.Threading.ExecutionContext,System.Threading.ContextCallback,object,bool)
0x0000023042b2f1cb (Mono JIT Code) System.Runtime.CompilerServices.AsyncMethodBuilderCore/MoveNextRunner:Run ()
0x0000023044ff6cca (Mono JIT Code) System.Threading.Tasks.AwaitTaskContinuation:InvokeAction (object)
0x0000023042b32175 (Mono JIT Code) System.Threading.Tasks.AwaitTaskContinuation:RunCallback (System.Threading.ContextCallback,object,System.Threading.Tasks.Task&)
0x0000023042b31fd3 (Mono JIT Code) System.Threading.Tasks.SynchronizationContextAwaitTaskContinuation:Run (System.Threading.Tasks.Task,bool)
0x0000023042b2ded7 (Mono JIT Code) System.Threading.Tasks.Task:FinishContinuations ()
0x0000023042b2da73 (Mono JIT Code) System.Threading.Tasks.Task:FinishStageThree ()
0x0000022fc4b750e3 (Mono JIT Code) System.Threading.Tasks.Task`1<bool>:TrySetResult (bool)
0x00000230a3be9043 (Mono JIT Code) System.Runtime.CompilerServices.AsyncTaskMethodBuilder`1<bool>:SetResult (bool)
0x00000230ee8e66db (Mono JIT Code) Game.SceneFlow.AsyncHelpers/<AwaitWithTimeout>d__0:MoveNext ()
0x0000023042b2f312 (Mono JIT Code) System.Runtime.CompilerServices.AsyncMethodBuilderCore/MoveNextRunner:InvokeMoveNext (object)
0x0000023041222aae (Mono JIT Code) System.Threading.ExecutionContext:RunInternal (System.Threading.ExecutionContext,System.Threading.ContextCallback,object,bool)
0x00000230412223db (Mono JIT Code) System.Threading.ExecutionContext:Run (System.Threading.ExecutionContext,System.Threading.ContextCallback,object,bool)
0x0000023042b2f1cb (Mono JIT Code) System.Runtime.CompilerServices.AsyncMethodBuilderCore/MoveNextRunner:Run ()
0x0000023044ff6cca (Mono JIT Code) System.Threading.Tasks.AwaitTaskContinuation:InvokeAction (object)
0x0000023042b32175 (Mono JIT Code) System.Threading.Tasks.AwaitTaskContinuation:RunCallback (System.Threading.ContextCallback,object,System.Threading.Tasks.Task&)
0x0000023042b31fd3 (Mono JIT Code) System.Threading.Tasks.SynchronizationContextAwaitTaskContinuation:Run (System.Threading.Tasks.Task,bool)
0x0000023042b2ded7 (Mono JIT Code) System.Threading.Tasks.Task:FinishContinuations ()
0x0000023042b2da73 (Mono JIT Code) System.Threading.Tasks.Task:FinishStageThree ()
0x0000022fc4b76a13 (Mono JIT Code) System.Threading.Tasks.Task`1<TResult_REF>:TrySetResult (TResult_REF)
0x0000022fc4b76a93 (Mono JIT Code) System.Threading.Tasks.TaskFactory/CompleteOnInvokePromise:Invoke (System.Threading.Tasks.Task)
0x0000023042b2ddcc (Mono JIT Code) System.Threading.Tasks.Task:FinishContinuations ()
0x0000023042b2da73 (Mono JIT Code) System.Threading.Tasks.Task:FinishStageThree ()
0x0000023042b2d853 (Mono JIT Code) System.Threading.Tasks.Task`1<System.Threading.Tasks.VoidTaskResult>:TrySetResult (System.Threading.Tasks.VoidTaskResult)
0x0000023042b31083 (Mono JIT Code) System.Runtime.CompilerServices.AsyncTaskMethodBuilder`1<System.Threading.Tasks.VoidTaskResult>:SetResult (System.Threading.Tasks.VoidTaskResult)
0x0000023042b216b3 (Mono JIT Code) System.Runtime.CompilerServices.AsyncTaskMethodBuilder`1<System.Threading.Tasks.VoidTaskResult>:SetResult (System.Threading.Tasks.Task`1<System.Threading.Tasks.VoidTaskResult>)
0x0000023042b2160b (Mono JIT Code) System.Runtime.CompilerServices.AsyncTaskMethodBuilder:SetResult ()
0x00000230ee8e12db (Mono JIT Code) Game.SceneFlow.GameManager/<DisposePlatforms>d__111:MoveNext ()
0x0000023042b2f312 (Mono JIT Code) System.Runtime.CompilerServices.AsyncMethodBuilderCore/MoveNextRunner:InvokeMoveNext (object)
0x0000023041222aae (Mono JIT Code) System.Threading.ExecutionContext:RunInternal (System.Threading.ExecutionContext,System.Threading.ContextCallback,object,bool)
0x00000230412223db (Mono JIT Code) System.Threading.ExecutionContext:Run (System.Threading.ExecutionContext,System.Threading.ContextCallback,object,bool)
0x0000023042b2f1cb (Mono JIT Code) System.Runtime.CompilerServices.AsyncMethodBuilderCore/MoveNextRunner:Run ()
0x0000023044ff6b7a (Mono JIT Code) System.Threading.Tasks.SynchronizationContextAwaitTaskContinuation/<>c:<.cctor>b__7_0 (object)
0x0000023044ff6a84 (Mono JIT Code) UnityEngine.UnitySynchronizationContext/WorkRequest:Invoke ()
0x0000023044ff5f73 (Mono JIT Code) UnityEngine.UnitySynchronizationContext:Exec ()
0x0000023044ff5d6b (Mono JIT Code) UnityEngine.UnitySynchronizationContext:ExecuteTasks ()
0x0000022e6d4c1575 (Mono JIT Code) (wrapper runtime-invoke) object:runtime_invoke_void (object,intptr,intptr,intptr)
0x00007ff810874b7e (mono-2.0-bdwgc) mono_jit_set_domain
0x00007ff8107ad204 (mono-2.0-bdwgc) mono_object_get_virtual_method
0x00007ff8107ad37c (mono-2.0-bdwgc) mono_runtime_invoke
0x00007ffff902ff69 (UnityPlayer) UnityMain
0x00007ffff8de03f7 (UnityPlayer) 
0x00007ffff8dcf778 (UnityPlayer) 
0x00007ffff8dcf964 (UnityPlayer) 
0x00007ffff8dcfe82 (UnityPlayer) 
0x00007ffff90233db (UnityPlayer) 
0x00007ffff9025dab (UnityPlayer) 
0x00007ffff902910b (UnityPlayer) 
0x00007ffff90293ab (UnityPlayer) UnityMain
0x00007ff7fb0611f6 (Cities2) 
0x00007ff96a6ae8d7 (KERNEL32) BaseThreadInitThunk
0x00007ff96bb4c53c (ntdll) RtlUserThreadStart

Input System module state changed to: ShutdownInProgress.
Input System polling thread exited.
Input System module state changed to: Shutdown.
Memory Statistics:
[ALLOC_TEMP_TLS] TLS Allocator
  StackAllocators : 
    [ALLOC_TEMP_MAIN]
      Peak usage frame count: [8.0 KB-16.0 KB]: 1958 frames, [16.0 KB-32.0 KB]: 1 frames, [32.0 KB-64.0 KB]: 5461 frames, [128.0 KB-256.0 KB]: 1 frames, [1.0 MB-2.0 MB]: 1 frames, [2.0 MB-4.0 MB]: 2 frames, [4.0 MB-8.0 MB]: 8 frames
      Initial Block Size 4.0 MB
      Current Block Size 8.0 MB
      Peak Allocated Bytes 7.6 MB
      Overflow Count 9064
    [ALLOC_TEMP_Loading.AsyncRead]
      Initial Block Size 64.0 KB
      Current Block Size 64.0 KB
      Peak Allocated Bytes 378 B
      Overflow Count 0
    [ALLOC_TEMP_Loading.PreloadManager]
      Initial Block Size 256.0 KB
      Current Block Size 256.0 KB
      Peak Allocated Bytes 211.9 KB
      Overflow Count 8
    [ALLOC_TEMP_Background Job.Worker 8]
      Initial Block Size 32.0 KB
      Current Block Size 32.0 KB
      Peak Allocated Bytes 54 B
      Overflow Count 0
    [ALLOC_TEMP_Job.Worker 6]
      Initial Block Size 256.0 KB
      Current Block Size 256.0 KB
      Peak Allocated Bytes 146.5 KB
      Overflow Count 0
    [ALLOC_TEMP_Job.Worker 0]
      Initial Block Size 256.0 KB
      Current Block Size 256.0 KB
      Peak Allocated Bytes 5.1 KB
      Overflow Count 0
    [ALLOC_TEMP_Background Job.Worker 10]
      Initial Block Size 32.0 KB
      Current Block Size 32.0 KB
      Peak Allocated Bytes 54 B
      Overflow Count 0
    [ALLOC_TEMP_Background Job.Worker 9]
      Initial Block Size 32.0 KB
      Current Block Size 32.0 KB
      Peak Allocated Bytes 54 B
      Overflow Count 0
    [ALLOC_TEMP_Background Job.Worker 14]
      Initial Block Size 32.0 KB
      Current Block Size 32.0 KB
      Peak Allocated Bytes 54 B
      Overflow Count 0
    [ALLOC_TEMP_Job.Worker 5]
      Initial Block Size 256.0 KB
      Current Block Size 256.0 KB
      Peak Allocated Bytes 117.2 KB
      Overflow Count 0
    [ALLOC_TEMP_Background Job.Worker 6]
      Initial Block Size 32.0 KB
      Current Block Size 32.0 KB
      Peak Allocated Bytes 54 B
      Overflow Count 0
    [ALLOC_TEMP_Job.Worker 4]
      Initial Block Size 256.0 KB
      Current Block Size 256.0 KB
      Peak Allocated Bytes 30.3 KB
      Overflow Count 0
    [ALLOC_TEMP_Job.Worker 3]
      Initial Block Size 256.0 KB
      Current Block Size 256.0 KB
      Peak Allocated Bytes 36.6 KB
      Overflow Count 0
    [ALLOC_TEMP_Background Job.Worker 12]
      Initial Block Size 32.0 KB
      Current Block Size 32.0 KB
      Peak Allocated Bytes 54 B
      Overflow Count 0
    [ALLOC_TEMP_EnlightenWorker] x 3
      Initial Block Size 64.0 KB
      Current Block Size 64.0 KB
      Peak Allocated Bytes 54 B
      Overflow Count 0
    [ALLOC_TEMP_Background Job.Worker 15]
      Initial Block Size 32.0 KB
      Current Block Size 32.0 KB
      Peak Allocated Bytes 54 B
      Overflow Count 0
    [ALLOC_TEMP_Background Job.Worker 1]
      Initial Block Size 32.0 KB
      Current Block Size 32.0 KB
      Peak Allocated Bytes 1.7 KB
      Overflow Count 0
    [ALLOC_TEMP_Background Job.Worker 2]
      Initial Block Size 32.0 KB
      Current Block Size 32.0 KB
      Peak Allocated Bytes 0.6 KB
      Overflow Count 0
    [ALLOC_TEMP_Background Job.Worker 7]
      Initial Block Size 32.0 KB
      Current Block Size 32.0 KB
      Peak Allocated Bytes 54 B
      Overflow Count 0
    [ALLOC_TEMP_[GraniteSDK] Transcoder Thread]
      Initial Block Size 64.0 KB
      Current Block Size 64.0 KB
      Peak Allocated Bytes 141 B
      Overflow Count 0
    [ALLOC_TEMP_[GraniteSDK] Resolver Thread]
      Initial Block Size 64.0 KB
      Current Block Size 64.0 KB
      Peak Allocated Bytes 139 B
      Overflow Count 0
    [ALLOC_TEMP_Background Job.Worker 5]
      Initial Block Size 32.0 KB
      Current Block Size 32.0 KB
      Peak Allocated Bytes 54 B
      Overflow Count 0
    [ALLOC_TEMP_UnityGfxDeviceWorker]
      Initial Block Size 256.0 KB
      Current Block Size 296.0 KB
      Peak Allocated Bytes 292.5 KB
      Overflow Count 17
    [ALLOC_TEMP_Job.Worker 9]
      Initial Block Size 256.0 KB
      Current Block Size 256.0 KB
      Peak Allocated Bytes 5.1 KB
      Overflow Count 0
    [ALLOC_TEMP_AssetGarbageCollectorHelper] x 11
      Initial Block Size 64.0 KB
      Current Block Size 64.0 KB
      Peak Allocated Bytes 138 B
      Overflow Count 0
    [ALLOC_TEMP_Background Job.Worker 13]
      Initial Block Size 32.0 KB
      Current Block Size 32.0 KB
      Peak Allocated Bytes 54 B
      Overflow Count 0
    [ALLOC_TEMP_Job.Worker 8]
      Initial Block Size 256.0 KB
      Current Block Size 256.0 KB
      Peak Allocated Bytes 5.1 KB
      Overflow Count 0
    [ALLOC_TEMP_Job.Worker 7]
      Initial Block Size 256.0 KB
      Current Block Size 256.0 KB
      Peak Allocated Bytes 7.6 KB
      Overflow Count 0
    [ALLOC_TEMP_Job.Worker 1]
      Initial Block Size 256.0 KB
      Current Block Size 256.0 KB
      Peak Allocated Bytes 194.9 KB
      Overflow Count 0
    [ALLOC_TEMP_Job.Worker 2]
      Initial Block Size 256.0 KB
      Current Block Size 256.0 KB
      Peak Allocated Bytes 146.0 KB
      Overflow Count 0
    [ALLOC_TEMP_Background Job.Worker 3]
      Initial Block Size 32.0 KB
      Current Block Size 32.0 KB
      Peak Allocated Bytes 1.6 KB
      Overflow Count 0
    [ALLOC_TEMP_Background Job.Worker 11]
      Initial Block Size 32.0 KB
      Current Block Size 32.0 KB
      Peak Allocated Bytes 54 B
      Overflow Count 0
    [ALLOC_TEMP_Job.Worker 10]
      Initial Block Size 256.0 KB
      Current Block Size 256.0 KB
      Peak Allocated Bytes 5.1 KB
      Overflow Count 0
    [ALLOC_TEMP_Background Job.Worker 0]
      Initial Block Size 32.0 KB
      Current Block Size 32.0 KB
      Peak Allocated Bytes 54 B
      Overflow Count 0
    [ALLOC_TEMP_HIDInput]
      Initial Block Size 64.0 KB
      Current Block Size 64.0 KB
      Peak Allocated Bytes 10.8 KB
      Overflow Count 0
    [ALLOC_TEMP_Background Job.Worker 4]
      Initial Block Size 32.0 KB
      Current Block Size 32.0 KB
      Peak Allocated Bytes 0.6 KB
      Overflow Count 0
    [ALLOC_TEMP_BatchDeleteObjects]
      Initial Block Size 64.0 KB
      Current Block Size 64.0 KB
      Peak Allocated Bytes 54 B
      Overflow Count 0
[ALLOC_DEFAULT] Dual Thread Allocator
  Peak main deferred allocation count 14628
    [ALLOC_BUCKET]
      Large Block size 4.0 MB
      Used Block count 1
      Peak Allocated bytes 4.0 MB
      Failed Allocations. Bucket layout:
        16B: 140 Subsections = 143360 buckets. Failed count: 1150551
        32B: 41 Subsections = 20992 buckets. Failed count: 824957
        48B: 21 Subsections = 7168 buckets. Failed count: 1100851
        64B: 20 Subsections = 5120 buckets. Failed count: 295845
        80B: 18 Subsections = 3686 buckets. Failed count: 223014
        96B: 6 Subsections = 1024 buckets. Failed count: 304258
        112B: 5 Subsections = 731 buckets. Failed count: 130494
        128B: 5 Subsections = 640 buckets. Failed count: 358554
    [ALLOC_DEFAULT_MAIN]
      Peak usage frame count: [32.0 MB-64.0 MB]: 45 frames, [64.0 MB-128.0 MB]: 794 frames, [128.0 MB-256.0 MB]: 323 frames, [256.0 MB-0.50 GB]: 1211 frames, [0.50 GB-1.00 GB]: 5058 frames, [1.00 GB-2.00 GB]: 1 frames
      Requested Block Size 16.0 MB
      Peak Block count 32
      Peak Allocated memory 1.09 GB
      Peak Large allocation bytes 0.64 GB
    [ALLOC_DEFAULT_THREAD]
      Peak usage frame count: [8.0 MB-16.0 MB]: 997 frames, [16.0 MB-32.0 MB]: 179 frames, [128.0 MB-256.0 MB]: 1 frames, [256.0 MB-0.50 GB]: 3358 frames, [0.50 GB-1.00 GB]: 2897 frames
      Requested Block Size 16.0 MB
      Peak Block count 19
      Peak Allocated memory 0.62 GB
      Peak Large allocation bytes 430.0 MB
[ALLOC_TEMP_JOB_1_FRAME]
  Initial Block Size 2.0 MB
  Used Block Count 0
  Overflow Count (too large) 0
  Overflow Count (full) 0
[ALLOC_TEMP_JOB_2_FRAMES]
  Initial Block Size 2.0 MB
  Used Block Count 0
  Overflow Count (too large) 0
  Overflow Count (full) 0
[ALLOC_TEMP_JOB_4_FRAMES (JobTemp)]
  Initial Block Size 2.0 MB
  Used Block Count 1
  Overflow Count (too large) 2
  Overflow Count (full) 0
[ALLOC_TEMP_JOB_ASYNC (Background)]
  Initial Block Size 1.0 MB
  Used Block Count 1
  Overflow Count (too large) 18
  Overflow Count (full) 0
[ALLOC_GFX] Dual Thread Allocator
  Peak main deferred allocation count 20
    [ALLOC_BUCKET]
      Large Block size 4.0 MB
      Used Block count 1
      Peak Allocated bytes 4.0 MB
      Failed Allocations. Bucket layout:
        16B: 140 Subsections = 143360 buckets. Failed count: 1150551
        32B: 41 Subsections = 20992 buckets. Failed count: 824957
        48B: 21 Subsections = 7168 buckets. Failed count: 1100851
        64B: 20 Subsections = 5120 buckets. Failed count: 295845
        80B: 18 Subsections = 3686 buckets. Failed count: 223014
        96B: 6 Subsections = 1024 buckets. Failed count: 304258
        112B: 5 Subsections = 731 buckets. Failed count: 130494
        128B: 5 Subsections = 640 buckets. Failed count: 358554
    [ALLOC_GFX_MAIN]
      Peak usage frame count: [128.0 KB-256.0 KB]: 46 frames, [1.0 MB-2.0 MB]: 1 frames, [2.0 MB-4.0 MB]: 936 frames, [4.0 MB-8.0 MB]: 1044 frames, [8.0 MB-16.0 MB]: 2 frames, [16.0 MB-32.0 MB]: 2351 frames, [32.0 MB-64.0 MB]: 3050 frames, [64.0 MB-128.0 MB]: 1 frames, [128.0 MB-256.0 MB]: 1 frames
      Requested Block Size 16.0 MB
      Peak Block count 4
      Peak Allocated memory 147.5 MB
      Peak Large allocation bytes 117.3 MB
    [ALLOC_GFX_THREAD]
      Peak usage frame count: [8.0 KB-16.0 KB]: 984 frames, [16.0 KB-32.0 KB]: 983 frames, [128.0 KB-256.0 KB]: 1 frames, [0.5 MB-1.0 MB]: 2389 frames, [2.0 MB-4.0 MB]: 272 frames, [4.0 MB-8.0 MB]: 2803 frames
      Requested Block Size 16.0 MB
      Peak Block count 1
      Peak Allocated memory 7.1 MB
      Peak Large allocation bytes 0 B
[ALLOC_CACHEOBJECTS] Dual Thread Allocator
  Peak main deferred allocation count 46
    [ALLOC_BUCKET]
      Large Block size 4.0 MB
      Used Block count 1
      Peak Allocated bytes 4.0 MB
      Failed Allocations. Bucket layout:
        16B: 140 Subsections = 143360 buckets. Failed count: 1150551
        32B: 41 Subsections = 20992 buckets. Failed count: 824957
        48B: 21 Subsections = 7168 buckets. Failed count: 1100851
        64B: 20 Subsections = 5120 buckets. Failed count: 295845
        80B: 18 Subsections = 3686 buckets. Failed count: 223014
        96B: 6 Subsections = 1024 buckets. Failed count: 304258
        112B: 5 Subsections = 731 buckets. Failed count: 130494
        128B: 5 Subsections = 640 buckets. Failed count: 358554
    [ALLOC_CACHEOBJECTS_MAIN]
      Peak usage frame count: [32.0 MB-64.0 MB]: 46 frames, [64.0 MB-128.0 MB]: 1 frames, [256.0 MB-0.50 GB]: 7385 frames
      Requested Block Size 4.0 MB
      Peak Block count 68
      Peak Allocated memory 316.1 MB
      Peak Large allocation bytes 85.1 MB
    [ALLOC_CACHEOBJECTS_THREAD]
      Peak usage frame count: [4.0 MB-8.0 MB]: 7432 frames
      Requested Block Size 4.0 MB
      Peak Block count 2
      Peak Allocated memory 7.2 MB
      Peak Large allocation bytes 2.2 MB
[ALLOC_TYPETREE] Dual Thread Allocator
  Peak main deferred allocation count 0
    [ALLOC_BUCKET]
      Large Block size 4.0 MB
      Used Block count 1
      Peak Allocated bytes 4.0 MB
      Failed Allocations. Bucket layout:
        16B: 140 Subsections = 143360 buckets. Failed count: 1150551
        32B: 41 Subsections = 20992 buckets. Failed count: 824957
        48B: 21 Subsections = 7168 buckets. Failed count: 1100851
        64B: 20 Subsections = 5120 buckets. Failed count: 295845
        80B: 18 Subsections = 3686 buckets. Failed count: 223014
        96B: 6 Subsections = 1024 buckets. Failed count: 304258
        112B: 5 Subsections = 731 buckets. Failed count: 130494
        128B: 5 Subsections = 640 buckets. Failed count: 358554
    [ALLOC_TYPETREE_MAIN]
      Peak usage frame count: [8.0 KB-16.0 KB]: 47 frames, [128.0 KB-256.0 KB]: 7385 frames
      Requested Block Size 2.0 MB
      Peak Block count 1
      Peak Allocated memory 152.9 KB
      Peak Large allocation bytes 0 B
    [ALLOC_TYPETREE_THREAD]
      Peak usage frame count: [8.0 KB-16.0 KB]: 7432 frames
      Requested Block Size 2.0 MB
      Peak Block count 1
      Peak Allocated memory 14.0 KB
      Peak Large allocation bytes 0 B
